persistence_var,affect_var,n,n_groups,beta_persistence,se_persistence,z_persistence,p_persistence,group_var,log_likelihood,converged,optimizer
neg_persist_crossrun_mean_z_L,PA_score,83,7,-1.1369300585444142,0.5847928476951689,-1.9441586247598126,0.051876325497148844,0.32495981611105146,-83.87311245938801,True,lbfgs
neg_persist_crossrun_mean_z_L,NA_score,83,7,0.3601612327560144,0.14501884406639004,2.4835478111460576,0.013008087102831979,0.01000972936922448,20.9306271365962,True,powell
neg_persist_crossrun_mean_z_L,NA_score_log,83,7,1.9172361302086531,1.3723479902060138,1.397048083934485,0.16239911209615032,2.1718527009448853e-10,-149.25504211624732,True,powell
neg_persist_crossrun_mean_z_L,C5SPGP,83,7,-1.4419816794798952,0.6058585126004825,-2.380063413305166,0.017309658993799524,0.21555616115991347,-82.19244959256073,True,lbfgs
neg_persist_crossrun_mean_z_L,C5SPGN,83,7,0.003931547064537625,0.2798183062673667,0.014050356879728332,0.9887898060118979,0.08392416051631216,-34.924730602040825,True,lbfgs
neg_persist_crossrun_mean_z_L,C5SPGN_log,83,7,-0.0035389993804783,0.13975272073452147,-0.025323295044832016,0.97979709312871,0.017885863634060462,19.905027516965944,True,lbfgs
neg_persist_crossrun_mean_z_R,PA_score,83,7,-0.7743746410682205,0.576997467170654,-1.342076326375259,0.17957124891229048,0.40034497016188764,-85.06154292026733,True,lbfgs
neg_persist_crossrun_mean_z_R,NA_score,83,7,0.02963082761824283,0.16441787436810812,0.1802165837024729,0.8569825396699333,0.012630249915326824,18.0543559976079,True,lbfgs
neg_persist_crossrun_mean_z_R,NA_score_log,83,7,0.9245564664626645,1.5051950152824145,0.61424364090735,0.5390543389696394,2.079881785631696e-09,-149.95319980819576,True,powell
neg_persist_crossrun_mean_z_R,C5SPGP,83,7,-0.9868079043837051,0.6660696747308475,-1.48153855643175,0.13846311845952855,0.34278750692900584,-83.99003745665473,True,lbfgs
neg_persist_crossrun_mean_z_R,C5SPGN,83,7,-0.3043544954620666,0.31328995496133594,-0.9714786275213577,0.3313099909599798,0.08564714627495232,-34.33246329872944,True,lbfgs
neg_persist_crossrun_mean_z_R,C5SPGN_log,83,7,-0.1893075396273834,0.15504252634684207,-1.2210039663820225,0.22208451802776485,0.018614304689671523,20.751315957356837,True,lbfgs
neg_persist_crossrun_mean_z_bilateral,PA_score,83,7,-1.4415016989242444,0.6667390380101643,-2.1620178461820756,0.030616800637786934,0.35437098635646447,-83.27419854126887,True,lbfgs
neg_persist_crossrun_mean_z_bilateral,NA_score,83,7,0.32739557858443274,0.20123657706237716,1.6269188403207144,0.10375433600568076,0.01155383764814773,19.56069943805298,True,powell
neg_persist_crossrun_mean_z_bilateral,NA_score_log,83,7,2.559965801532331,1.9064538111079214,1.3427893120812753,0.17934020515921822,0.02102734125600892,-149.0014295547285,True,powell
neg_persist_crossrun_mean_z_bilateral,C5SPGP,83,7,-2.055438467210963,0.7230718816510523,-2.842647486882775,0.004474052517648363,0.2656052785858432,-80.74698434034113,True,lbfgs
neg_persist_crossrun_mean_z_bilateral,C5SPGN,83,7,-0.32713739615282184,0.36708904258926134,-0.8911663335014287,0.3728399427724144,0.08460831669758988,-34.24512669314811,True,lbfgs
neg_persist_crossrun_mean_z_bilateral,C5SPGN_log,83,7,-0.19750535756814747,0.18417871804090247,-1.072357108731126,0.28355966504545216,0.018277083131138627,20.762393926725935,True,lbfgs
pos_persist_crossrun_mean_z_L,PA_score,83,7,-0.44586727169721235,0.3873399558618679,-1.1511006415672136,0.24969083410431836,0.40228051422692324,-85.70728955568947,True,lbfgs
pos_persist_crossrun_mean_z_L,NA_score,83,7,0.05512344785234991,0.12021225201413013,0.45855099566615326,0.646556634011973,0.012192490495508369,17.828386221669675,True,powell
pos_persist_crossrun_mean_z_L,NA_score_log,83,7,-0.6008642258141329,1.1496626591102141,-0.5226439434670115,0.6012220544333202,2.022593791752054e-10,-150.28350699246877,True,powell
pos_persist_crossrun_mean_z_L,C5SPGP,83,7,-0.572339277098877,0.44646248462046834,-1.2819425972272112,0.1998627835717537,0.33639212646032485,-84.6400667156336,True,lbfgs
pos_persist_crossrun_mean_z_L,C5SPGN,83,7,-0.04104336131945819,0.23754716666266207,-0.17277983945707667,0.8628244844813688,0.08243635316569169,-35.145670351027235,True,lbfgs
pos_persist_crossrun_mean_z_L,C5SPGN_log,83,7,-0.06885289194561829,0.12024440093123324,-0.5726078837133937,0.5669102205479967,0.016661614643985814,19.843218302265,True,lbfgs
pos_persist_crossrun_mean_z_R,PA_score,83,7,0.7490731335219262,0.5090254442939439,1.4715828882796738,0.14113354921367327,0.33144186757620697,-84.9973865097987,True,lbfgs
pos_persist_crossrun_mean_z_R,NA_score,83,7,-0.12812324773859116,0.12665796599202087,-1.011568808444805,0.31174426593521465,0.010706990277517333,18.27192348461844,True,powell
pos_persist_crossrun_mean_z_R,NA_score_log,83,7,-0.2614847235145845,1.1648516201608743,-0.2244789971434058,0.8223846077848785,2.0346192705877022e-10,-150.3780897896261,True,powell
pos_persist_crossrun_mean_z_R,C5SPGP,83,7,0.06905205252185016,0.5490953275495473,0.1257560373533124,0.8999250425237717,0.2977208485716367,-85.3140853111789,True,lbfgs
pos_persist_crossrun_mean_z_R,C5SPGN,83,7,-0.3204123929378617,0.2446904982055704,-1.309459890300585,0.19037861584885363,0.07690738204420683,-34.22003229917985,True,lbfgs
pos_persist_crossrun_mean_z_R,C5SPGN_log,83,7,-0.20520228292613804,0.11883636305463344,-1.7267634051691654,0.0842101632019062,0.01584450456316273,21.231535324574054,True,lbfgs
pos_persist_crossrun_mean_z_bilateral,PA_score,83,7,-0.18801984852791764,0.596468170225718,-0.3152219312168265,0.7525931550555219,0.38976996861632157,-85.97937615193106,True,lbfgs
pos_persist_crossrun_mean_z_bilateral,NA_score,83,7,-0.04475187612042001,0.16135742434126588,-0.27734624733331886,0.7815142515491189,0.011964348907026705,18.04762404835749,True,powell
pos_persist_crossrun_mean_z_bilateral,NA_score_log,83,7,-0.8561820593637819,1.5660815753338464,-0.5467033600604534,0.584582545415429,2.0259002078183484e-10,-149.96998358801395,True,powell
pos_persist_crossrun_mean_z_bilateral,C5SPGP,83,7,-0.9640835902897297,0.6591234174768428,-1.462675372664333,0.14355622805264176,0.36858472135338616,-84.28169521657074,True,lbfgs
pos_persist_crossrun_mean_z_bilateral,C5SPGN,83,7,-0.30124139243450027,0.34222754202951045,-0.8802371388581112,0.3787308582118969,0.07386209832826016,-34.47908042654706,True,lbfgs
pos_persist_crossrun_mean_z_bilateral,C5SPGN_log,83,7,-0.23962801110070656,0.16799778495701828,-1.4263760153862424,0.15375983311288663,0.013806055256409289,21.02045682454478,True,lbfgs
neg_persist_concat_z_L,PA_score,84,7,-0.26828446748515916,0.19233769883423793,-1.3948615851766757,0.16305758323329556,0.3509324290558191,-88.25688769069012,True,lbfgs
neg_persist_concat_z_L,NA_score,84,7,0.07296843485824431,0.057821908708533036,1.2619513345030071,0.2069662983999443,0.012675847288016486,18.170000029082473,True,lbfgs
neg_persist_concat_z_L,NA_score_log,84,7,0.2829012925937499,0.5652120835522297,0.5005223717366045,0.6167073075466623,2.1269186875625265e-10,-153.85392447256663,True,powell
neg_persist_concat_z_L,C5SPGP,84,7,-0.3287549357107197,0.20845923164301922,-1.5770706488725028,0.11477926991366305,0.2770523572505636,-86.81209318270507,True,lbfgs
neg_persist_concat_z_L,C5SPGN,84,7,-0.006898284631646741,0.11624607836741632,-0.05934208472687991,0.9526796413923188,0.058664213852255225,-37.69159654070461,True,lbfgs
neg_persist_concat_z_L,C5SPGN_log,84,7,-0.010387848566270192,0.058337167971013154,-0.1780656985514236,0.8586713800742508,0.009959830669021974,17.773133998886138,True,powell
neg_persist_concat_z_R,PA_score,84,7,-0.11374905386906728,0.21609599696006512,-0.5263820499649898,0.5986227848327497,0.3601913274686435,-89.02729115235391,True,lbfgs
neg_persist_concat_z_R,NA_score,84,7,0.08867122533632255,0.05687037233036057,1.5591813751672048,0.11895345773741128,0.015502317442626264,18.555471638421196,True,lbfgs
neg_persist_concat_z_R,NA_score_log,84,7,0.68698805037711,0.5666979739473669,1.2122648782240313,0.22541100362711042,2.08904688776842e-10,-153.2386467046009,True,powell
neg_persist_concat_z_R,C5SPGP,84,7,0.031141419069513836,0.23755917781870597,0.131089101062976,0.895704822852277,0.27859016523208424,-88.00327289451715,True,lbfgs
neg_persist_concat_z_R,C5SPGN,84,7,0.1098283071764572,0.11841763015726459,0.9274658429711832,0.3536847183553815,0.06102419354590334,-37.23949485525324,True,lbfgs
neg_persist_concat_z_R,C5SPGN_log,84,7,0.043104726001113106,0.05956743026746071,0.7236291007950276,0.46929347065581084,0.010179840670971706,18.04347435208868,True,powell
neg_persist_concat_z_bilateral,PA_score,84,7,-0.2582450027732854,0.20966987338926713,-1.231674339278276,0.21807075909561568,0.3583713527443813,-88.3936571294845,True,lbfgs
neg_persist_concat_z_bilateral,NA_score,84,7,0.10739575704437737,0.06361627365788138,1.688180568732073,0.09137657207931321,0.014016054687714913,18.902929586164163,True,lbfgs
neg_persist_concat_z_bilateral,NA_score_log,84,7,0.7253561608002425,0.6586160774962031,1.1013338203916287,0.27075139683763016,2.0597914853132147e-10,-153.21615726404787,True,powell
neg_persist_concat_z_bilateral,C5SPGP,84,7,-0.2517147866852966,0.23183506929474137,-1.0857493969787693,0.2775898798166223,0.293002858499401,-87.3668532283487,True,lbfgs
neg_persist_concat_z_bilateral,C5SPGN,84,7,0.0957318354079794,0.13198395714222252,0.725329331540054,0.4682500154737145,0.05885295059861844,-37.29967090924919,True,lbfgs
neg_persist_concat_z_bilateral,C5SPGN_log,84,7,0.03772328475425165,0.06736365579132657,0.559994618924894,0.5754831080895907,0.009773543438843658,18.058123196896602,True,lbfgs
