persistence_var,affect_var,n,n_groups,beta_persistence,se_persistence,z_persistence,p_persistence,p_persistence_one_tailed,group_var,log_likelihood,converged,optimizer,tier
neg_persist_crossrun_mean_z_L,PA_score,94,8,-1.0592628460907072,0.5039399668162508,-2.1019623682218107,0.03555657241541526,0.01777828620770763,0.34111919920291844,-93.96307866670492,True,lbfgs,primary
neg_persist_crossrun_mean_z_L,NA_score,94,8,0.28741835460627124,0.16454867369246431,1.746707209220331,0.08068813921910395,0.040344069609551975,0.025344507014980984,7.463240135726778,True,lbfgs,primary
neg_persist_crossrun_mean_z_L,NA_score_log,94,8,1.3723891372497754,1.2746987840185975,1.0766379904460257,0.2816420250329309,0.14082101251646545,1.9235549149074442e-10,-165.83170276374113,True,powell,sensitivity
neg_persist_crossrun_mean_z_L,C5SPGP,152,8,-0.758673897164658,0.39519294549421474,-1.9197556682493067,0.05488876895396073,0.027444384476980364,0.017603696812613968,-145.15383949992082,True,powell,sensitivity
neg_persist_crossrun_mean_z_L,C5SPGN,152,8,-0.20920974852467752,0.28915108156142894,-0.7235309216031128,0.469353763831749,0.2346768819158745,1.7885882933332772e-11,-88.97803098162615,True,powell,sensitivity
neg_persist_crossrun_mean_z_L,C5SPGN_log,152,8,-0.09136279667308823,0.12641925587856107,-0.7226968394818885,0.46986615772684326,0.23493307886342163,3.5765787250223155e-12,25.02245698261993,True,powell,sensitivity
neg_persist_crossrun_mean_z_R,PA_score,94,8,-0.04043665869368782,0.5304073360732038,-0.07623698984455031,0.9392305546668467,0.46961527733342334,0.3698598478494874,-96.18275062050321,True,lbfgs,secondary
neg_persist_crossrun_mean_z_R,NA_score,94,8,-0.12078572096941993,0.17511025452738843,-0.6897695471656585,0.4903391222033917,0.24516956110169585,0.027094108445421906,6.225993848551127,True,lbfgs,secondary
neg_persist_crossrun_mean_z_R,NA_score_log,94,8,0.1036618548808183,1.3507722936511355,0.07674265704741431,0.9388282691645444,0.4694141345822722,1.9954577994029086e-10,-166.35690586858954,True,powell,sensitivity
neg_persist_crossrun_mean_z_R,C5SPGP,152,8,-0.6818901959938528,0.43261466121784553,-1.5762068582564361,0.1149781384949144,0.0574890692474572,0.03389550646549213,-145.64938086431113,True,powell,sensitivity
neg_persist_crossrun_mean_z_R,C5SPGN,152,8,0.09545211601939989,0.2932587631504145,0.3254876853260198,0.7448120013590223,0.37240600067951113,9.28114370449694e-10,-89.13864239175717,True,powell,sensitivity
neg_persist_crossrun_mean_z_R,C5SPGN_log,152,8,0.0036179908550801254,0.13289189692822034,0.027225067432323065,0.9782802221941774,0.4891401110970887,3.492437167026689e-05,24.831068657185597,True,powell,sensitivity
neg_persist_crossrun_mean_z_bilateral,PA_score,94,8,-1.110882185790802,0.6420896416604754,-1.7301045114479747,0.08361160435150261,0.041805802175751305,0.35681722714146175,-94.47482556394004,True,lbfgs,sensitivity
neg_persist_crossrun_mean_z_bilateral,NA_score,94,8,0.1109887674626291,0.21526129469051905,0.5156002040320232,0.6061336677833475,0.30306683389167377,0.027800728953659735,6.3399800954010175,True,lbfgs,sensitivity
neg_persist_crossrun_mean_z_bilateral,NA_score_log,94,8,1.243169443814278,1.7447069701700584,0.712537672554323,0.4761318917372924,0.2380659458686462,0.008798023973212622,-165.85067985324315,True,lbfgs,sensitivity
neg_persist_crossrun_mean_z_bilateral,C5SPGP,152,8,-1.4803748031832709,0.524454408111032,-2.8226949383746267,0.004762186103949645,0.0023810930519748224,0.010802505796285047,-142.7992487571442,True,powell,sensitivity
neg_persist_crossrun_mean_z_bilateral,C5SPGN,152,8,-0.2461509885751657,0.3775001097334026,-0.6520554093322039,0.5143654282480286,0.2571827141240143,1.7991457870270362e-11,-88.75356031379368,True,powell,sensitivity
neg_persist_crossrun_mean_z_bilateral,C5SPGN_log,152,8,-0.13471265519172632,0.16700737044403718,-0.8066270059432343,0.419881409867898,0.209940704933949,1.732600841997429e-08,25.37700160990363,True,lbfgs,sensitivity
pos_persist_crossrun_mean_z_L,PA_score,94,8,-0.3025785594499312,0.3959940974478863,-0.7640986605608464,0.44480845045505224,0.22240422522752612,0.3791635112841236,-96.2045105317136,True,lbfgs,sensitivity
pos_persist_crossrun_mean_z_L,NA_score,94,8,0.086126287640239,0.13359137237918053,0.6446994750213473,0.5191219565961718,0.2595609782980859,0.027212617920116224,5.928726274725989,True,lbfgs,sensitivity
pos_persist_crossrun_mean_z_L,NA_score_log,94,8,-0.4114158671571933,1.0737909035354323,-0.38314337158437073,0.7016134628912957,0.35080673144564783,2.0594743890618637e-10,-166.51941432726852,True,powell,sensitivity
pos_persist_crossrun_mean_z_L,C5SPGP,152,8,-0.11458738955598614,0.3916780369347311,-0.2925550547912925,0.7698622723558272,0.3849311361779136,0.038981972030145466,-146.97792234542993,True,powell,sensitivity
pos_persist_crossrun_mean_z_L,C5SPGN,152,8,-0.34450561799388296,0.25290213994663036,-1.3622091852073042,0.17313187789164586,0.08656593894582293,1.739421733706206e-11,-88.41043707071623,True,powell,sensitivity
pos_persist_crossrun_mean_z_L,C5SPGN_log,152,8,-0.19201918617384395,0.11416304544884875,-1.681973228892873,0.09257403125687398,0.04628701562843699,3.5274207537000847e-12,26.091323141635144,True,powell,sensitivity
pos_persist_crossrun_mean_z_R,PA_score,94,8,0.9449986741859834,0.4778997758397298,1.9773992831980352,0.04799651494256644,0.02399825747128322,0.3167723400113871,-94.28635392940055,True,lbfgs,sensitivity
pos_persist_crossrun_mean_z_R,NA_score,94,8,-0.14043407046051484,0.1450992692691939,-0.9678482267197088,0.3331201742212134,0.1665600871106067,0.02595685238872212,6.2487311467529025,True,lbfgs,sensitivity
pos_persist_crossrun_mean_z_R,NA_score_log,94,8,-0.31107262345075964,1.1118050085607687,-0.27979062970173435,0.7796381411233394,0.3898190705616697,2.0197639726940594e-10,-166.51816204949586,True,powell,sensitivity
pos_persist_crossrun_mean_z_R,C5SPGP,152,8,0.09635346263884356,0.4099327273585233,0.23504701188342478,0.8141722449437064,0.4070861224718532,0.031156952726017626,-146.9207681978466,True,powell,sensitivity
pos_persist_crossrun_mean_z_R,C5SPGN,152,8,-0.1500390169359471,0.2735994208148541,-0.5483893806832257,0.5834245665340339,0.2917122832670169,1.2696660601657046e-09,-89.1102355013324,True,powell,sensitivity
pos_persist_crossrun_mean_z_R,C5SPGN_log,152,8,-0.09261799646826695,0.12378786795495901,-0.7481993025517378,0.4543399516392985,0.22716997581964926,1.3896484653336261e-05,25.041177488017013,True,lbfgs,sensitivity
pos_persist_crossrun_mean_z_bilateral,PA_score,94,8,0.19456311115845384,0.5667042666015161,0.343323886240057,0.7313548130405811,0.36567740652029057,0.35814608332275183,-96.18929266946242,True,lbfgs,sensitivity
pos_persist_crossrun_mean_z_bilateral,NA_score,94,8,-0.02819751916903496,0.1718131328219751,-0.16411736813071173,0.8696387494052965,0.43481937470264825,0.02741428785842476,5.982473330668029,True,lbfgs,sensitivity
pos_persist_crossrun_mean_z_bilateral,NA_score_log,94,8,-0.7265849918744257,1.4413116667030488,-0.5041137240888809,0.6141814632890727,0.3070907316445364,1.9407876350421852e-10,-166.1800902100676,True,powell,sensitivity
pos_persist_crossrun_mean_z_bilateral,C5SPGP,152,8,-0.1719255307099405,0.5410801194397572,-0.31774505204137765,0.7506783342077427,0.37533916710387133,0.039348490359543215,-146.64601857318092,True,powell,sensitivity
pos_persist_crossrun_mean_z_bilateral,C5SPGN,152,8,-0.5071811726979489,0.3493773136963098,-1.4516717394501677,0.14659290084197005,0.07329645042098502,1.928055178648676e-11,-87.96285546408131,True,powell,sensitivity
pos_persist_crossrun_mean_z_bilateral,C5SPGN_log,152,8,-0.2871302857140134,0.15759839797577008,-1.8219111958115093,0.06846846126027997,0.034234230630139986,3.5470894233967637e-12,26.65424004662958,True,powell,sensitivity
neg_persist_concat_z_L,PA_score,95,8,-0.18456707259312558,0.18853222985058374,-0.9789682790014171,0.32759565318149964,0.16379782659074982,0.3415619876805433,-98.77838468808551,True,lbfgs,sensitivity
neg_persist_concat_z_L,NA_score,95,8,0.049089589882380325,0.059455983739320435,0.82564591139572,0.4090049831234577,0.20450249156172884,0.02818966495701117,5.781534450071575,True,lbfgs,sensitivity
neg_persist_concat_z_L,NA_score_log,95,8,0.18567921431902606,0.5183155290905475,0.3582358696541942,0.7201668059797285,0.36008340298986424,2.0592250432680673e-10,-170.22655123000922,True,powell,sensitivity
neg_persist_concat_z_L,C5SPGP,150,8,-0.17086418975134318,0.15626620422948945,-1.0934174192931405,0.2742105688267652,0.1371052844133826,0.057039843982705694,-143.79422262768776,True,powell,sensitivity
neg_persist_concat_z_L,C5SPGN,150,8,-0.05997510480539997,0.11373755366652338,-0.5273113661407381,0.5979773824863039,0.29898869124315197,1.7258803311758758e-11,-88.05717608285306,True,powell,sensitivity
neg_persist_concat_z_L,C5SPGN_log,150,8,-0.032055196701242426,0.05027897388171578,-0.6375467561580342,0.5237687645029505,0.26188438225147526,3.5284712449783546e-12,24.605376211994326,True,powell,sensitivity
neg_persist_concat_z_R,PA_score,95,8,0.03410461528701143,0.17881921509190865,0.19072120000908463,0.8487440283577415,0.42437201417887077,0.33635538268781207,-99.31449017195513,True,lbfgs,sensitivity
neg_persist_concat_z_R,NA_score,95,8,0.06361726141161311,0.05318663520764171,1.196113669594815,0.23165220392953945,0.11582610196476972,0.03001610293885638,6.032315996746064,True,lbfgs,sensitivity
neg_persist_concat_z_R,NA_score_log,95,8,0.5386579626652871,0.5018177047077271,1.0734136273231267,0.2830855729568631,0.14154278647843155,1.9705945808029465e-10,-169.74263729390842,True,powell,sensitivity
neg_persist_concat_z_R,C5SPGP,150,8,0.09326290053522193,0.173464183371298,0.5376493217368903,0.5908191726265946,0.2954095863132973,0.060452558915838894,-144.14252198210227,True,powell,sensitivity
neg_persist_concat_z_R,C5SPGN,150,8,0.12560956712947,0.11977186583636362,1.0487401715949056,0.2942977199732789,0.14714885998663946,1.7527186384217246e-11,-87.55156023618662,True,powell,sensitivity
neg_persist_concat_z_R,C5SPGN_log,150,8,0.04949626773380163,0.053941782307051996,0.9175868059393137,0.35883522801395895,0.17941761400697948,4.7586062297199006e-12,24.913328566222503,True,powell,sensitivity
neg_persist_concat_z_bilateral,PA_score,95,8,-0.10194179722152699,0.19503700408437258,-0.5226792613027792,0.6011974725635283,0.30059873628176415,0.3378627406005925,-99.0946477887959,True,lbfgs,sensitivity
neg_persist_concat_z_bilateral,NA_score,95,8,0.07369386357351898,0.059126102890590185,1.2463845910812976,0.21262323551128282,0.10631161775564141,0.02929576640252475,6.213947420722121,True,lbfgs,sensitivity
neg_persist_concat_z_bilateral,NA_score_log,95,8,0.517458713011555,0.5801457077016252,0.8919461199869624,0.3724218127112866,0.1862109063556433,0.0013225692960037916,-169.7761665716246,True,powell,sensitivity
neg_persist_concat_z_bilateral,C5SPGP,150,8,-0.07566531578624604,0.1873657571441815,-0.4038374831107487,0.6863322310110044,0.3431661155055022,0.05855112106528682,-144.1307638300957,True,powell,sensitivity
neg_persist_concat_z_bilateral,C5SPGN,150,8,0.04049292344543958,0.13007591234082808,0.3113022443335937,0.7555708612659474,0.3777854306329737,1.7805618742780578e-11,-87.98308558221942,True,powell,sensitivity
neg_persist_concat_z_bilateral,C5SPGN_log,150,8,0.011568530573933403,0.05867956138851535,0.19714752973933397,0.8437120898772258,0.4218560449386129,8.378150117493131e-12,24.58797495537766,True,powell,sensitivity
