fc_var,condition,seed_target,affect_var,n,r,p,tier
l_amyg-ant_vmPFC_neg,neg,l_amyg-ant_vmPFC,PA_score,82,0.1351648525926832,0.2259932517675535,primary
l_amyg-ant_vmPFC_neg,neg,l_amyg-ant_vmPFC,NA_score,82,-0.04500575804852338,0.6880583502246049,primary
l_amyg-ant_vmPFC_neg,neg,l_amyg-ant_vmPFC,NA_score_log,82,-0.04849947304738834,0.6652371538207057,sensitivity
l_amyg-ant_vmPFC_neg,neg,l_amyg-ant_vmPFC,C5SPGP,130,0.11050622286540132,0.2107036029220639,sensitivity
l_amyg-ant_vmPFC_neg,neg,l_amyg-ant_vmPFC,C5SPGN,130,-0.24293763510697614,0.00535256599327213,sensitivity
l_amyg-ant_vmPFC_neg,neg,l_amyg-ant_vmPFC,C5SPGN_log,130,-0.25918040170063605,0.002904911645025132,sensitivity
l_amyg-ant_vmPFC_neu,neu,l_amyg-ant_vmPFC,PA_score,82,-0.025226593992448587,0.8220062181693356,sensitivity
l_amyg-ant_vmPFC_neu,neu,l_amyg-ant_vmPFC,NA_score,82,0.06352206751840117,0.5707419234529044,sensitivity
l_amyg-ant_vmPFC_neu,neu,l_amyg-ant_vmPFC,NA_score_log,82,0.09026673470076976,0.4199547839182057,sensitivity
l_amyg-ant_vmPFC_neu,neu,l_amyg-ant_vmPFC,C5SPGP,130,0.08431962429503036,0.3401817246486468,sensitivity
l_amyg-ant_vmPFC_neu,neu,l_amyg-ant_vmPFC,C5SPGN,130,-0.06258562485244812,0.4793254739402812,sensitivity
l_amyg-ant_vmPFC_neu,neu,l_amyg-ant_vmPFC,C5SPGN_log,130,-0.0698782612125119,0.42952420774054006,sensitivity
l_amyg-ant_vmPFC_pos,pos,l_amyg-ant_vmPFC,PA_score,82,-0.09467390659321943,0.3975248877774568,sensitivity
l_amyg-ant_vmPFC_pos,pos,l_amyg-ant_vmPFC,NA_score,82,0.17818897128728145,0.10923418337994625,sensitivity
l_amyg-ant_vmPFC_pos,pos,l_amyg-ant_vmPFC,NA_score_log,82,0.17019193861873128,0.126346324331948,sensitivity
l_amyg-ant_vmPFC_pos,pos,l_amyg-ant_vmPFC,C5SPGP,130,-0.023971817650437446,0.7866064731041068,sensitivity
l_amyg-ant_vmPFC_pos,pos,l_amyg-ant_vmPFC,C5SPGN,130,0.023084875717046517,0.7943233186372058,sensitivity
l_amyg-ant_vmPFC_pos,pos,l_amyg-ant_vmPFC,C5SPGN_log,130,0.023725935565621636,0.7887437329341407,sensitivity
l_amyg-ant_vmPFC_neg_vs_neu,neg_vs_neu,l_amyg-ant_vmPFC,PA_score,82,0.14064910470171643,0.20754137528564207,sensitivity
l_amyg-ant_vmPFC_neg_vs_neu,neg_vs_neu,l_amyg-ant_vmPFC,NA_score,82,-0.10013239725064134,0.3707498829955558,sensitivity
l_amyg-ant_vmPFC_neg_vs_neu,neg_vs_neu,l_amyg-ant_vmPFC,NA_score_log,82,-0.12899810424927266,0.24807900655290166,sensitivity
l_amyg-ant_vmPFC_neg_vs_neu,neg_vs_neu,l_amyg-ant_vmPFC,C5SPGP,130,0.01830177767085099,0.8362642452651903,sensitivity
l_amyg-ant_vmPFC_neg_vs_neu,neg_vs_neu,l_amyg-ant_vmPFC,C5SPGN,130,-0.15901062942094524,0.07076152145061307,sensitivity
l_amyg-ant_vmPFC_neg_vs_neu,neg_vs_neu,l_amyg-ant_vmPFC,C5SPGN_log,130,-0.16663532174754017,0.05811154769076325,sensitivity
l_amyg-ant_vmPFC_neg_vs_pos,neg_vs_pos,l_amyg-ant_vmPFC,PA_score,82,0.19504943863610186,0.07908144682239678,sensitivity
l_amyg-ant_vmPFC_neg_vs_pos,neg_vs_pos,l_amyg-ant_vmPFC,NA_score,82,-0.1918655911330948,0.08419877798251343,sensitivity
l_amyg-ant_vmPFC_neg_vs_pos,neg_vs_pos,l_amyg-ant_vmPFC,NA_score_log,82,-0.18786912609612114,0.09099049528790334,sensitivity
l_amyg-ant_vmPFC_neg_vs_pos,neg_vs_pos,l_amyg-ant_vmPFC,C5SPGP,130,0.12078543268597888,0.17103610494145313,sensitivity
l_amyg-ant_vmPFC_neg_vs_pos,neg_vs_pos,l_amyg-ant_vmPFC,C5SPGN,130,-0.2387141168400996,0.006235541388993468,sensitivity
l_amyg-ant_vmPFC_neg_vs_pos,neg_vs_pos,l_amyg-ant_vmPFC,C5SPGN_log,130,-0.25385723003417776,0.0035641729138933312,sensitivity
l_amyg-post_vmPFC_neg,neg,l_amyg-post_vmPFC,PA_score,82,0.07859063659934315,0.4827854112828409,primary
l_amyg-post_vmPFC_neg,neg,l_amyg-post_vmPFC,NA_score,82,-0.009336812393253804,0.9336509694380115,primary
l_amyg-post_vmPFC_neg,neg,l_amyg-post_vmPFC,NA_score_log,82,-0.05163810300441915,0.644990971352004,sensitivity
l_amyg-post_vmPFC_neg,neg,l_amyg-post_vmPFC,C5SPGP,130,0.05626047240227968,0.5249221007280901,sensitivity
l_amyg-post_vmPFC_neg,neg,l_amyg-post_vmPFC,C5SPGN,130,-0.18338328544973065,0.03675797846216581,sensitivity
l_amyg-post_vmPFC_neg,neg,l_amyg-post_vmPFC,C5SPGN_log,130,-0.20182991326526384,0.021293452678262055,sensitivity
l_amyg-post_vmPFC_neu,neu,l_amyg-post_vmPFC,PA_score,82,-0.02164125900607336,0.8469715019813371,sensitivity
l_amyg-post_vmPFC_neu,neu,l_amyg-post_vmPFC,NA_score,82,0.17743424180590373,0.11076795306246803,sensitivity
l_amyg-post_vmPFC_neu,neu,l_amyg-post_vmPFC,NA_score_log,82,0.1998181665724647,0.07188426039415025,sensitivity
l_amyg-post_vmPFC_neu,neu,l_amyg-post_vmPFC,C5SPGP,130,-0.06098457866384754,0.4906612589495739,sensitivity
l_amyg-post_vmPFC_neu,neu,l_amyg-post_vmPFC,C5SPGN,130,0.10276087667586849,0.24465872289687565,sensitivity
l_amyg-post_vmPFC_neu,neu,l_amyg-post_vmPFC,C5SPGN_log,130,0.07331846750328154,0.4071033785281804,sensitivity
l_amyg-post_vmPFC_pos,pos,l_amyg-post_vmPFC,PA_score,82,-0.08178286088675943,0.4651268327522279,sensitivity
l_amyg-post_vmPFC_pos,pos,l_amyg-post_vmPFC,NA_score,82,0.2509698683498638,0.02294975950064227,sensitivity
l_amyg-post_vmPFC_pos,pos,l_amyg-post_vmPFC,NA_score_log,82,0.2695182913645858,0.014340518973956884,sensitivity
l_amyg-post_vmPFC_pos,pos,l_amyg-post_vmPFC,C5SPGP,130,0.004187085663935525,0.9622906713788334,sensitivity
l_amyg-post_vmPFC_pos,pos,l_amyg-post_vmPFC,C5SPGN,130,0.10392508193238356,0.23932597005606185,sensitivity
l_amyg-post_vmPFC_pos,pos,l_amyg-post_vmPFC,C5SPGN_log,130,0.10805102634486262,0.22108100665578992,sensitivity
l_amyg-post_vmPFC_neg_vs_neu,neg_vs_neu,l_amyg-post_vmPFC,PA_score,82,0.09120055133693922,0.415142264559446,sensitivity
l_amyg-post_vmPFC_neg_vs_neu,neg_vs_neu,l_amyg-post_vmPFC,NA_score,82,-0.1640906796411228,0.14072460997460542,sensitivity
l_amyg-post_vmPFC_neg_vs_neu,neg_vs_neu,l_amyg-post_vmPFC,NA_score_log,82,-0.22258822169556747,0.04443433865751641,sensitivity
l_amyg-post_vmPFC_neg_vs_neu,neg_vs_neu,l_amyg-post_vmPFC,C5SPGP,130,0.1053628185685556,0.23285279038421536,sensitivity
l_amyg-post_vmPFC_neg_vs_neu,neg_vs_neu,l_amyg-post_vmPFC,C5SPGN,130,-0.2608713880190252,0.002719797190423043,sensitivity
l_amyg-post_vmPFC_neg_vs_neu,neg_vs_neu,l_amyg-post_vmPFC,C5SPGN_log,130,-0.2529086740983566,0.0036948569128958763,sensitivity
l_amyg-post_vmPFC_neg_vs_pos,neg_vs_pos,l_amyg-post_vmPFC,PA_score,82,0.14350451445063994,0.19837055678771776,sensitivity
l_amyg-post_vmPFC_neg_vs_pos,neg_vs_pos,l_amyg-post_vmPFC,NA_score,82,-0.23089468588014334,0.03688520355954499,sensitivity
l_amyg-post_vmPFC_neg_vs_pos,neg_vs_pos,l_amyg-post_vmPFC,NA_score_log,82,-0.2855583651041875,0.009307913772108684,sensitivity
l_amyg-post_vmPFC_neg_vs_pos,neg_vs_pos,l_amyg-post_vmPFC,C5SPGP,130,0.0441621069410742,0.6178457030834219,sensitivity
l_amyg-post_vmPFC_neg_vs_pos,neg_vs_pos,l_amyg-post_vmPFC,C5SPGN,130,-0.24174716885181569,0.005589396354108389,sensitivity
l_amyg-post_vmPFC_neg_vs_pos,neg_vs_pos,l_amyg-post_vmPFC,C5SPGN_log,130,-0.2608009807683626,0.002727287058279903,sensitivity
r_amyg-ant_vmPFC_neg,neg,r_amyg-ant_vmPFC,PA_score,82,-5.619060849629265e-06,0.9999600247070523,secondary
r_amyg-ant_vmPFC_neg,neg,r_amyg-ant_vmPFC,NA_score,82,0.035397823533728986,0.7522158275960122,secondary
r_amyg-ant_vmPFC_neg,neg,r_amyg-ant_vmPFC,NA_score_log,82,0.16502921310465063,0.13843591645274683,sensitivity
r_amyg-ant_vmPFC_neg,neg,r_amyg-ant_vmPFC,C5SPGP,130,0.029270945345787003,0.7409559736398755,sensitivity
r_amyg-ant_vmPFC_neg,neg,r_amyg-ant_vmPFC,C5SPGN,130,-0.1930231199610919,0.027786926123027952,sensitivity
r_amyg-ant_vmPFC_neg,neg,r_amyg-ant_vmPFC,C5SPGN_log,130,-0.18799724289685332,0.03219888785592411,sensitivity
r_amyg-ant_vmPFC_neu,neu,r_amyg-ant_vmPFC,PA_score,82,-0.09116390159795969,0.4153305377668854,sensitivity
r_amyg-ant_vmPFC_neu,neu,r_amyg-ant_vmPFC,NA_score,82,0.11001815131976195,0.3251385289975473,sensitivity
r_amyg-ant_vmPFC_neu,neu,r_amyg-ant_vmPFC,NA_score_log,82,0.1225282517042177,0.2727965218960465,sensitivity
r_amyg-ant_vmPFC_neu,neu,r_amyg-ant_vmPFC,C5SPGP,130,0.10026591661438897,0.25636320315568867,sensitivity
r_amyg-ant_vmPFC_neu,neu,r_amyg-ant_vmPFC,C5SPGN,130,-0.05952623352172843,0.5011093118620782,sensitivity
r_amyg-ant_vmPFC_neu,neu,r_amyg-ant_vmPFC,C5SPGN_log,130,-0.06558150075995567,0.45849891173248103,sensitivity
r_amyg-ant_vmPFC_pos,pos,r_amyg-ant_vmPFC,PA_score,82,0.0018205763005536835,0.9870485589764578,sensitivity
r_amyg-ant_vmPFC_pos,pos,r_amyg-ant_vmPFC,NA_score,82,-0.0005222556120646343,0.996284566473355,sensitivity
r_amyg-ant_vmPFC_pos,pos,r_amyg-ant_vmPFC,NA_score_log,82,0.0736139964739618,0.5110124226090239,sensitivity
r_amyg-ant_vmPFC_pos,pos,r_amyg-ant_vmPFC,C5SPGP,130,-0.06366583044368146,0.47175790846371923,sensitivity
r_amyg-ant_vmPFC_pos,pos,r_amyg-ant_vmPFC,C5SPGN,130,-0.16702208191341722,0.05752291021599212,sensitivity
r_amyg-ant_vmPFC_pos,pos,r_amyg-ant_vmPFC,C5SPGN_log,130,-0.17490574674992104,0.04655329625834441,sensitivity
r_amyg-ant_vmPFC_neg_vs_neu,neg_vs_neu,r_amyg-ant_vmPFC,PA_score,82,0.0959048380116557,0.39138917269101586,sensitivity
r_amyg-ant_vmPFC_neg_vs_neu,neg_vs_neu,r_amyg-ant_vmPFC,NA_score,82,-0.08031771993295951,0.4731875534575539,sensitivity
r_amyg-ant_vmPFC_neg_vs_neu,neg_vs_neu,r_amyg-ant_vmPFC,NA_score_log,82,0.03626514775936136,0.7463470384303109,sensitivity
r_amyg-ant_vmPFC_neg_vs_neu,neg_vs_neu,r_amyg-ant_vmPFC,C5SPGP,130,-0.0799936009607259,0.36561938010954864,sensitivity
r_amyg-ant_vmPFC_neg_vs_neu,neg_vs_neu,r_amyg-ant_vmPFC,C5SPGN,130,-0.13516307072236458,0.12521257261294483,sensitivity
r_amyg-ant_vmPFC_neg_vs_neu,neg_vs_neu,r_amyg-ant_vmPFC,C5SPGN_log,130,-0.12326740494541544,0.16234586747932106,sensitivity
r_amyg-ant_vmPFC_neg_vs_pos,neg_vs_pos,r_amyg-ant_vmPFC,PA_score,82,-0.0016977481726002837,0.987922281066149,sensitivity
r_amyg-ant_vmPFC_neg_vs_pos,neg_vs_pos,r_amyg-ant_vmPFC,NA_score,82,0.03211227266837406,0.7745727775940001,sensitivity
r_amyg-ant_vmPFC_neg_vs_pos,neg_vs_pos,r_amyg-ant_vmPFC,NA_score_log,82,0.07900320167221456,0.48048328924362627,sensitivity
r_amyg-ant_vmPFC_neg_vs_pos,neg_vs_pos,r_amyg-ant_vmPFC,C5SPGP,130,0.08670809830109508,0.32662971375177885,sensitivity
r_amyg-ant_vmPFC_neg_vs_pos,neg_vs_pos,r_amyg-ant_vmPFC,C5SPGN,130,-0.019814400516474588,0.8229448948996595,sensitivity
r_amyg-ant_vmPFC_neg_vs_pos,neg_vs_pos,r_amyg-ant_vmPFC,C5SPGN_log,130,-0.007793144074833218,0.9298777400767789,sensitivity
r_amyg-post_vmPFC_neg,neg,r_amyg-post_vmPFC,PA_score,82,0.012050465849028552,0.9144317819821653,secondary
r_amyg-post_vmPFC_neg,neg,r_amyg-post_vmPFC,NA_score,82,-0.1117737364219751,0.3174301599112299,secondary
r_amyg-post_vmPFC_neg,neg,r_amyg-post_vmPFC,NA_score_log,82,-0.013929917015030935,0.9011487968955457,sensitivity
r_amyg-post_vmPFC_neg,neg,r_amyg-post_vmPFC,C5SPGP,130,-0.03733021583043988,0.6732687057526081,sensitivity
r_amyg-post_vmPFC_neg,neg,r_amyg-post_vmPFC,C5SPGN,130,-0.2187327366476004,0.012412219445815525,sensitivity
r_amyg-post_vmPFC_neg,neg,r_amyg-post_vmPFC,C5SPGN_log,130,-0.22909522291288753,0.008746023996710072,sensitivity
r_amyg-post_vmPFC_neu,neu,r_amyg-post_vmPFC,PA_score,82,0.07332716081801821,0.5126647117524714,sensitivity
r_amyg-post_vmPFC_neu,neu,r_amyg-post_vmPFC,NA_score,82,-0.17911792712339808,0.10736902773788845,sensitivity
r_amyg-post_vmPFC_neu,neu,r_amyg-post_vmPFC,NA_score_log,82,-0.04920776473186629,0.660646581054284,sensitivity
r_amyg-post_vmPFC_neu,neu,r_amyg-post_vmPFC,C5SPGP,130,-0.03088214075095806,0.7272446852714697,sensitivity
r_amyg-post_vmPFC_neu,neu,r_amyg-post_vmPFC,C5SPGN,130,-0.07088518788457335,0.422889464830843,sensitivity
r_amyg-post_vmPFC_neu,neu,r_amyg-post_vmPFC,C5SPGN_log,130,-0.09293917557102649,0.2929310565821976,sensitivity
r_amyg-post_vmPFC_pos,pos,r_amyg-post_vmPFC,PA_score,82,-0.08183288801051675,0.46485292908893644,sensitivity
r_amyg-post_vmPFC_pos,pos,r_amyg-post_vmPFC,NA_score,82,0.02005332909984342,0.8580784057847208,sensitivity
r_amyg-post_vmPFC_pos,pos,r_amyg-post_vmPFC,NA_score_log,82,0.16772010267761137,0.13202992446922351,sensitivity
r_amyg-post_vmPFC_pos,pos,r_amyg-post_vmPFC,C5SPGP,130,-0.10849673808013811,0.21917070478999315,sensitivity
r_amyg-post_vmPFC_pos,pos,r_amyg-post_vmPFC,C5SPGN,130,-0.10436588144772187,0.2373281482974893,sensitivity
r_amyg-post_vmPFC_pos,pos,r_amyg-post_vmPFC,C5SPGN_log,130,-0.09203722953939539,0.2976606818435863,sensitivity
r_amyg-post_vmPFC_neg_vs_neu,neg_vs_neu,r_amyg-post_vmPFC,PA_score,82,-0.06344954880117529,0.5711826553043969,sensitivity
r_amyg-post_vmPFC_neg_vs_neu,neg_vs_neu,r_amyg-post_vmPFC,NA_score,82,0.05772889376664096,0.6064398273368652,sensitivity
r_amyg-post_vmPFC_neg_vs_neu,neg_vs_neu,r_amyg-post_vmPFC,NA_score_log,82,0.035676962177684846,0.7503254706807776,sensitivity
r_amyg-post_vmPFC_neg_vs_neu,neg_vs_neu,r_amyg-post_vmPFC,C5SPGP,130,-0.007539630101270425,0.9321533114308677,sensitivity
r_amyg-post_vmPFC_neg_vs_neu,neg_vs_neu,r_amyg-post_vmPFC,C5SPGN,130,-0.15805548876836056,0.07249267132961723,sensitivity
r_amyg-post_vmPFC_neg_vs_neu,neg_vs_neu,r_amyg-post_vmPFC,C5SPGN_log,130,-0.14620006829780124,0.09696103875635215,sensitivity
r_amyg-post_vmPFC_neg_vs_pos,neg_vs_pos,r_amyg-post_vmPFC,PA_score,82,0.09649181843605607,0.3884832761441639,sensitivity
r_amyg-post_vmPFC_neg_vs_pos,neg_vs_pos,r_amyg-post_vmPFC,NA_score,82,-0.1323764217067319,0.23580300879389438,sensitivity
r_amyg-post_vmPFC_neg_vs_pos,neg_vs_pos,r_amyg-post_vmPFC,NA_score_log,82,-0.18700507377548933,0.09251421967023522,sensitivity
r_amyg-post_vmPFC_neg_vs_pos,neg_vs_pos,r_amyg-post_vmPFC,C5SPGP,130,0.07762411719913778,0.38003674351654365,sensitivity
r_amyg-post_vmPFC_neg_vs_pos,neg_vs_pos,r_amyg-post_vmPFC,C5SPGN,130,-0.09018045364636304,0.3075551782509761,sensitivity
r_amyg-post_vmPFC_neg_vs_pos,neg_vs_pos,r_amyg-post_vmPFC,C5SPGN_log,130,-0.11216952134006605,0.2038741466505259,sensitivity
l_amyg_safety_vs_threat_neg,neg,l_amyg_safety_vs_threat,PA_score,82,0.07957341407473062,0.47731117782965093,sensitivity
l_amyg_safety_vs_threat_neg,neg,l_amyg_safety_vs_threat,NA_score,82,-0.047321308228952086,0.6729003380092703,sensitivity
l_amyg_safety_vs_threat_neg,neg,l_amyg_safety_vs_threat,NA_score_log,82,0.00044837863488794705,0.9968101394658593,sensitivity
l_amyg_safety_vs_threat_neg,neg,l_amyg_safety_vs_threat,C5SPGP,130,0.06940621905478737,0.43265500357164566,sensitivity
l_amyg_safety_vs_threat_neg,neg,l_amyg_safety_vs_threat,C5SPGN,130,-0.08299314387807323,0.3478596547954712,sensitivity
l_amyg_safety_vs_threat_neg,neg,l_amyg_safety_vs_threat,C5SPGN_log,130,-0.08133165984027577,0.3576289662802298,sensitivity
r_amyg_safety_vs_threat_neg,neg,r_amyg_safety_vs_threat,PA_score,82,-0.015070339231129756,0.8931018666101785,sensitivity
r_amyg_safety_vs_threat_neg,neg,r_amyg_safety_vs_threat,NA_score,82,0.18015619409315747,0.10531378765069717,sensitivity
r_amyg_safety_vs_threat_neg,neg,r_amyg_safety_vs_threat,NA_score_log,82,0.20590902812458806,0.06346755569823344,sensitivity
r_amyg_safety_vs_threat_neg,neg,r_amyg_safety_vs_threat,C5SPGP,130,0.07768103631537097,0.3796864165796755,sensitivity
r_amyg_safety_vs_threat_neg,neg,r_amyg_safety_vs_threat,C5SPGN,130,0.034784564812161564,0.6943981325842851,sensitivity
r_amyg_safety_vs_threat_neg,neg,r_amyg_safety_vs_threat,C5SPGN_log,130,0.05277375442590611,0.5509630198790161,sensitivity
l_amyg_safety_vs_threat_neu,neu,l_amyg_safety_vs_threat,PA_score,82,-0.010392996293177359,0.9261655261248389,sensitivity
l_amyg_safety_vs_threat_neu,neu,l_amyg_safety_vs_threat,NA_score,82,-0.10417673111331191,0.3516386144984378,sensitivity
l_amyg_safety_vs_threat_neu,neu,l_amyg_safety_vs_threat,NA_score_log,82,-0.0925649426902591,0.40816853291858246,sensitivity
l_amyg_safety_vs_threat_neu,neu,l_amyg_safety_vs_threat,C5SPGP,130,0.15572367495074851,0.0768631480538202,sensitivity
l_amyg_safety_vs_threat_neu,neu,l_amyg_safety_vs_threat,C5SPGN,130,-0.17002532439060736,0.05311686512944939,sensitivity
l_amyg_safety_vs_threat_neu,neu,l_amyg_safety_vs_threat,C5SPGN_log,130,-0.15062134799408863,0.08716716991075509,sensitivity
r_amyg_safety_vs_threat_neu,neu,r_amyg_safety_vs_threat,PA_score,82,-0.19371649202289953,0.08119281156161885,sensitivity
r_amyg_safety_vs_threat_neu,neu,r_amyg_safety_vs_threat,NA_score,82,0.3364730757587966,0.00199638853934004,sensitivity
r_amyg_safety_vs_threat_neu,neu,r_amyg_safety_vs_threat,NA_score_log,82,0.20444543915517077,0.06541328271165964,sensitivity
r_amyg_safety_vs_threat_neu,neu,r_amyg_safety_vs_threat,C5SPGP,130,0.1573651268667305,0.07376512906983536,sensitivity
r_amyg_safety_vs_threat_neu,neu,r_amyg_safety_vs_threat,C5SPGN,130,0.008834657290058882,0.9205351368828952,sensitivity
r_amyg_safety_vs_threat_neu,neu,r_amyg_safety_vs_threat,C5SPGN_log,130,0.02674608947035781,0.7626054869324005,sensitivity
l_amyg_safety_vs_threat_pos,pos,l_amyg_safety_vs_threat,PA_score,82,-0.025317025968008597,0.8213786959564087,sensitivity
l_amyg_safety_vs_threat_pos,pos,l_amyg_safety_vs_threat,NA_score,82,-0.05592626354360811,0.6177441650165726,sensitivity
l_amyg_safety_vs_threat_pos,pos,l_amyg_safety_vs_threat,NA_score_log,82,-0.08523500285027844,0.4464339088052872,sensitivity
l_amyg_safety_vs_threat_pos,pos,l_amyg_safety_vs_threat,C5SPGP,130,-0.029582044418418628,0.7383020216140056,sensitivity
l_amyg_safety_vs_threat_pos,pos,l_amyg_safety_vs_threat,C5SPGN,130,-0.077886119545131,0.3784257942367456,sensitivity
l_amyg_safety_vs_threat_pos,pos,l_amyg_safety_vs_threat,C5SPGN_log,130,-0.08127078108904719,0.3579901365650709,sensitivity
r_amyg_safety_vs_threat_pos,pos,r_amyg_safety_vs_threat,PA_score,82,0.12945557272361397,0.24639147456955812,sensitivity
r_amyg_safety_vs_threat_pos,pos,r_amyg_safety_vs_threat,NA_score,82,-0.03183200357376849,0.776488710858259,sensitivity
r_amyg_safety_vs_threat_pos,pos,r_amyg_safety_vs_threat,NA_score_log,82,-0.1549444103990957,0.1645436461125759,sensitivity
r_amyg_safety_vs_threat_pos,pos,r_amyg_safety_vs_threat,C5SPGP,130,0.07358955963907342,0.4053664163827487,sensitivity
r_amyg_safety_vs_threat_pos,pos,r_amyg_safety_vs_threat,C5SPGN,130,-0.06104644611340994,0.4902205939574448,sensitivity
r_amyg_safety_vs_threat_pos,pos,r_amyg_safety_vs_threat,C5SPGN_log,130,-0.08825028396891205,0.3180662713669742,sensitivity
l_amyg_safety_vs_threat_neg_vs_neu,neu,l_amyg_safety_vs_threat_neg_vs,PA_score,82,0.06790508620906288,0.5444038559712083,sensitivity
l_amyg_safety_vs_threat_neg_vs_neu,neu,l_amyg_safety_vs_threat_neg_vs,NA_score,82,0.05111821510382018,0.6483272942263706,sensitivity
l_amyg_safety_vs_threat_neg_vs_neu,neu,l_amyg_safety_vs_threat_neg_vs,NA_score_log,82,0.07708240747675724,0.49125115730464325,sensitivity
l_amyg_safety_vs_threat_neg_vs_neu,neu,l_amyg_safety_vs_threat_neg_vs,C5SPGP,130,-0.08609129978370639,0.3300957247235779,sensitivity
l_amyg_safety_vs_threat_neg_vs_neu,neu,l_amyg_safety_vs_threat_neg_vs,C5SPGN,130,0.08812991057048811,0.31872940187023563,sensitivity
l_amyg_safety_vs_threat_neg_vs_neu,neu,l_amyg_safety_vs_threat_neg_vs,C5SPGN_log,130,0.071718163902803,0.41744600721380526,sensitivity
r_amyg_safety_vs_threat_neg_vs_neu,neu,r_amyg_safety_vs_threat_neg_vs,PA_score,82,0.15686708711361258,0.15930450322469328,sensitivity
r_amyg_safety_vs_threat_neg_vs_neu,neu,r_amyg_safety_vs_threat_neg_vs,NA_score,82,-0.1356883219817342,0.22418401309942568,sensitivity
r_amyg_safety_vs_threat_neg_vs_neu,neu,r_amyg_safety_vs_threat_neg_vs,NA_score_log,82,0.0032245570925337613,0.9770628587097115,sensitivity
r_amyg_safety_vs_threat_neg_vs_neu,neu,r_amyg_safety_vs_threat_neg_vs,C5SPGP,130,-0.06873324988784148,0.4371409305988418,sensitivity
r_amyg_safety_vs_threat_neg_vs_neu,neu,r_amyg_safety_vs_threat_neg_vs,C5SPGN,130,0.022175001258671143,0.802260406989592,sensitivity
r_amyg_safety_vs_threat_neg_vs_neu,neu,r_amyg_safety_vs_threat_neg_vs,C5SPGN_log,130,0.02217933531496359,0.802222551278519,sensitivity
l_amyg_safety_vs_threat_neg_vs_pos,pos,l_amyg_safety_vs_threat_neg_vs,PA_score,82,0.08588041302127994,0.44298626013637266,sensitivity
l_amyg_safety_vs_threat_neg_vs_pos,pos,l_amyg_safety_vs_threat_neg_vs,NA_score,82,0.012901825531693514,0.9084116863176411,sensitivity
l_amyg_safety_vs_threat_neg_vs_pos,pos,l_amyg_safety_vs_threat_neg_vs,NA_score_log,82,0.07717497356602562,0.4907293374041476,sensitivity
l_amyg_safety_vs_threat_neg_vs_pos,pos,l_amyg_safety_vs_threat_neg_vs,C5SPGP,130,0.08864497048620673,0.31589823598870004,sensitivity
l_amyg_safety_vs_threat_neg_vs_pos,pos,l_amyg_safety_vs_threat_neg_vs,C5SPGN,130,0.006414747511745478,0.9422567492919597,sensitivity
l_amyg_safety_vs_threat_neg_vs_pos,pos,l_amyg_safety_vs_threat_neg_vs,C5SPGN_log,130,0.011193289703436485,0.899419668770095,sensitivity
r_amyg_safety_vs_threat_neg_vs_pos,pos,r_amyg_safety_vs_threat_neg_vs,PA_score,82,-0.10027464172024245,0.3700671690336789,sensitivity
r_amyg_safety_vs_threat_neg_vs_pos,pos,r_amyg_safety_vs_threat_neg_vs,NA_score,82,0.16863330923773573,0.12990793321968847,sensitivity
r_amyg_safety_vs_threat_neg_vs_pos,pos,r_amyg_safety_vs_threat_neg_vs,NA_score_log,82,0.2733136362620673,0.012974631241617176,sensitivity
r_amyg_safety_vs_threat_neg_vs_pos,pos,r_amyg_safety_vs_threat_neg_vs,C5SPGP,130,0.006519194449522141,0.9413182191580327,sensitivity
r_amyg_safety_vs_threat_neg_vs_pos,pos,r_amyg_safety_vs_threat_neg_vs,C5SPGN,130,0.07749675823396611,0.3808213259076371,sensitivity
r_amyg_safety_vs_threat_neg_vs_pos,pos,r_amyg_safety_vs_threat_neg_vs,C5SPGN_log,130,0.11411030801626215,0.19610834294308693,sensitivity
