fc_var,condition,seed_target,affect_var,n,beta_fc,se_fc,t_fc,p_fc,r_squared,adj_r_squared,tier
l_amyg-ant_vmPFC_neg,neg,l_amyg-ant_vmPFC,PA_score,93,0.11039259143584662,0.2567588248299612,0.4299466299121529,0.6687015582157301,0.328137702239797,0.018867755651767126,primary
l_amyg-ant_vmPFC_neg,neg,l_amyg-ant_vmPFC,NA_score,93,-0.006935298335929072,0.08049194339426671,-0.08616139756942506,0.931611372095064,0.5269888135725729,0.3092535055345509,primary
l_amyg-ant_vmPFC_neg,neg,l_amyg-ant_vmPFC,NA_score_log,93,-0.3047541676546034,0.5570813743635128,-0.5470550294430448,0.5862735833415624,0.39321693409087555,0.11390409422794534,sensitivity
l_amyg-ant_vmPFC_neg,neg,l_amyg-ant_vmPFC,C5SPGP,148,0.13368331786525633,0.18179408750221676,0.735355696667672,0.46381039914474353,0.3503621905234514,0.06375727457791525,sensitivity
l_amyg-ant_vmPFC_neg,neg,l_amyg-ant_vmPFC,C5SPGN,148,-0.256112317694193,0.13311531998402412,-1.923988296200095,0.05714328656979573,0.2277282137343949,-0.11297992726513684,sensitivity
l_amyg-ant_vmPFC_neg,neg,l_amyg-ant_vmPFC,C5SPGN_log,148,-0.12115458948763126,0.058507559360966674,-2.070751041590355,0.04090712988611062,0.27637879783052555,-0.04286585018541911,sensitivity
l_amyg-ant_vmPFC_neu,neu,l_amyg-ant_vmPFC,PA_score,93,-0.24911506923499266,0.24057521743135418,-1.0354976372662958,0.3043950198885833,0.33744300046952214,0.03245644513009582,sensitivity
l_amyg-ant_vmPFC_neu,neu,l_amyg-ant_vmPFC,NA_score,93,0.008734992350790498,0.07594276833417025,0.1150207260335045,0.9087945107233013,0.5270323963878765,0.3093171502807085,sensitivity
l_amyg-ant_vmPFC_neu,neu,l_amyg-ant_vmPFC,NA_score_log,93,-0.010492098220594631,0.5268662321662262,-0.019914159572261933,0.9841747869289799,0.39033836726410986,0.10970047283012874,sensitivity
l_amyg-ant_vmPFC_neu,neu,l_amyg-ant_vmPFC,C5SPGP,148,-0.11782461208946776,0.17665935718367823,-0.6669593616089174,0.506304069930541,0.349753971981724,0.06288072432660219,sensitivity
l_amyg-ant_vmPFC_neu,neu,l_amyg-ant_vmPFC,C5SPGN,148,-0.1258454700521656,0.13102909160268092,-0.9604391552508537,0.3391054595217383,0.20687401202993383,-0.14303451207450713,sensitivity
l_amyg-ant_vmPFC_neu,neu,l_amyg-ant_vmPFC,C5SPGN_log,148,-0.06687140644795549,0.0576315388210224,-1.1603265818674033,0.24862451216157563,0.25578163432601486,-0.07254999758897851,sensitivity
l_amyg-ant_vmPFC_pos,pos,l_amyg-ant_vmPFC,PA_score,93,-0.14907950447055313,0.25539824838965924,-0.5837138876657588,0.5614969333331757,0.32979100984065557,0.02128210960857646,sensitivity
l_amyg-ant_vmPFC_pos,pos,l_amyg-ant_vmPFC,NA_score,93,-0.006434561740394459,0.08016473110180679,-0.08026674139557408,0.9362795473278671,0.5269814485906326,0.30924275032282855,sensitivity
l_amyg-ant_vmPFC_pos,pos,l_amyg-ant_vmPFC,NA_score_log,93,0.16028611956880684,0.5557618691491308,0.28840791077337535,0.7739812943974027,0.3911384116632114,0.11086879163516594,sensitivity
l_amyg-ant_vmPFC_pos,pos,l_amyg-ant_vmPFC,C5SPGP,148,-0.13549321264752684,0.1763251292532791,-0.7684282621616573,0.44400828708789253,0.35067712307805665,0.06421114796543459,sensitivity
l_amyg-ant_vmPFC_pos,pos,l_amyg-ant_vmPFC,C5SPGN,148,-0.02604407629463762,0.13143928485625356,-0.19814529821217683,0.8433257590873039,0.20000925785309798,-0.15292783427053536,sensitivity
l_amyg-ant_vmPFC_pos,pos,l_amyg-ant_vmPFC,C5SPGN_log,148,-0.015414680494993553,0.05792193464800405,-0.266128550240418,0.7906774156648907,0.2464814707728269,-0.08595317447445527,sensitivity
l_amyg-ant_vmPFC_neg_vs_neu,neg_vs_neu,l_amyg-ant_vmPFC,PA_score,93,0.2808083143618415,0.2152397218818301,1.3046305389486126,0.19676447879175418,0.343892285513948,0.04187444868703527,sensitivity
l_amyg-ant_vmPFC_neg_vs_neu,neg_vs_neu,l_amyg-ant_vmPFC,NA_score,93,-0.012051529890809948,0.06826847780217335,-0.17653139895300674,0.8604427530878511,0.5271669646862892,0.30951366271648584,sensitivity
l_amyg-ant_vmPFC_neg_vs_neu,neg_vs_neu,l_amyg-ant_vmPFC,NA_score_log,93,-0.21082404189162973,0.4729481118735697,-0.44576569098977187,0.6572946972205729,0.39225141731133006,0.11249413321654556,sensitivity
l_amyg-ant_vmPFC_neg_vs_neu,neg_vs_neu,l_amyg-ant_vmPFC,C5SPGP,148,0.20975856324071623,0.16285165489424103,1.2880345820061665,0.20064832095381188,0.35737055487538205,0.07385756437922708,sensitivity
l_amyg-ant_vmPFC_neg_vs_neu,neg_vs_neu,l_amyg-ant_vmPFC,C5SPGN,148,-0.09955234935208675,0.12165101307059166,-0.8183437756849464,0.415068631709839,0.20492145892662728,-0.14584848566456654,sensitivity
l_amyg-ant_vmPFC_neg_vs_neu,neg_vs_neu,l_amyg-ant_vmPFC,C5SPGN_log,148,-0.0407822162295297,0.05364073191844734,-0.7602844847742368,0.44883839137333825,0.250207324024181,-0.08058356243573916,sensitivity
l_amyg-ant_vmPFC_neg_vs_pos,neg_vs_pos,l_amyg-ant_vmPFC,PA_score,93,0.19262415649099274,0.21969381570180554,0.8767846098701524,0.3839347982642911,0.33428959437338757,0.027851471148439,sensitivity
l_amyg-ant_vmPFC_neg_vs_pos,neg_vs_pos,l_amyg-ant_vmPFC,NA_score,93,-0.00033102264401581316,0.06919390424383322,-0.00478398563621036,0.9961980629030924,0.526933246791993,0.30917236039465656,sensitivity
l_amyg-ant_vmPFC_neg_vs_pos,neg_vs_pos,l_amyg-ant_vmPFC,NA_score_log,93,-0.34458431740010453,0.47802869535465103,-0.7208444194850192,0.47367169361221406,0.39532184469231213,0.11697793193163042,sensitivity
l_amyg-ant_vmPFC_neg_vs_pos,neg_vs_pos,l_amyg-ant_vmPFC,C5SPGP,148,0.20787056439307294,0.1563694270291801,1.3293555418239282,0.1866963304765852,0.3580403460811423,0.07482285170517566,sensitivity
l_amyg-ant_vmPFC_neg_vs_pos,neg_vs_pos,l_amyg-ant_vmPFC,C5SPGN,148,-0.17103375815406097,0.1160233053191485,-1.4741327846469612,0.14352556006631098,0.21639569067208753,-0.12931209285493273,sensitivity
l_amyg-ant_vmPFC_neg_vs_pos,neg_vs_pos,l_amyg-ant_vmPFC,C5SPGN_log,148,-0.07844638057750306,0.051091203768508155,-1.5354185220011634,0.12777724429003115,0.2629925967468657,-0.06215772821775234,sensitivity
l_amyg-post_vmPFC_neg,neg,l_amyg-post_vmPFC,PA_score,93,0.013591524263490695,0.2775232344085583,0.04897436530839004,0.9610946590172096,0.32619198187956255,0.01602638623682151,primary
l_amyg-post_vmPFC_neg,neg,l_amyg-post_vmPFC,NA_score,93,0.03852190164107647,0.08674517857463507,0.44408118438458727,0.6585055456471596,0.5284092893378045,0.3113278510964764,primary
l_amyg-post_vmPFC_neg,neg,l_amyg-post_vmPFC,NA_score_log,93,-0.21989832203951543,0.6020525414773308,-0.36524772655211074,0.7161498945280165,0.3916228011215799,0.11157615401881515,sensitivity
l_amyg-post_vmPFC_neg,neg,l_amyg-post_vmPFC,C5SPGP,148,0.15577248724778686,0.200763899697181,0.7758988915972632,0.4396040305080221,0.35075013626398843,0.06431637285104219,sensitivity
l_amyg-post_vmPFC_neg,neg,l_amyg-post_vmPFC,C5SPGN,148,-0.3201733975679903,0.14629867954099823,-2.1884913696590544,0.0309155027827863,0.23559461551786876,-0.1016430541066009,sensitivity
l_amyg-post_vmPFC_neg,neg,l_amyg-post_vmPFC,C5SPGN_log,148,-0.1489506098265471,0.06430702003764831,-2.3162418308194734,0.022545536596753218,0.2836373630253046,-0.0324049768164727,sensitivity
l_amyg-post_vmPFC_neu,neu,l_amyg-post_vmPFC,PA_score,93,-0.11785030851162459,0.32572276373479625,-0.3618117050227979,0.7187034812760619,0.32756358490169313,0.018029362078663014,sensitivity
l_amyg-post_vmPFC_neu,neu,l_amyg-post_vmPFC,NA_score,93,0.07102640209841923,0.10168103013795879,0.6985216613369478,0.4874216028124396,0.5305688010296417,0.314481423725826,sensitivity
l_amyg-post_vmPFC_neu,neu,l_amyg-post_vmPFC,NA_score_log,93,0.007702258333004641,0.7080836379284504,0.010877610949376195,0.9913554664453321,0.3903356745840706,0.10969654066245238,sensitivity
l_amyg-post_vmPFC_neu,neu,l_amyg-post_vmPFC,C5SPGP,148,-0.21770384900639314,0.24203057735485559,-0.8994890289717585,0.37051087113726366,0.3520577503401431,0.06620087549020626,sensitivity
l_amyg-post_vmPFC_neu,neu,l_amyg-post_vmPFC,C5SPGN,148,0.048495078460892065,0.18058160322739666,0.2685493848441739,0.7888188648224356,0.200266776423754,-0.1525567045657663,sensitivity
l_amyg-post_vmPFC_neu,neu,l_amyg-post_vmPFC,C5SPGN_log,148,-0.012195684197841613,0.07960897943224018,-0.15319483159838856,0.87854729309141,0.24613171365640374,-0.08645723620106516,sensitivity
l_amyg-post_vmPFC_pos,pos,l_amyg-post_vmPFC,PA_score,93,-0.3211538575657156,0.29560882953072587,-1.0864149696595395,0.28143484855854345,0.338558359418589,0.034085223277939614,sensitivity
l_amyg-post_vmPFC_pos,pos,l_amyg-post_vmPFC,NA_score,93,0.09096392765254542,0.09269802279641318,0.9812930730175741,0.33020173350513105,0.5340549058814354,0.31957224350939784,sensitivity
l_amyg-post_vmPFC_pos,pos,l_amyg-post_vmPFC,NA_score_log,93,0.8628736226584541,0.6387539788535513,1.3508700551770454,0.18156907032513317,0.40749689827477265,0.13475737525839815,sensitivity
l_amyg-post_vmPFC_pos,pos,l_amyg-post_vmPFC,C5SPGP,148,-0.029257478859684327,0.20695792582339176,-0.1413692118496167,0.8878571072725066,0.3470461032970972,0.05897820769287532,sensitivity
l_amyg-post_vmPFC_pos,pos,l_amyg-post_vmPFC,C5SPGN,148,0.08488225454419834,0.15364446125154363,0.552458929223819,0.581842578400259,0.20208888784940715,-0.14993072045232503,sensitivity
l_amyg-post_vmPFC_pos,pos,l_amyg-post_vmPFC,C5SPGN_log,148,0.035569220427442316,0.06772738983733398,0.5251822122906495,0.6005962681112647,0.24799175188143985,-0.08377659287674843,sensitivity
l_amyg-post_vmPFC_neg_vs_neu,neg_vs_neu,l_amyg-post_vmPFC,PA_score,93,0.08186149663319925,0.2521929084296476,0.3245987254079968,0.7465601666584507,0.3272914004799763,0.017631886415203524,sensitivity
l_amyg-post_vmPFC_neg_vs_neu,neg_vs_neu,l_amyg-post_vmPFC,NA_score,93,-0.0106983705873612,0.07900397458946674,-0.13541559956893065,0.8927150363540979,0.527070730269132,0.30937312991682775,sensitivity
l_amyg-post_vmPFC_neg_vs_neu,neg_vs_neu,l_amyg-post_vmPFC,NA_score_log,93,-0.18650095837763075,0.5476239646584617,-0.34056390956876104,0.7345649538897807,0.39145486864038614,0.11133091928437344,sensitivity
l_amyg-post_vmPFC_neg_vs_neu,neg_vs_neu,l_amyg-post_vmPFC,C5SPGP,148,0.24825762238861893,0.17991177981838832,1.3798853117857108,0.1706392071556182,0.3588861507056791,0.07604180542877281,sensitivity
l_amyg-post_vmPFC_neg_vs_neu,neg_vs_neu,l_amyg-post_vmPFC,C5SPGN,148,-0.28746317008580247,0.1319599861170764,-2.178411642380455,0.031678698255619656,0.2352794079888798,-0.10209732378073211,sensitivity
l_amyg-post_vmPFC_neg_vs_neu,neg_vs_neu,l_amyg-post_vmPFC,C5SPGN_log,148,-0.11432363776810414,0.05841120548539553,-1.9572209958359499,0.053054526605195586,0.2732520214919595,-0.047372086673352465,sensitivity
l_amyg-post_vmPFC_neg_vs_pos,neg_vs_pos,l_amyg-post_vmPFC,PA_score,93,0.22469315493818204,0.2420280791101301,0.9283763923769351,0.3567557416489585,0.33526041747733193,0.029269181078008577,sensitivity
l_amyg-post_vmPFC_neg_vs_pos,neg_vs_pos,l_amyg-post_vmPFC,NA_score,93,-0.030976596734982733,0.07618397785085937,-0.4066025115625189,0.6856779669321531,0.5281712554360859,0.31098024603364927,sensitivity
l_amyg-post_vmPFC_neg_vs_pos,neg_vs_pos,l_amyg-post_vmPFC,NA_score_log,93,-0.7450782908630624,0.5207863755406364,-1.4306793070183241,0.1574636990904558,0.40951900658569196,0.1377102953314867,sensitivity
l_amyg-post_vmPFC_neg_vs_pos,neg_vs_pos,l_amyg-post_vmPFC,C5SPGP,148,0.11439133360871684,0.15859236378515623,0.721291560819926,0.47238023020467323,0.35023237428044696,0.06357018646299706,sensitivity
l_amyg-post_vmPFC_neg_vs_pos,neg_vs_pos,l_amyg-post_vmPFC,C5SPGN,148,-0.24972193586691988,0.11558781476687809,-2.160452088921039,0.03307920144186161,0.234720755167366,-0.10290244108232538,sensitivity
l_amyg-post_vmPFC_neg_vs_pos,neg_vs_pos,l_amyg-post_vmPFC,C5SPGN_log,148,-0.11386234112802243,0.05086254781529527,-2.2386283428330738,0.027352716246272977,0.28127081210203175,-0.03581559432354253,sensitivity
r_amyg-ant_vmPFC_neg,neg,r_amyg-ant_vmPFC,PA_score,93,-0.17511005308326766,0.2566241536809865,-0.6823599827666639,0.497512682039022,0.3311099062913174,0.023208117123828642,secondary
r_amyg-ant_vmPFC_neg,neg,r_amyg-ant_vmPFC,NA_score,93,0.02550440415319153,0.0805689658729065,0.3165536987706091,0.7526288068468727,0.5276843285802673,0.31026917824419986,secondary
r_amyg-ant_vmPFC_neg,neg,r_amyg-ant_vmPFC,NA_score_log,93,0.6145552095520375,0.5539639455305244,1.1093776309999481,0.2714841364485786,0.4020162719848126,0.12675392099369465,sensitivity
r_amyg-ant_vmPFC_neg,neg,r_amyg-ant_vmPFC,C5SPGP,148,0.09078204028333797,0.19832354167338176,0.4577471717041366,0.6481076992497223,0.34825700400620396,0.06072332930305868,sensitivity
r_amyg-ant_vmPFC_neg,neg,r_amyg-ant_vmPFC,C5SPGN,148,-0.31896302172188895,0.14417277297429354,-2.212366559522033,0.029171373237886763,0.23634598282182728,-0.10056020122736653,sensitivity
r_amyg-ant_vmPFC_neg,neg,r_amyg-ant_vmPFC,C5SPGN_log,148,-0.13688086694627608,0.06362222415497489,-2.151463089577839,0.03380014940382789,0.2786914771162564,-0.039532871214806864,sensitivity
r_amyg-ant_vmPFC_neu,neu,r_amyg-ant_vmPFC,PA_score,93,-0.5113437581120936,0.24669116488391132,-2.072809370180417,0.04228667045378079,0.3691871514970553,0.078812983138557,sensitivity
r_amyg-ant_vmPFC_neu,neu,r_amyg-ant_vmPFC,NA_score,93,0.07703995114917746,0.07922477403907553,0.9724224787460994,0.3345593163114233,0.5339286248592077,0.3193878331277319,sensitivity
r_amyg-ant_vmPFC_neu,neu,r_amyg-ant_vmPFC,NA_score_log,93,0.5772978345447998,0.5488909974915751,1.0517531480440443,0.29693035536645496,0.4008546160212171,0.12505753450717416,sensitivity
r_amyg-ant_vmPFC_neu,neu,r_amyg-ant_vmPFC,C5SPGP,148,0.015196188482855921,0.19219265408483058,0.07906747817816481,0.9371338633418805,0.3469581930011737,0.058851513442867986,sensitivity
r_amyg-ant_vmPFC_neu,neu,r_amyg-ant_vmPFC,C5SPGN,148,-0.02789681804884836,0.1428597955236213,-0.19527410036251755,0.8455668289233702,0.20000040177674738,-0.15294059743939337,sensitivity
r_amyg-ant_vmPFC_neu,neu,r_amyg-ant_vmPFC,C5SPGN_log,148,-0.01853990501394342,0.06294940513109663,-0.29452073415678426,0.7689585869833897,0.24659896449491014,-0.0857838452867472,sensitivity
r_amyg-ant_vmPFC_pos,pos,r_amyg-ant_vmPFC,PA_score,93,-0.05192582681811064,0.26020308416382526,-0.19955884452706127,0.8424683326408486,0.3265920056736523,0.016610547967873313,sensitivity
r_amyg-ant_vmPFC_pos,pos,r_amyg-ant_vmPFC,NA_score,93,-0.06379545606989954,0.08108544467471941,-0.7867682828381838,0.4343672179886222,0.5315359523083701,0.3158937716249215,sensitivity
r_amyg-ant_vmPFC_pos,pos,r_amyg-ant_vmPFC,NA_score_log,93,0.3978245181492014,0.5630172036583913,0.7065938936931313,0.4824241155160144,0.3951281383899683,0.1166950592361442,sensitivity
r_amyg-ant_vmPFC_pos,pos,r_amyg-ant_vmPFC,C5SPGP,148,-0.10019654406718459,0.19526654295544785,-0.5131270444524924,0.6089720485045054,0.34859967038355943,0.061217172023365074,sensitivity
r_amyg-ant_vmPFC_pos,pos,r_amyg-ant_vmPFC,C5SPGN,148,-0.2094504486693266,0.1438675204446873,-1.455856388029249,0.14850342929399052,0.21599267562899194,-0.12989290865233505,sensitivity
r_amyg-ant_vmPFC_pos,pos,r_amyg-ant_vmPFC,C5SPGN_log,148,-0.09566930880676522,0.06335976136780427,-1.5099379596997466,0.13415091700231901,0.2624441703668149,-0.06294810741253154,sensitivity
r_amyg-ant_vmPFC_neg_vs_neu,neg_vs_neu,r_amyg-ant_vmPFC,PA_score,93,0.36710885113218983,0.2609607366846202,1.4067589469440116,0.1644129262684656,0.34668830881309,0.04595753033022665,sensitivity
r_amyg-ant_vmPFC_neg_vs_neu,neg_vs_neu,r_amyg-ant_vmPFC,NA_score,93,-0.05623882433759834,0.08266434234655545,-0.6803274875378206,0.49878975435749917,0.5303832337062322,0.31421043652338676,sensitivity
r_amyg-ant_vmPFC_neg_vs_neu,neg_vs_neu,r_amyg-ant_vmPFC,NA_score_log,93,0.026886496717767994,0.5755325628898513,0.046715856671542814,0.9628874656097921,0.39035564812941626,0.10972570837946505,sensitivity
r_amyg-ant_vmPFC_neg_vs_neu,neg_vs_neu,r_amyg-ant_vmPFC,C5SPGP,148,0.08533011586430173,0.21220176419066533,0.4021178437877255,0.6884386974635059,0.3479518476928286,0.060283545204370625,sensitivity
r_amyg-ant_vmPFC_neg_vs_neu,neg_vs_neu,r_amyg-ant_vmPFC,C5SPGN,148,-0.33093496929828925,0.15444476355223355,-2.142739978272985,0.03451276788007403,0.23417353879559255,-0.1036910764416461,sensitivity
r_amyg-ant_vmPFC_neg_vs_neu,neg_vs_neu,r_amyg-ant_vmPFC,C5SPGN_log,148,-0.13399936559008185,0.06830894239485119,-1.9616665240623328,0.052526853305699374,0.27337163680754795,-0.04719969989500439,sensitivity
r_amyg-ant_vmPFC_neg_vs_pos,neg_vs_pos,r_amyg-ant_vmPFC,PA_score,93,-0.09710681858863171,0.2273656973381608,-0.42709529065065965,0.6707660668811265,0.328111716502712,0.01882980822618263,sensitivity
r_amyg-ant_vmPFC_neg_vs_pos,neg_vs_pos,r_amyg-ant_vmPFC,NA_score,93,0.06875073164713216,0.07075200701653384,0.9717142247437023,0.33490886726640934,0.533918588714486,0.3193731771703606,sensitivity
r_amyg-ant_vmPFC_neg_vs_pos,neg_vs_pos,r_amyg-ant_vmPFC,NA_score_log,93,0.17581947089762714,0.4939723689060184,0.355929768474718,0.7230822864212048,0.3915580387332658,0.1114815803723882,sensitivity
r_amyg-ant_vmPFC_neg_vs_pos,neg_vs_pos,r_amyg-ant_vmPFC,C5SPGP,148,0.15253289116984353,0.17534745332880236,0.8698894011527036,0.38640335755287214,0.3517275077378551,0.065724937622203,sensitivity
r_amyg-ant_vmPFC_neg_vs_pos,neg_vs_pos,r_amyg-ant_vmPFC,C5SPGN,148,-0.08096119416017816,0.130595711961453,-0.619937614675089,0.5366813564590918,0.20270542917942236,-0.14904217559436184,sensitivity
r_amyg-ant_vmPFC_neg_vs_pos,neg_vs_pos,r_amyg-ant_vmPFC,C5SPGN_log,148,-0.030056476358089362,0.057590586190013254,-0.521899121827335,0.602872080692733,0.24796647476586298,-0.08381302166096227,sensitivity
r_amyg-post_vmPFC_neg,neg,r_amyg-post_vmPFC,PA_score,93,-0.09223939140218917,0.2287508604983255,-0.40323079529077616,0.6881437026750443,0.3279009323093178,0.01852199638821017,secondary
r_amyg-post_vmPFC_neg,neg,r_amyg-post_vmPFC,NA_score,93,-0.0511442595592004,0.0714131400595733,-0.7161743555392681,0.4765300773406609,0.5307533807979898,0.31475096878436615,secondary
r_amyg-post_vmPFC_neg,neg,r_amyg-post_vmPFC,NA_score_log,93,0.165754121469727,0.49696460820069477,0.3335330499084327,0.7398395242354414,0.39140916857231345,0.1112641826770292,sensitivity
r_amyg-post_vmPFC_neg,neg,r_amyg-post_vmPFC,C5SPGP,148,-0.09299873732440078,0.18208980100921734,-0.510730072793551,0.6106437020307928,0.34858403743680333,0.06119464218833426,sensitivity
r_amyg-post_vmPFC_neg,neg,r_amyg-post_vmPFC,C5SPGN,148,-0.2855982802034398,0.13256165358092914,-2.1544562283924855,0.03355858985025611,0.23453509615132329,-0.10317000848779889,sensitivity
r_amyg-post_vmPFC_neg,neg,r_amyg-post_vmPFC,C5SPGN_log,148,-0.12849534765390255,0.05836962481253328,-2.201407805285596,0.029960971061475723,0.2801591434403623,-0.03741770504183073,sensitivity
r_amyg-post_vmPFC_neu,neu,r_amyg-post_vmPFC,PA_score,93,-0.0776212215872999,0.2717702268624599,-0.2856134113122818,0.7761112034179262,0.3270377087383002,0.01726141593529551,sensitivity
r_amyg-post_vmPFC_neu,neu,r_amyg-post_vmPFC,NA_score,93,-0.07577797547305525,0.08459624367949187,-0.8957605228921721,0.37379060558799015,0.5328824246191006,0.3178600486501152,sensitivity
r_amyg-post_vmPFC_neu,neu,r_amyg-post_vmPFC,NA_score_log,93,-0.1144749907523177,0.5903905986066549,-0.1938970420980334,0.8468803387532017,0.3906981383012149,0.11022585275732977,sensitivity
r_amyg-post_vmPFC_neu,neu,r_amyg-post_vmPFC,C5SPGP,148,-0.10917488340728454,0.20498753978058643,-0.5325927786837318,0.5954738630822842,0.34872930705316174,0.06140400134132129,sensitivity
r_amyg-post_vmPFC_neu,neu,r_amyg-post_vmPFC,C5SPGN,148,-0.07779712618564441,0.15241145690732602,-0.5104414573830172,0.6108451223424981,0.20174041506157758,-0.15043293123478518,sensitivity
r_amyg-post_vmPFC_neu,neu,r_amyg-post_vmPFC,C5SPGN_log,148,-0.051248539795772347,0.06706827431616749,-0.7641249207364557,0.4465568535446025,0.25025011421182486,-0.0805218942241348,sensitivity
r_amyg-post_vmPFC_pos,pos,r_amyg-post_vmPFC,PA_score,93,-0.18725328425650742,0.22956104666227586,-0.8157014745275556,0.41774425978683194,0.33320858735633374,0.02627285772670962,sensitivity
r_amyg-post_vmPFC_pos,pos,r_amyg-post_vmPFC,NA_score,93,-0.061690343565668326,0.07182372504483658,-0.8589131728709085,0.3936447537995236,0.5324085840635662,0.3171680910134618,sensitivity
r_amyg-post_vmPFC_pos,pos,r_amyg-post_vmPFC,NA_score_log,93,0.6584678839323326,0.4942334541862756,1.3323013210760057,0.1875605387681503,0.4070411618548553,0.13409185540709034,sensitivity
r_amyg-post_vmPFC_pos,pos,r_amyg-post_vmPFC,C5SPGP,148,-0.23357777979791905,0.1739875327560981,-1.3424972243577744,0.18241507265820361,0.3582574982927669,0.07513580636310524,sensitivity
r_amyg-post_vmPFC_pos,pos,r_amyg-post_vmPFC,C5SPGN,148,-0.12313212621391845,0.12991478898852493,-0.9477914498617583,0.34547572756653133,0.20668798479024542,-0.1433026101552346,sensitivity
r_amyg-post_vmPFC_pos,pos,r_amyg-post_vmPFC,C5SPGN_log,148,-0.04862735972257251,0.0573086628471011,-0.8485167391238876,0.3981371659965408,0.25124345827133476,-0.07909031013837042,sensitivity
r_amyg-post_vmPFC_neg_vs_neu,neg_vs_neu,r_amyg-post_vmPFC,PA_score,93,-0.05295678721080721,0.273287695792173,-0.19377669769325892,0.8469741720113438,0.3265677098708578,0.016575068382840064,sensitivity
r_amyg-post_vmPFC_neg_vs_neu,neg_vs_neu,r_amyg-post_vmPFC,NA_score,93,0.003719507415207976,0.08557745277744531,0.04346363784490072,0.9654694156189164,0.5269472596700319,0.3091928236451259,sensitivity
r_amyg-post_vmPFC_neg_vs_neu,neg_vs_neu,r_amyg-post_vmPFC,NA_score_log,93,0.3517883196527978,0.5920002066966781,0.5942368189628738,0.5544817375652398,0.3937326809434325,0.114657248361838,sensitivity
r_amyg-post_vmPFC_neg_vs_neu,neg_vs_neu,r_amyg-post_vmPFC,C5SPGP,148,-0.008360638829762568,0.20111339656257,-0.04157176484840194,0.9669213489929169,0.34692923265967157,0.05880977648011487,sensitivity
r_amyg-post_vmPFC_neg_vs_neu,neg_vs_neu,r_amyg-post_vmPFC,C5SPGN,148,-0.27282988380992923,0.14705466006444642,-1.8552957362273461,0.06644175769212508,0.22582680596353877,-0.11572019140548817,sensitivity
r_amyg-post_vmPFC_neg_vs_neu,neg_vs_neu,r_amyg-post_vmPFC,C5SPGN_log,148,-0.10715569217556165,0.06503803373678346,-1.647585051682732,0.10251516457391421,0.26550543934275916,-0.05853627859425892,sensitivity
r_amyg-post_vmPFC_neg_vs_pos,neg_vs_pos,r_amyg-post_vmPFC,PA_score,93,0.10065192833883568,0.23894378405278083,0.4212368559317804,0.6750158406130784,0.32805886193077993,0.018752623771932653,sensitivity
r_amyg-post_vmPFC_neg_vs_pos,neg_vs_pos,r_amyg-post_vmPFC,NA_score,93,0.010507246865374006,0.07489538352573644,0.14029231670552006,0.8888766171172939,0.527080820399756,0.30938786471075486,sensitivity
r_amyg-post_vmPFC_neg_vs_pos,neg_vs_pos,r_amyg-post_vmPFC,NA_score_log,93,-0.5270295207537719,0.5153682405966445,-1.0226270833911437,0.31039505143022766,0.4002894032496267,0.12423214442802633,sensitivity
r_amyg-post_vmPFC_neg_vs_pos,neg_vs_pos,r_amyg-post_vmPFC,C5SPGP,148,0.13476493019120395,0.16730048350086585,0.8055262445819918,0.42238994369105487,0.35104648233441627,0.06474345983489405,sensitivity
r_amyg-post_vmPFC_neg_vs_pos,neg_vs_pos,r_amyg-post_vmPFC,C5SPGN,148,-0.12942054377465262,0.12411167382435362,-1.0427749444247465,0.29951775391940677,0.2081429859628654,-0.14120569670057637,sensitivity
r_amyg-post_vmPFC_neg_vs_pos,neg_vs_pos,r_amyg-post_vmPFC,C5SPGN_log,148,-0.06442011980089342,0.054620926083594326,-1.1794036538725463,0.2409810967279265,0.25610292282766156,-0.07208696416013471,sensitivity
l_amyg_safety_vs_threat_neg,neg,l_amyg_safety_vs_threat,PA_score,93,0.1822612376101343,0.348622032858475,0.5228047008839635,0.6029440121329327,0.3290771201523094,0.020239604031943914,sensitivity
l_amyg_safety_vs_threat_neg,neg,l_amyg_safety_vs_threat,NA_score,93,-0.07385310910219606,0.10897679199717092,-0.677695752909604,0.50044599241026,0.5303567854034235,0.31417181360499935,sensitivity
l_amyg_safety_vs_threat_neg,neg,l_amyg_safety_vs_threat,NA_score_log,93,-0.21412645100991368,0.7582393032373534,-0.28239956712305264,0.7785628604932155,0.3911053082302244,0.11082045011397856,sensitivity
l_amyg_safety_vs_threat_neg,neg,l_amyg_safety_vs_threat,C5SPGP,148,0.010393356064363424,0.239227280626105,0.04344553028050129,0.9654313205293048,0.3469302525994785,0.0588112463933661,sensitivity
l_amyg_safety_vs_threat_neg,neg,l_amyg_safety_vs_threat,C5SPGN,148,0.01077911757634109,0.17784759499135394,0.060608733994210705,0.9517894134447102,0.19973014846389825,-0.15333008015497018,sensitivity
l_amyg_safety_vs_threat_neg,neg,l_amyg_safety_vs_threat,C5SPGN_log,148,0.0015585354137996332,0.07838627102113839,0.01988275999733861,0.9841757400992074,0.2459611824205845,-0.08670300180562829,sensitivity
r_amyg_safety_vs_threat_neg,neg,r_amyg_safety_vs_threat,PA_score,93,-0.08326508202584149,0.3072027784799386,-0.2710427374317481,0.7872442658913426,0.3269511699731258,0.017135041865517064,sensitivity
r_amyg_safety_vs_threat_neg,neg,r_amyg_safety_vs_threat,NA_score,93,0.12843308651512858,0.09485625717234956,1.3539759035797863,0.18058127689362408,0.5403097031947565,0.32870623323678727,sensitivity
r_amyg_safety_vs_threat_neg,neg,r_amyg_safety_vs_threat,NA_score_log,93,0.5767125992783202,0.6635538441621287,0.8691270563077467,0.38807680731938254,0.3975579232738512,0.1202433165268939,sensitivity
r_amyg_safety_vs_threat_neg,neg,r_amyg_safety_vs_threat,C5SPGP,148,0.2790533708457519,0.23225405402502905,1.201500537922492,0.23233944810071303,0.35603222788193356,0.07192879900631599,sensitivity
r_amyg_safety_vs_threat_neg,neg,r_amyg_safety_vs_threat,C5SPGN,148,0.027286430733518885,0.17386161207190834,0.15694338967841473,0.8755997006207208,0.19989453918442346,-0.15309316411656626,sensitivity
r_amyg_safety_vs_threat_neg,neg,r_amyg_safety_vs_threat,C5SPGN_log,148,0.02147327510858929,0.07660797151219623,0.2803007922637748,0.7798144439324615,0.24653863600050985,-0.08587078929338277,sensitivity
l_amyg_safety_vs_threat_neu,neu,l_amyg_safety_vs_threat,PA_score,93,-0.32356471438460743,0.3192505712982468,-1.0135133449215674,0.3146917548505928,0.3369768614588047,0.03177573419381008,sensitivity
l_amyg_safety_vs_threat_neu,neu,l_amyg_safety_vs_threat,NA_score,93,-0.05382895634554155,0.10052498541264822,-0.5354783800721518,0.5942044449478551,0.5290764282258593,0.31230208566315965,sensitivity
l_amyg_safety_vs_threat_neu,neu,l_amyg_safety_vs_threat,NA_score_log,93,-0.025967948183580503,0.6989161089101971,-0.03715459960433835,0.9704792197932921,0.3903478883301026,0.10971437660903871,sensitivity
l_amyg_safety_vs_threat_neu,neu,l_amyg_safety_vs_threat,C5SPGP,148,-0.003427085989392342,0.2184367934650057,-0.01568914254338463,0.9875130363108073,0.34691974354870625,0.05879610099666488,sensitivity
l_amyg_safety_vs_threat_neu,neu,l_amyg_safety_vs_threat,C5SPGN,148,-0.23076008909134466,0.16077760557886456,-1.4352750699359826,0.15426810821557907,0.2155443668309749,-0.13053900074359492,sensitivity
l_amyg_safety_vs_threat_neu,neu,l_amyg_safety_vs_threat,C5SPGN_log,148,-0.09194012068841914,0.07099223820249172,-1.2950728560800917,0.19821877995118006,0.2581565925999071,-0.06912726360601629,sensitivity
r_amyg_safety_vs_threat_neu,neu,r_amyg_safety_vs_threat,PA_score,93,-0.5414304637893164,0.2734542954817013,-1.9799669368351436,0.052079263698107316,0.36564030821025084,0.07363346595782672,sensitivity
r_amyg_safety_vs_threat_neu,neu,r_amyg_safety_vs_threat,NA_score,93,0.17552195360625747,0.08541242555663299,2.05499319873403,0.04403165197921054,0.5566514795794135,0.3525704146239055,sensitivity
r_amyg_safety_vs_threat_neu,neu,r_amyg_safety_vs_threat,NA_score_log,93,0.828337414958898,0.6030764062694492,1.3735198498029189,0.1744590202093157,0.4080603664995006,0.1355802177453025,sensitivity
r_amyg_safety_vs_threat_neu,neu,r_amyg_safety_vs_threat,C5SPGP,148,0.12892832484980388,0.2068324844525758,0.6233465946659148,0.5344481789817972,0.34939659003390733,0.06236567387239589,sensitivity
r_amyg_safety_vs_threat_neu,neu,r_amyg_safety_vs_threat,C5SPGN,148,0.04685533018787047,0.15398856183825388,0.30427799070612954,0.7615360135737743,0.200427097556522,-0.15232565352148297,sensitivity
r_amyg_safety_vs_threat_neu,neu,r_amyg_safety_vs_threat,C5SPGN_log,148,0.03067628403411901,0.06783214377210589,0.45223816214892787,0.6520577306322078,0.24746715734288127,-0.08453262618231805,sensitivity
l_amyg_safety_vs_threat_pos,pos,l_amyg_safety_vs_threat,PA_score,93,0.11840569965556436,0.29750986383315065,0.3979891561577555,0.6919836537165018,0.3278562412057672,0.018456733189374352,sensitivity
l_amyg_safety_vs_threat_pos,pos,l_amyg_safety_vs_threat,NA_score,93,-0.09937690895982887,0.09240872726925052,-1.0754060995805648,0.28629428376663746,0.5354606769630421,0.32162511556507745,sensitivity
l_amyg_safety_vs_threat_pos,pos,l_amyg_safety_vs_threat,NA_score_log,93,-0.6432154663724733,0.6417975151098139,-1.0022093436469863,0.3200764401848401,0.3999020302548436,0.12366645688008915,sensitivity
l_amyg_safety_vs_threat_pos,pos,l_amyg_safety_vs_threat,C5SPGP,148,-0.14888973554249843,0.201431165872204,-0.7391593793234561,0.4615078496055186,0.3503977212879491,0.06380848067969136,sensitivity
l_amyg_safety_vs_threat_pos,pos,l_amyg_safety_vs_threat,C5SPGN,148,-0.11479816733665998,0.14971998992723654,-0.7667524382846376,0.44499975647604906,0.20428766763469153,-0.14676189076176804,sensitivity
l_amyg_safety_vs_threat_pos,pos,l_amyg_safety_vs_threat,C5SPGN_log,148,-0.05397687288668428,0.06596171224957488,-0.8183061210184421,0.41509002782062987,0.2508762201868543,-0.0796195650248277,sensitivity
r_amyg_safety_vs_threat_pos,pos,r_amyg_safety_vs_threat,PA_score,93,0.3355973132765613,0.3467851728267114,0.9677383566922548,0.33687558411635987,0.3360363857101608,0.0304023410370603,sensitivity
r_amyg_safety_vs_threat_pos,pos,r_amyg_safety_vs_threat,NA_score,93,0.02645343818181892,0.10931490568340484,0.24199296533660947,0.809571617976072,0.5273723980120495,0.3098136605890247,sensitivity
r_amyg_safety_vs_threat_pos,pos,r_amyg_safety_vs_threat,NA_score_log,93,-0.7923805617409767,0.7520695170679396,-1.053600157642602,0.29609019071557585,0.40089095728979274,0.12511060429620535,sensitivity
r_amyg_safety_vs_threat_pos,pos,r_amyg_safety_vs_threat,C5SPGP,148,0.2728574648638133,0.23296002449027742,1.1712630330496938,0.24422192920963323,0.35558527449550525,0.07128466030234581,sensitivity
r_amyg_safety_vs_threat_pos,pos,r_amyg_safety_vs_threat,C5SPGN,148,-0.08151663008372156,0.17416372355046322,-0.46804597663590064,0.6407502846512905,0.20141645830200694,-0.15089981009416653,sensitivity
r_amyg_safety_vs_threat_pos,pos,r_amyg_safety_vs_threat,C5SPGN_log,148,-0.05082902289344719,0.0766787714142143,-0.6628825939173144,0.5089009661141333,0.24919271811335597,-0.08204578860133993,sensitivity
l_amyg_safety_vs_threat_neg_vs_neu,neu,l_amyg_safety_vs_threat_neg_vs,PA_score,93,0.31012852510324806,0.2562147605315751,1.210424116314832,0.23063794319565614,0.3414808356095078,0.038352966286900325,sensitivity
l_amyg_safety_vs_threat_neg_vs_neu,neu,l_amyg_safety_vs_threat_neg_vs,NA_score,93,-0.00573398154076653,0.08113261557721135,-0.07067418571400154,0.9438809368856734,0.5269705782154066,0.30922687612408584,sensitivity
l_amyg_safety_vs_threat_neg_vs_neu,neu,l_amyg_safety_vs_threat_neg_vs,NA_score_log,93,-0.10099465288684828,0.5626928488677773,-0.17948451466917473,0.858133301384935,0.3906461191876476,0.11014988833751715,sensitivity
l_amyg_safety_vs_threat_neg_vs_neu,neu,l_amyg_safety_vs_threat_neg_vs,C5SPGP,148,0.009226998989359858,0.19080828365637115,0.04835743403036352,0.9615259428367886,0.3469331396606826,0.058815407158042565,sensitivity
l_amyg_safety_vs_threat_neg_vs_neu,neu,l_amyg_safety_vs_threat_neg_vs,C5SPGN,148,0.18293836917469,0.14069333146581087,1.3002632553280955,0.19644114234984378,0.21275025861395702,-0.13456580376223837,sensitivity
l_amyg_safety_vs_threat_neg_vs_neu,neu,l_amyg_safety_vs_threat_neg_vs,C5SPGN_log,148,0.07114620896443818,0.062123212538160034,1.1452435580458054,0.25478831040024774,0.25553112833097213,-0.07291102093477542,sensitivity
r_amyg_safety_vs_threat_neg_vs_neu,neu,r_amyg_safety_vs_threat_neg_vs,PA_score,93,0.4048244089994425,0.2561379077756408,1.5804939320189997,0.11900186946201362,0.3518649959572959,0.05351713695351157,sensitivity
r_amyg_safety_vs_threat_neg_vs_neu,neu,r_amyg_safety_vs_threat_neg_vs,NA_score,93,-0.05800691713337981,0.08143139636930437,-0.7123409362932841,0.47888359264845937,0.5307129187529205,0.31469188135347126,sensitivity
r_amyg_safety_vs_threat_neg_vs_neu,neu,r_amyg_safety_vs_threat_neg_vs,NA_score_log,93,-0.2949743108412303,0.5659384985511868,-0.52121266108662,0.6040460332394129,0.3929521836992571,0.11351747460843897,sensitivity
r_amyg_safety_vs_threat_neg_vs_neu,neu,r_amyg_safety_vs_threat_neg_vs,C5SPGP,148,0.08174679890385045,0.1971951838142157,0.4145476442308393,0.6793436251291345,0.3480166300537926,0.0603769080187011,sensitivity
r_amyg_safety_vs_threat_neg_vs_neu,neu,r_amyg_safety_vs_threat_neg_vs,C5SPGN,148,-0.023071941197631007,0.14670681695689722,-0.1572656382041851,0.8753463890152686,0.1998953332408565,-0.15309201974111852,sensitivity
r_amyg_safety_vs_threat_neg_vs_neu,neu,r_amyg_safety_vs_threat_neg_vs,C5SPGN_log,148,-0.012535709009643545,0.0646558697613115,-0.19388354152409235,0.8466526656124773,0.24623605027342887,-0.08630686872358773,sensitivity
l_amyg_safety_vs_threat_neg_vs_pos,pos,l_amyg_safety_vs_threat_neg_vs,PA_score,93,0.011038340024470572,0.2636668929278809,0.04186471764390161,0.9667389426695634,0.3261850746424728,0.016016299477896845,sensitivity
l_amyg_safety_vs_threat_neg_vs_pos,pos,l_amyg_safety_vs_threat_neg_vs,NA_score,93,0.03579699685181306,0.08241927920023032,0.43432795335236357,0.6655342640698643,0.5283453494919357,0.31123447862314424,sensitivity
l_amyg_safety_vs_threat_neg_vs_pos,pos,l_amyg_safety_vs_threat_neg_vs,NA_score_log,93,0.3819926965181871,0.5705691698694944,0.6694941063947775,0.5056266596100087,0.3946414381613016,0.11598432239428169,sensitivity
l_amyg_safety_vs_threat_neg_vs_pos,pos,l_amyg_safety_vs_threat_neg_vs,C5SPGP,148,0.14730205386785866,0.19552842291837386,0.753353664236079,0.45297281843468806,0.3505318955595865,0.06400184948293353,sensitivity
l_amyg_safety_vs_threat_neg_vs_pos,pos,l_amyg_safety_vs_threat_neg_vs,C5SPGN,148,0.11543174487544339,0.14531710032330816,0.7943438495443794,0.42883956231590015,0.20462161745152818,-0.14628061014338578,sensitivity
l_amyg_safety_vs_threat_neg_vs_pos,pos,l_amyg_safety_vs_threat_neg_vs,C5SPGN_log,148,0.05191718059483719,0.064039242288975,0.8107088519342966,0.41942045898237934,0.2507859079608281,-0.07974972087998311,sensitivity
r_amyg_safety_vs_threat_neg_vs_pos,pos,r_amyg_safety_vs_threat_neg_vs,PA_score,93,-0.23893028985832143,0.25474879127014527,-0.9379054898240938,0.3518748295993983,0.3354454797565508,0.029539430755598062,sensitivity
r_amyg_safety_vs_threat_neg_vs_pos,pos,r_amyg_safety_vs_threat_neg_vs,NA_score,93,0.07518461290207244,0.07974382687014732,0.9428267472603368,0.34937114053480456,0.5335151194050655,0.31878398389311147,sensitivity
r_amyg_safety_vs_threat_neg_vs_pos,pos,r_amyg_safety_vs_threat_neg_vs,NA_score_log,93,0.8288706285504914,0.547193857032863,1.5147659607236994,0.13483307064314679,0.41175879628679524,0.14098109933944702,sensitivity
r_amyg_safety_vs_threat_neg_vs_pos,pos,r_amyg_safety_vs_threat_neg_vs,C5SPGP,148,0.005082885835249296,0.19053945502661057,0.02667629040158336,0.9787700458441897,0.34692272384862455,0.058800396134782495,sensitivity
r_amyg_safety_vs_threat_neg_vs_pos,pos,r_amyg_safety_vs_threat_neg_vs,C5SPGN,148,0.07191769590528233,0.14147447440138577,0.5083439695364429,0.6123098244225125,0.20172373386239373,-0.15045697178655026,sensitivity
r_amyg_safety_vs_threat_neg_vs_pos,pos,r_amyg_safety_vs_threat_neg_vs,C5SPGN_log,148,0.04780295769649995,0.06225308654007023,0.7678809253213619,0.44433196772222394,0.2502921674491405,-0.08046128808800335,sensitivity
