persistence_var,affect_var,moderator,n,beta_interaction,se_interaction,t_interaction,p_interaction,beta_persistence,p_persistence,beta_moderator,p_moderator,r_squared,adj_r_squared
neg_persist_crossrun_mean_z_L,PA_score,C5SER,83,-2.1706022585227,0.8209612619612577,-2.643976468922761,0.010806275210879934,-2.974398636557045,0.005391916057461203,0.03646907197341834,0.03663245481215246,0.4487487647994364,0.1307192060298804
neg_persist_crossrun_mean_z_L,NA_score,C5SER,83,0.32116202892436574,0.21073869831958897,1.5239822181938214,0.1335722928653119,0.7381961527700356,0.007004279835537146,-0.005296261535737803,0.23037956704205828,0.41490657816394316,0.07735268095083347
neg_persist_crossrun_mean_z_L,NA_score_log,C5SER,83,2.058561111275388,1.9784473857118072,1.0404932302684196,0.3029245897197972,3.0838927033647847,0.2170712636720812,-0.02398614054727266,0.560776708285384,0.38907462209034793,0.03661767329631793
neg_persist_crossrun_mean_z_L,C5SPGP,C5SER,83,-1.6417590877917572,0.7436096351701544,-2.2078238502330407,0.03169141187292596,-2.824104943444341,0.003653250957205768,0.028830010277521172,0.06680589953268244,0.511564221502826,0.22977434929291796
neg_persist_crossrun_mean_z_L,C5SPGN,C5SER,83,-0.5411780707921182,0.4579737742330385,-1.1816791730015996,0.24270899831882636,-0.4186851574297188,0.4669416868487215,0.007919746847635358,0.40749593061066247,0.31706271770850913,-0.07693956053658169
neg_persist_crossrun_mean_z_L,C5SPGN_log,C5SER,83,-0.23125382862678673,0.21620980639942528,-1.0695806655483941,0.28974796333666736,-0.18628658142279342,0.49284175841222166,0.0029541948773012063,0.5122880664790438,0.3573732136887715,-0.013373009183091034
neg_persist_crossrun_mean_z_R,PA_score,C5SER,83,0.7516718048833804,0.8106604850799219,0.927233803445192,0.35808904174224365,0.22796237348927106,0.8563857148623146,-0.055086403714806775,0.32040222903871474,0.3672041601146989,0.002129637103948312
neg_persist_crossrun_mean_z_R,NA_score,C5SER,83,-0.21505919419331465,0.20622565186579575,-1.0428343527955846,0.301849120546146,-0.13424715155268446,0.6754647659197617,0.015225171595469184,0.28075816208626225,0.34036550259056175,-0.04019286129949884
neg_persist_crossrun_mean_z_R,NA_score_log,C5SER,83,-4.65136373332144,1.7270119647353788,-2.693301394720878,0.009500257884156177,-3.9447840394446345,0.145613003648107,0.32697760241393137,0.007249127261542095,0.45196132270678346,0.1357851627299278
neg_persist_crossrun_mean_z_R,C5SPGP,C5SER,83,-0.47988505252122127,0.7353377372156048,-0.652604957197398,0.5168857905210025,-1.2488982782346194,0.2770510466703564,0.030091084765782726,0.5483751149807234,0.4376942533104222,0.11328709175874274
neg_persist_crossrun_mean_z_R,C5SPGN,C5SER,83,-0.4677412761452602,0.4189819522286661,-1.1163757141739197,0.26939349658031697,-0.9599787598460658,0.14439907617482847,0.029242491652527507,0.3075886688179735,0.3270673548713787,-0.0611630173182105
neg_persist_crossrun_mean_z_R,C5SPGN_log,C5SER,83,-0.23894262232244906,0.1951625012192415,-1.2243265014011369,0.22634709448941415,-0.5541420287607204,0.07200955796125069,0.014740283830248817,0.26995126835348937,0.38357227992396303,0.027940902957018676
neg_persist_crossrun_mean_z_bilateral,PA_score,C5SER,83,-1.058366700995215,1.02541551975057,-1.0321344670623476,0.306785826182981,-2.6086828555967885,0.0681859904023904,0.022524058740115736,0.4139088246881588,0.39203318460793357,0.0412830988048184
neg_persist_crossrun_mean_z_bilateral,NA_score,C5SER,83,0.19074303107855708,0.25985152402446315,0.7340462281090951,0.46621761749327784,0.6570757198968082,0.06981577327820383,-0.0041273816073326645,0.5540419321733057,0.3711268942749305,0.00831548712585195
neg_persist_crossrun_mean_z_bilateral,NA_score_log,C5SER,83,-1.560079669816758,2.3503499600324376,-0.6637648419792035,0.5097731794618896,1.238615784171798,0.7012071252266581,0.055232544644062034,0.38229078685344464,0.39049106471372497,0.03885129435625867
neg_persist_crossrun_mean_z_bilateral,C5SPGP,C5SER,83,-1.3968738055535435,0.8916909882739825,-1.5665447155156598,0.12328703213588103,-3.4574510671569776,0.006447450658106598,0.03373175763900151,0.1620266814878124,0.5034967863612427,0.21705262464657515
neg_persist_crossrun_mean_z_bilateral,C5SPGN,C5SER,83,-0.5988901097341341,0.5431595395031554,-1.1026044213123039,0.2752759811660314,-0.9380534624564685,0.2117332842153343,0.013088535560295364,0.3704016915789513,0.32090538985601913,-0.07087996215012371
neg_persist_crossrun_mean_z_bilateral,C5SPGN_log,C5SER,83,-0.26933113697614713,0.25517436459150433,-1.0554788189922826,0.29608571978827625,-0.4870596732896217,0.1682272071405998,0.005515908961152583,0.42133100396773004,0.367212358236359,0.002142564911181588
pos_persist_crossrun_mean_z_L,PA_score,C5SER,83,-1.1104580143206924,0.5461516835454934,-2.033241035003041,0.047146901012271376,-0.9549781415252254,0.27934607031280867,0.026769923235334146,0.12415436784706926,0.4026715091308706,0.058058918244834445
pos_persist_crossrun_mean_z_L,NA_score,C5SER,83,0.09669697102704483,0.14396788611801375,0.6716565314279889,0.5047755040423569,0.18025121356688012,0.4373162110727815,-0.0019597410293358286,0.6660649782823174,0.3314247190828189,-0.05429178913863164
pos_persist_crossrun_mean_z_L,NA_score_log,C5SER,83,-0.004303912514171948,1.2836958324124976,-0.003352751022088655,0.9973377262492225,-0.24819612949701586,0.9042527207685044,0.015498291607050116,0.7018443534097899,0.3702823751478723,0.0069837454254909614
pos_persist_crossrun_mean_z_L,C5SPGP,C5SER,83,-1.1910896340065682,0.488558707408111,-2.437966238132375,0.018224066360296547,-1.565270194158506,0.0503976431411007,0.03171028805501665,0.04348422288016643,0.4837816971213851,0.1859634454606457
pos_persist_crossrun_mean_z_L,C5SPGN,C5SER,83,-0.20717956487835043,0.2950636932587262,-0.7021520085722146,0.4857155672334065,-0.3207473526783241,0.49976012156406247,0.00357922025776951,0.7005029829928282,0.30591352329502597,-0.09452098249630514
pos_persist_crossrun_mean_z_L,C5SPGN_log,C5SER,83,-0.08145656863079992,0.13889710007384354,-0.586452622750901,0.5601087198306574,-0.17146637460505793,0.4437272057878111,0.0009131179144380216,0.834789432292572,0.35065300373119623,-0.02397026334695984
pos_persist_crossrun_mean_z_R,PA_score,C5SER,83,-0.004340396462485657,0.4266747628311832,-0.01017261117973121,0.9919224985116073,0.8898042849461623,0.2648663078141272,-0.00521374003662258,0.9257105713994663,0.3738080021491972,0.012543388004503275
pos_persist_crossrun_mean_z_R,NA_score,C5SER,83,-0.1675236192099877,0.10705743773830487,-1.5648013136601362,0.12369545774445476,-0.3392119718309329,0.09276526247106505,0.022655683494216393,0.11070814110558712,0.36499130052141093,-0.0013598722546981357
pos_persist_crossrun_mean_z_R,NA_score_log,C5SER,83,-1.8014354134253456,0.947110214472303,-1.902033560507045,0.06271248512809166,-1.6994668564728472,0.33663295848887553,0.24803776391526114,0.04983954270677272,0.4112247403161765,0.07154670588320144
pos_persist_crossrun_mean_z_R,C5SPGP,C5SER,83,-0.4559057309826351,0.38862991819479376,-1.173110225533693,0.24609734299737088,-0.48588101423036045,0.5022132418863433,0.05646163882487698,0.27040009342637544,0.43895296618476354,0.1152719851375118
pos_persist_crossrun_mean_z_R,C5SPGN,C5SER,83,-0.10444268938399975,0.22140105824355052,-0.47173527630165335,0.6390892258376719,-0.5956085683100354,0.15196566802938516,0.011577382124271583,0.6900929425453356,0.32877465783234094,-0.05847073187976992
pos_persist_crossrun_mean_z_R,C5SPGN_log,C5SER,83,-0.06416751272188972,0.10286667492675987,-0.6237930094228904,0.5354905001369232,-0.35551142383118156,0.06741723579934732,0.007119799897529408,0.5978745931767342,0.38826009942718887,0.035333233712105505
pos_persist_crossrun_mean_z_bilateral,PA_score,C5SER,83,-0.4869108652149302,0.5407338891602046,-0.9004630095796935,0.3720253944454863,0.1198283194954759,0.9077711211732044,0.03627889447818869,0.44305619280388864,0.371133880163237,0.008326503334335267
pos_persist_crossrun_mean_z_bilateral,NA_score,C5SER,83,-0.07921674207604892,0.13927649103244388,-0.5687732472926512,0.5719584862075793,-0.1378315697112546,0.6053489401933938,0.007663277089355332,0.5289320594909359,0.3279848925573281,-0.059716130967290226
pos_persist_crossrun_mean_z_bilateral,NA_score_log,C5SER,83,-1.4825625354812222,1.2218836496063115,-1.2133418234697722,0.23048196121194725,-1.8393181676281354,0.43265484564817114,0.1424406918428325,0.18510016907686933,0.3872467309507287,0.03373522957614916
pos_persist_crossrun_mean_z_bilateral,C5SPGP,C5SER,83,-0.9502310852582978,0.4796581308577942,-1.9810590587903865,0.05288449204427023,-1.4325392009331945,0.12272258113231234,0.07920072444985114,0.06268001453570664,0.4655982789882098,0.15728959378910012
pos_persist_crossrun_mean_z_bilateral,C5SPGN,C5SER,83,-0.15575185699354976,0.2827764774776207,-0.5507949543146713,0.5841329940517492,-0.5923588256164253,0.27619459466700125,0.011277442673359912,0.6478220234551437,0.3153431795054472,-0.079651140010641
pos_persist_crossrun_mean_z_bilateral,C5SPGN_log,C5SER,83,-0.07971220190342586,0.1319384568021355,-0.604161999734225,0.5483629065533816,-0.360020382488619,0.1577048167291306,0.005587215237849313,0.627695703774849,0.37072913734767,0.007688255048248882
neg_persist_concat_z_L,PA_score,C5SER,84,-0.06839136973888882,0.24244526133261793,-0.2820899421294964,0.7789731790429398,-0.35392172692252366,0.4064128595367079,0.008319285973499901,0.8594729151900774,0.34062367182001374,-0.03260821205545028
neg_persist_concat_z_L,NA_score,C5SER,84,-0.011921251385237308,0.059248154322442945,-0.2012088228159639,0.8413055163294186,0.11924075972736106,0.25376566891983904,0.0029018060274419053,0.8005302071988035,0.3566197687577467,-0.007557720624660869
neg_persist_concat_z_L,NA_score_log,C5SER,84,-0.12262214969849516,0.5412875259576382,-0.22653791897670983,0.821654531760753,0.13810329296818669,0.884264514724004,0.03830303807374928,0.7151655087545743,0.36795698690592293,0.010196790814935852
neg_persist_concat_z_L,C5SPGP,C5SER,84,-0.09796960189351056,0.220696332276708,-0.4439113277636021,0.6589138480395439,-0.5267007326210278,0.17702861266369857,0.016594180932983732,0.6982176570394967,0.425384191530636,0.10012996032156196
neg_persist_concat_z_L,C5SPGN,C5SER,84,-0.16964075144401816,0.12493760769926447,-1.3578037435482035,0.18027895454457143,-0.0955233349742543,0.6629363474546965,0.029927797603182538,0.21972040748249685,0.30178320758369226,-0.09343384472742544
neg_persist_concat_z_L,C5SPGN_log,C5SER,84,-0.09060546223797347,0.05919180204725284,-1.5307096439747365,0.13178859812847035,-0.06817392680513676,0.5119310021582948,0.015840115025119686,0.1711069606605601,0.34263844554800904,-0.0294530003682123
neg_persist_concat_z_R,PA_score,C5SER,84,-0.2338674712787817,0.33257833235083917,-0.7031951529303879,0.48501178998518757,-0.2772663155195978,0.5675963889746694,-0.011603134488047905,0.322926056346564,0.3371183407731442,-0.03809769275149133
neg_persist_concat_z_R,NA_score,C5SER,84,0.11470835866679951,0.08082439270597039,1.4192294532183496,0.16168689597143168,0.2001587907296359,0.09337563800526989,0.003983603078356513,0.16451279536741947,0.3603460151308273,-0.0017222781913459606
neg_persist_concat_z_R,NA_score_log,C5SER,84,0.10140419030516035,0.7386764410897915,0.1372782244896774,0.8913310684531057,0.5536083249941146,0.6072522258500213,0.01809975405193106,0.48652110801178916,0.37115843157798545,0.015210373980618641
neg_persist_concat_z_R,C5SPGP,C5SER,84,-0.3531599281514868,0.3031652659324388,-1.1649089385793603,0.24927234406165033,-0.2477250664504581,0.5752909967097608,-0.012519895855414617,0.2428549008072922,0.42072021747638133,0.09282600095357829
neg_persist_concat_z_R,C5SPGN,C5SER,84,-0.17909539860176427,0.1725022688181616,-1.0382205395254982,0.3038809334511266,-0.19675176176882136,0.43483154614136565,-0.007097101199040386,0.24460720790123322,0.28889179500063333,-0.11362228330089508
neg_persist_concat_z_R,C5SPGN_log,C5SER,84,-0.07639104101058516,0.08212967998748541,-0.9301270992681978,0.3565226141801453,-0.10352236699378232,0.38841525105504504,-0.0034389000973347483,0.23644894211259082,0.32388030445554894,-0.058828957173385765
neg_persist_concat_z_bilateral,PA_score,C5SER,84,-0.05822885275278933,0.3627040036685927,-0.16054097049889138,0.8730652977268454,-0.28886681731693864,0.5776510040242075,0.001886248246743924,0.9648902454269215,0.33631036828979644,-0.039363008149941425
neg_persist_concat_z_bilateral,NA_score,C5SER,84,0.012112844000303519,0.08831094813634352,0.13716129490085946,0.8914230394551148,0.15511459638456915,0.2220373060988672,-0.0007620313807133461,0.9417780354631143,0.3571620045355465,-0.006708558934898967
neg_persist_concat_z_bilateral,NA_score_log,C5SER,84,-0.6266246803356539,0.7993798516195852,-0.783888509406485,0.43659489932658013,-0.019085784576840736,0.986662163428055,0.08699247358016958,0.3589163753284842,0.3800575505192586,0.02914673005846158
neg_persist_concat_z_bilateral,C5SPGP,C5SER,84,-0.2713336215802741,0.3329872169342396,-0.8148469604280898,0.41880646165028934,-0.4085740224187534,0.39192835886822497,0.02877546607748606,0.4656393731557821,0.41170271489330634,0.07870425162536643
neg_persist_concat_z_bilateral,C5SPGN,C5SER,84,-0.3355223373169637,0.18375422514194237,-1.8259299183884716,0.0734964867355229,-0.243666887839103,0.3551221927581656,0.03647253969351348,0.09729549124938708,0.3207448060181828,-0.06373926604699687
neg_persist_concat_z_bilateral,C5SPGN_log,C5SER,84,-0.1652739353859698,0.08731063993681072,-1.8929415189899352,0.06383165623770991,-0.14157924678876227,0.2591028644856722,0.01773278737710863,0.08995524960373891,0.35676465212982744,-0.00733082779668548
neg_persist_crossrun_mean_z_L,PA_score,C5SES,83,-0.8811619667275694,0.6913672102908784,-1.2745209110464448,0.2081450300345989,-2.111712301517386,0.05910393894084688,0.011952296116047575,0.4226702495398137,0.39347562951956105,0.04355772347315401
neg_persist_crossrun_mean_z_L,NA_score,C5SES,83,0.31284406347633575,0.16752401366923333,1.867458023624175,0.0674785992437101,0.809706178447994,0.003559225614295719,-0.005267343895440274,0.14762189688324406,0.4263893294650143,0.09546009646406106
neg_persist_crossrun_mean_z_L,NA_score_log,C5SES,83,2.7961015252475,1.5625745167830554,1.7894196374096538,0.07937165405773153,4.4115684581218275,0.08030752279992565,-0.04118256489853729,0.22346353199364372,0.4087827680580859,0.06769590347621235
neg_persist_crossrun_mean_z_L,C5SPGP,C5SES,83,-0.29928396218042286,0.6231270930833538,-0.4802936118529331,0.6330330299853859,-1.7699927415902075,0.07853240679628429,0.0034650070036372355,0.7959279648150608,0.4678952025985732,0.16091166563621162
neg_persist_crossrun_mean_z_L,C5SPGN,C5SES,83,0.4139063039898433,0.36790638990572544,1.1250315714709527,0.2657418397156413,0.48696827831308886,0.4068427835010089,-0.010373867105152318,0.19322778819923203,0.3162446787479859,-0.0782295450512529
neg_persist_crossrun_mean_z_L,C5SPGN_log,C5SES,83,0.22408881752792853,0.17259791097550847,1.2983286776844396,0.19990326673347247,0.2519492636854059,0.36065785456635824,-0.005740220450763027,0.1260741643535583,0.3646609173519827,-0.0018808610987965935
neg_persist_crossrun_mean_z_R,PA_score,C5SES,83,-0.7128185692454756,0.5631900604851141,-1.2656803080499615,0.2112691834367514,-1.6298872258538917,0.16750905398664204,0.043297800809853154,0.2633921449726441,0.37561941596304216,0.015399848249412651
neg_persist_crossrun_mean_z_R,NA_score,C5SES,83,0.19741910349762215,0.14324635297417954,1.378178916242338,0.17404954657384364,0.3898939785822966,0.19377181429400642,-0.01261145099871281,0.20111467277396466,0.3493626997519751,-0.026004973468039205
neg_persist_crossrun_mean_z_R,NA_score_log,C5SES,83,2.1716261155639627,1.2579287682827938,1.7263506251856078,0.09022189283857453,4.415212116686284,0.09554201997809604,-0.13419500466934026,0.12273631266601241,0.40558955102134553,0.06266044584135255
neg_persist_crossrun_mean_z_R,C5SPGP,C5SES,83,0.009759803654764365,0.5165497196825256,0.018894219245269933,0.9849978034762839,-0.6914579290310146,0.5201765826683619,-0.0024153191453894496,0.9454390855302817,0.4327468798625448,0.10548546439862838
neg_persist_crossrun_mean_z_R,C5SPGN,C5SES,83,0.0871954308319054,0.2961405843273802,0.29443931513119387,0.7695944617419683,-0.30228135119324895,0.6235842970091512,-0.008108723102909846,0.6888274245432162,0.3127248475511867,-0.0837800480923594
neg_persist_crossrun_mean_z_R,C5SPGN_log,C5SES,83,0.02148032217533269,0.13836484070476687,0.15524407837946264,0.8772299539481507,-0.2508746694161924,0.3845236254068689,-0.002763650566987949,0.7701206683329119,0.3665756944801887,0.0011385951418360074
neg_persist_crossrun_mean_z_bilateral,PA_score,C5SES,83,-1.5778194235715328,0.8232265714847,-1.9166283963914268,0.06078831241596733,-3.652337903958173,0.015323436278103961,0.03582075550253015,0.11124767067707571,0.42026928607469205,0.08580925881009138
neg_persist_crossrun_mean_z_bilateral,NA_score,C5SES,83,0.5588732251309827,0.20043691523113089,2.78827492673456,0.007384813393007185,1.1987623151392888,0.0013811255867472825,-0.01369936489479008,0.013939006024950934,0.4464264211501736,0.12705704873681223
neg_persist_crossrun_mean_z_bilateral,NA_score_log,C5SES,83,4.744481359185502,1.8322467819122914,2.589433588325777,0.012440145445103128,8.803975572695231,0.008958284412275886,-0.10991387620781382,0.029834519540614873,0.4519875877981512,0.13582658075862308
neg_persist_crossrun_mean_z_bilateral,C5SPGP,C5SES,83,-0.208878317979734,0.7498644476056867,-0.27855476899415804,0.7816912700374747,-2.4246222618561086,0.07337921862491772,0.0033878267735341777,0.8670619144465168,0.48052304839363513,0.18082480708227078
neg_persist_crossrun_mean_z_bilateral,C5SPGN,C5SES,83,0.5431619346001678,0.4451342578810863,1.2202204727753594,0.22788627216947507,0.3197563848678473,0.6864246337288209,-0.016391855158112305,0.17622254244512806,0.32521573511567436,-0.06408287924066736
neg_persist_crossrun_mean_z_bilateral,C5SPGN_log,C5SES,83,0.26296047500519365,0.20873032147258153,1.2598096584627534,0.21336298790481192,0.10265190432048832,0.7821582925102373,-0.008198901409840139,0.14960724459210745,0.37358458478562184,0.012191076008095991
pos_persist_crossrun_mean_z_L,PA_score,C5SES,83,-0.003776862572744344,0.4568230434302779,-0.008267670878386377,0.9934350658701236,0.37991080414911427,0.6119231488101933,-0.004818073109331501,0.7450475311032863,0.35504631458902547,-0.017042350071152068
pos_persist_crossrun_mean_z_L,NA_score,C5SES,83,0.027809141943024564,0.11641423475846419,0.23888094098391718,0.8121368798277806,0.0908297260556099,0.6340456006391542,-0.0001677327454701681,0.9645496113035865,0.3253522415985347,-0.06386761901769522
pos_persist_crossrun_mean_z_L,NA_score_log,C5SES,83,0.05750060170415594,1.0366272783574664,0.055468925914496016,0.9559774642707388,-0.1904199558118831,0.9106710767722059,0.010285422854842373,0.7596596973007297,0.3662576954690481,0.000637135162729674
pos_persist_crossrun_mean_z_L,C5SPGP,C5SES,83,0.5493873892335934,0.4082189868408863,1.3458153759215787,0.18420071436283705,0.39698810540650953,0.5531920045377687,-0.017655685971952766,0.18588164735605062,0.4437985323671073,0.12291307027120768
pos_persist_crossrun_mean_z_L,C5SPGN,C5SES,83,0.008241783777022282,0.23849516123034903,0.034557446509625445,0.9725649481400894,-0.06100491198396696,0.875860674428533,-0.0027271284622641286,0.7244501767677289,0.3001789109857248,-0.10356402498404926
pos_persist_crossrun_mean_z_L,C5SPGN_log,C5SES,83,0.011268082113229633,0.11210564781279284,0.10051306364195316,0.9203235514652195,-0.06115705003453345,0.7391109284088899,-0.0017745693484698725,0.6257399531146104,0.34718321719419953,-0.02944184980914688
pos_persist_crossrun_mean_z_R,PA_score,C5SES,83,0.6536389120319911,0.37741703210516425,1.7318744424068806,0.08922488591004911,1.2091916885714071,0.06735755706330371,-0.0890243397788292,0.07271374022407423,0.4079856052192937,0.06643883899965553
pos_persist_crossrun_mean_z_R,NA_score,C5SES,83,-0.17414965409328942,0.09677197027556866,-1.7995877690345605,0.07772886974743673,-0.23920160099995105,0.15546212553123143,0.02302404235958634,0.07034490780516216,0.37306743908236994,0.011375577014506533
pos_persist_crossrun_mean_z_R,NA_score_log,C5SES,83,-0.45813713683000384,0.8916713250724506,-0.5137959738615335,0.6095711270540558,0.052942915388314526,0.972512062435643,0.06991038424524228,0.5452616770960292,0.36942929954097614,0.005638510814616304
pos_persist_crossrun_mean_z_R,C5SPGP,C5SES,83,0.15023271283352968,0.3576948275090665,0.420002474958131,0.6762140512182422,0.08024210393562997,0.8964246844069017,-0.021342932563280403,0.6450320681580459,0.42571456374564565,0.09439604282967196
pos_persist_crossrun_mean_z_R,C5SPGN,C5SES,83,0.06138526731710628,0.20159611179025222,0.30449628602447304,0.7619651323464565,-0.4500664649116264,0.19869635109211806,-0.009845955955652068,0.7060222763399575,0.32756712497696283,-0.060374918305558634
pos_persist_crossrun_mean_z_R,C5SPGN_log,C5SES,83,0.01413025137418042,0.09388684980372983,0.15050298741218462,0.8809500905709168,-0.2776105187117221,0.09059896096119856,-0.002991873569136695,0.8055175469726292,0.3842525618491446,0.02901365522365107
pos_persist_crossrun_mean_z_bilateral,PA_score,C5SES,83,0.5566720919661732,0.48245979156420005,1.1538206949046816,0.25384936776556544,1.152008897983377,0.17770967698176077,-0.052467647819833096,0.21060558635684762,0.3772529048609481,0.01797573458841817
pos_persist_crossrun_mean_z_bilateral,NA_score,C5SES,83,-0.11075794574603057,0.12441303749104636,-0.8902438842392341,0.3774353533309798,-0.11808604725427779,0.5893650737606507,0.010052187107408008,0.3506823469120256,0.332957307952344,-0.051875014382842144
pos_persist_crossrun_mean_z_bilateral,NA_score_log,C5SES,83,-0.21720163831857509,1.114119092543225,-0.19495369909043025,0.8461889207945903,-0.110687016756851,0.9548824731364225,0.030109510198726736,0.7540243666455543,0.3662943138426241,0.0006948795210611758
pos_persist_crossrun_mean_z_bilateral,C5SPGP,C5SES,83,0.46525924966221477,0.4414417187478317,1.0539539647089597,0.29677670915503795,0.11110171963691617,0.8860437381107855,-0.041318755629507986,0.28032027912554713,0.4369468206026582,0.11210844787342256
pos_persist_crossrun_mean_z_bilateral,C5SPGN,C5SES,83,0.05683798643712057,0.2540541205113226,0.2237239306440906,0.8238487677354699,-0.3488038081074466,0.4356460718511017,-0.0069871797574641015,0.7498280102955279,0.31255603257276754,-0.0840462563275588
pos_persist_crossrun_mean_z_bilateral,C5SPGN_log,C5SES,83,0.01838287025659671,0.11865108636751935,0.15493216977092095,0.8774746108599774,-0.24325866662418535,0.24607142579032015,-0.002818138152632689,0.783002247283857,0.36695191252006065,0.0017318620508649518
neg_persist_concat_z_L,PA_score,C5SES,84,-0.007413310582825572,0.20458040206240027,-0.03623666054075109,0.9712297945826321,-0.29441783792149945,0.49714844764399735,-0.0029943055671454583,0.9397308992790401,0.33917016114021326,-0.034884464629477474
neg_persist_concat_z_L,NA_score,C5SES,84,-0.013556815308072297,0.0499476685175199,-0.27142038278157143,0.7871221459094025,0.1148452588278056,0.2796242466655926,0.003046974996929846,0.7527692462709178,0.356417628287935,-0.007874280228328256
neg_persist_concat_z_L,NA_score_log,C5SES,84,0.04205135274453422,0.4577767370225227,0.09185995998408561,0.9271556358041357,0.34140455448385787,0.7245171610275829,0.0036257198234391497,0.9673634717731194,0.36371208734745564,0.003549117921487044
neg_persist_concat_z_L,C5SPGP,C5SES,84,-0.15697875760252578,0.18518732903794902,-0.8476754776799946,0.40043064572133025,-0.6321130771144347,0.11082394614266729,0.028182184325741905,0.4331190879128126,0.43053699993765215,0.1081994527325495
neg_persist_concat_z_L,C5SPGN,C5SES,84,0.026269275739500386,0.1069763658414686,0.24556148952030765,0.8069701305205164,0.11814513723538911,0.6019989127227284,-0.007568056151930947,0.7149381121540337,0.27949792522838746,-0.12833343784988394
neg_persist_concat_z_L,C5SPGN_log,C5SES,84,0.015403182718879749,0.05089133791123252,0.30266806397872326,0.763327575440317,0.047598593272258474,0.6586097163544999,-0.004421099188577263,0.6538991113705384,0.3160496887029943,-0.07109199693682022
neg_persist_concat_z_R,PA_score,C5SES,84,-0.31300643341009926,0.2197303179309362,-1.4245027102199017,0.16016284052683039,-0.4282699055602495,0.30846086255153127,-0.013428412322023808,0.1542167100305258,0.35494356159049223,-0.0101827243016821
neg_persist_concat_z_R,NA_score,C5SES,84,0.06472646521456238,0.054473510596498104,1.1882190904495038,0.24004443982219106,0.1563649814328204,0.1358462140765076,0.002449710949695631,0.2923079952872053,0.35226019733016767,-0.014384973992378924
neg_persist_concat_z_R,NA_score_log,C5SES,84,0.09734525352594608,0.49618271079385534,0.19618832218115972,0.8452130837642255,0.5690776055241797,0.5476843602057767,0.01460624288438726,0.489312185858204,0.3674634192269133,0.009423845204411307
neg_persist_concat_z_R,C5SPGP,C5SES,84,-0.03515350769082462,0.20570085974019617,-0.1708962604007787,0.8649561057458501,0.1050835022796689,0.7885684937295269,-0.003264868757074369,0.7088573937169877,0.40547332287897353,0.06894878865952447
neg_persist_concat_z_R,C5SPGN,C5SES,84,-0.014903936998161837,0.11658869567469395,-0.12783346543087537,0.8987645803691349,-0.01365213252221395,0.9509698854595496,-0.0028624143271325205,0.5639083814695396,0.27584989180589703,-0.13404639585114242
neg_persist_concat_z_R,C5SPGN_log,C5SES,84,0.0040796864692206405,0.055398149598712323,0.07364300971734025,0.9415716858839605,-0.011544473074384429,0.9128658493129884,-0.0013415504086018285,0.5692205844170282,0.31422209401116474,-0.0739540791900628
neg_persist_concat_z_bilateral,PA_score,C5SES,84,-0.17479395633552097,0.25974345640895946,-0.6729484497977587,0.5039038695549036,-0.47709753350957007,0.35570665911027755,0.01568763686502706,0.6131872595857131,0.3410204757314951,-0.03198680215633787
neg_persist_concat_z_bilateral,NA_score,C5SES,84,0.031243182523402732,0.06336790745418475,0.4930442518713701,0.6240180134087775,0.18743315148521678,0.13945164881883984,-0.0031387024147826806,0.6783247579691049,0.3591837284165872,-0.003542463045721922
neg_persist_concat_z_bilateral,NA_score_log,C5SES,84,0.05761304644702973,0.5794269589953396,0.09943107677786377,0.9211711513899401,0.7129016939807689,0.5352398612538093,0.004403441950910669,0.9492199780951585,0.369384369871703,0.012432126402855515
neg_persist_concat_z_bilateral,C5SPGP,C5SES,84,-0.15384918257239816,0.24001230160249987,-0.6410054049112778,0.5242813861777917,-0.3518199675227375,0.46043312044851625,0.01572541245395957,0.5834942173573473,0.40825979237739696,0.07331250504384801
neg_persist_concat_z_bilateral,C5SPGN,C5SES,84,0.02382261942163323,0.13599518817597045,0.17517251706588358,0.8616115943725933,0.13102782904081187,0.6270543084778033,-0.005360332455484652,0.7412906910689187,0.27967623944773456,-0.12805419105354776
neg_persist_concat_z_bilateral,C5SPGN_log,C5SES,84,0.019286416406147013,0.06471812049201507,0.2980064355936692,0.7668633868168885,0.053495402723484714,0.6766998518480425,-0.0037276222288070526,0.6296956218974175,0.3157580326750147,-0.0715487412825242
