fc_var,condition,seed_target,affect_var,n,n_groups,beta_fc,se_fc,z_fc,p_fc,group_var,log_likelihood,converged,degenerate_re,optimizer,tier
l_amyg-ant_vmPFC_neg,neg,l_amyg-ant_vmPFC,PA_score,93,8,0.19822428639159312,0.19213835188627928,1.0316747512694182,0.3022245092788669,0.3715724052953285,-96.13726110568982,True,False,lbfgs,primary
l_amyg-ant_vmPFC_neg,neg,l_amyg-ant_vmPFC,NA_score,93,8,-0.018114703759854422,0.07309789985152187,-0.24781428463265595,0.8042781020741843,0.029318207237328982,4.329430796212847,True,False,lbfgs,primary
l_amyg-ant_vmPFC_neg,neg,l_amyg-ant_vmPFC,NA_score_log,93,8,0.08229744256788628,0.5176290852525555,0.15898921624107093,0.8736773699564935,1.9722324509187588e-10,-166.04675129628188,True,False,powell,sensitivity
l_amyg-ant_vmPFC_neg,neg,l_amyg-ant_vmPFC,C5SPGP,148,8,0.23751444734494706,0.16631548188435621,1.428095837223966,0.1532642755282576,0.035495988484884326,-141.5490608340957,True,False,lbfgs,sensitivity
l_amyg-ant_vmPFC_neg,neg,l_amyg-ant_vmPFC,C5SPGN,148,8,-0.24519475997914178,0.1133253401522047,-2.163635773339186,0.03049231377130135,0.018262978817503987,-85.43248404723477,True,False,powell,sensitivity
l_amyg-ant_vmPFC_neg,neg,l_amyg-ant_vmPFC,C5SPGN_log,148,8,-0.11732944214696991,0.050468074489717955,-2.3248250172665865,0.020081318717844354,0.0024055065259825682,26.184455595506762,True,False,powell,sensitivity
l_amyg-ant_vmPFC_neu,neu,l_amyg-ant_vmPFC,PA_score,93,8,0.021223021476242613,0.1842406659384867,0.11519184088993926,0.9082930656541155,0.37675192873220315,-96.71925186287436,True,False,lbfgs,sensitivity
l_amyg-ant_vmPFC_neu,neu,l_amyg-ant_vmPFC,NA_score,93,8,0.06502169933081253,0.05909877673887922,1.1002207307623815,0.27123596021398555,0.029850072885800227,4.815009019505908,True,False,lbfgs,sensitivity
l_amyg-ant_vmPFC_neu,neu,l_amyg-ant_vmPFC,NA_score_log,93,8,0.20012579687379148,0.4443237423921007,0.45040536388259717,0.6524181780224398,1.9857375174461438e-10,-166.06940681981766,True,False,powell,sensitivity
l_amyg-ant_vmPFC_neu,neu,l_amyg-ant_vmPFC,C5SPGP,148,8,0.0927920047681597,0.1571509084761919,0.5904643229104688,0.554879397817015,0.030245642113033638,-142.4590066841996,True,False,powell,sensitivity
l_amyg-ant_vmPFC_neu,neu,l_amyg-ant_vmPFC,C5SPGN,148,8,-0.13406981349505698,0.10492598428719699,-1.2777560716332121,0.2013354477549818,0.0010260729397093896,-87.0031190345423,True,False,powell,sensitivity
l_amyg-ant_vmPFC_neu,neu,l_amyg-ant_vmPFC,C5SPGN_log,148,8,-0.06939269457865889,0.04729457162759381,-1.4672443832469777,0.1423095872188056,0.0009889357680707997,24.53426463848774,True,False,powell,sensitivity
l_amyg-ant_vmPFC_pos,pos,l_amyg-ant_vmPFC,PA_score,93,8,-0.08593934836874154,0.20781519849381364,-0.41353735911331735,0.679212956825888,0.37679375596376546,-96.50656031923046,True,False,lbfgs,sensitivity
l_amyg-ant_vmPFC_pos,pos,l_amyg-ant_vmPFC,NA_score,93,8,0.02734195749861907,0.06531842224472685,0.41859488577629234,0.6755122278566079,0.028200377809041027,4.412867092144921,True,False,lbfgs,sensitivity
l_amyg-ant_vmPFC_pos,pos,l_amyg-ant_vmPFC,NA_score_log,93,8,0.43178564901726324,0.47564981181111265,0.9077805526153166,0.363994175099283,1.941279954296196e-10,-165.68894043150445,True,False,powell,sensitivity
l_amyg-ant_vmPFC_pos,pos,l_amyg-ant_vmPFC,C5SPGP,148,8,-0.042693351238603135,0.16178978073641606,-0.263881631115862,0.7918711303578154,0.036427660302703134,-142.56230096858582,True,False,lbfgs,sensitivity
l_amyg-ant_vmPFC_pos,pos,l_amyg-ant_vmPFC,C5SPGN,148,8,-0.01534642000116437,0.10963360621468596,-0.13997915904647715,0.8886764569221481,2.0744805824552135e-11,-87.76648762056544,True,False,powell,sensitivity
l_amyg-ant_vmPFC_pos,pos,l_amyg-ant_vmPFC,C5SPGN_log,148,8,-0.01164928308005924,0.04948576032265278,-0.2354067716471282,0.8138930307287944,0.0006178182531702724,23.53198063126723,True,False,powell,sensitivity
l_amyg-ant_vmPFC_neg_vs_neu,neg_vs_neu,l_amyg-ant_vmPFC,PA_score,93,8,0.11240579532765888,0.15739519892261358,0.7141627959244511,0.47512651930933814,0.3649360158110002,-96.651047437138,True,False,lbfgs,sensitivity
l_amyg-ant_vmPFC_neg_vs_neu,neg_vs_neu,l_amyg-ant_vmPFC,NA_score,93,8,-0.08009804610472665,0.054574281245785235,-1.4676885206053467,0.14218885033748108,0.03332629083840501,4.997040378282321,True,False,lbfgs,sensitivity
l_amyg-ant_vmPFC_neg_vs_neu,neg_vs_neu,l_amyg-ant_vmPFC,NA_score_log,93,8,-0.12780363799730074,0.45316828157236716,-0.28202246978508266,0.7779262809395302,1.7722608460162816e-05,-166.15202982957405,True,False,lbfgs,sensitivity
l_amyg-ant_vmPFC_neg_vs_neu,neg_vs_neu,l_amyg-ant_vmPFC,C5SPGP,148,8,0.10632100404335151,0.1498988144589844,0.7092851563041765,0.47814753793442044,0.04191254408158746,-142.42693372186022,True,False,powell,sensitivity
l_amyg-ant_vmPFC_neg_vs_neu,neg_vs_neu,l_amyg-ant_vmPFC,C5SPGN,148,8,-0.06716489073606581,0.10146648621946784,-0.6619416246541829,0.5080086339932857,0.0012676231992116934,-87.63608714882133,True,False,powell,sensitivity
l_amyg-ant_vmPFC_neg_vs_neu,neg_vs_neu,l_amyg-ant_vmPFC,C5SPGN_log,148,8,-0.028550558666631733,0.04571500002341516,-0.6245337121734261,0.5322771376140878,0.000874162372187702,23.619805529501832,True,False,powell,sensitivity
l_amyg-ant_vmPFC_neg_vs_pos,neg_vs_pos,l_amyg-ant_vmPFC,PA_score,93,8,0.19789300919927305,0.16434546794465052,1.2041281799503039,0.22854003962548242,0.36815473535929377,-96.10124135854406,True,False,lbfgs,sensitivity
l_amyg-ant_vmPFC_neg_vs_pos,neg_vs_pos,l_amyg-ant_vmPFC,NA_score,93,8,-0.032036175474999616,0.056333374439985456,-0.568689090498728,0.5695671526735642,0.029534636180962772,4.30271220281503,True,False,lbfgs,sensitivity
l_amyg-ant_vmPFC_neg_vs_pos,neg_vs_pos,l_amyg-ant_vmPFC,NA_score_log,93,8,-0.28834036728809015,0.4239801571230344,-0.6800798632762829,0.4964538939865615,1.981145612040237e-10,-165.98507046230876,True,False,powell,sensitivity
l_amyg-ant_vmPFC_neg_vs_pos,neg_vs_pos,l_amyg-ant_vmPFC,C5SPGP,148,8,0.22046178582919118,0.14644766271356027,1.505396410869298,0.13222219129619917,0.0406911511939982,-141.56549175551544,True,False,powell,sensitivity
l_amyg-ant_vmPFC_neg_vs_pos,neg_vs_pos,l_amyg-ant_vmPFC,C5SPGN,148,8,-0.17503720706016793,0.09931748832327074,-1.7624006609030967,0.07800162706494307,0.0067474743163203005,-86.33479232852443,True,False,powell,sensitivity
l_amyg-ant_vmPFC_neg_vs_pos,neg_vs_pos,l_amyg-ant_vmPFC,C5SPGN_log,148,8,-0.0811177980861162,0.044756755074276816,-1.8124146388963145,0.06992215259070522,0.001608457885146839,25.034245817645854,True,False,lbfgs,sensitivity
l_amyg-post_vmPFC_neg,neg,l_amyg-post_vmPFC,PA_score,93,8,-0.06494585676941933,0.2251179970636016,-0.288496955448082,0.772966360693468,0.3801974868011619,-96.5273814096195,True,False,lbfgs,primary
l_amyg-post_vmPFC_neg,neg,l_amyg-post_vmPFC,NA_score,93,8,0.03061218680566542,0.07078281953205015,0.4324804664188936,0.6653922462190711,0.02790299318583711,4.494828420924108,True,False,lbfgs,primary
l_amyg-post_vmPFC_neg,neg,l_amyg-post_vmPFC,NA_score_log,93,8,-0.024495260133234293,0.5497140204603281,-0.04456000615142046,0.9644580214423142,2.0056059713944888e-10,-165.9575929502158,True,False,powell,sensitivity
l_amyg-post_vmPFC_neg,neg,l_amyg-post_vmPFC,C5SPGP,148,8,0.2319847788083761,0.17748041725146227,1.3071007066638207,0.1911785113249338,0.03190802418484086,-141.64917291417106,True,False,powell,sensitivity
l_amyg-post_vmPFC_neg,neg,l_amyg-post_vmPFC,C5SPGN,148,8,-0.2802135009886281,0.1263058192774478,-2.2185319931546563,0.026518580679877557,0.029297855289742616,-85.09709961093193,True,False,powell,sensitivity
l_amyg-post_vmPFC_neg,neg,l_amyg-post_vmPFC,C5SPGN_log,148,8,-0.13468999269645404,0.0537665001655885,-2.5050913167425763,0.012241978251593899,0.002523221629511399,26.693706100824784,True,False,lbfgs,sensitivity
l_amyg-post_vmPFC_neu,neu,l_amyg-post_vmPFC,PA_score,93,8,0.02571672225961631,0.22583044483989292,0.11387624143347325,0.9093358996207528,0.3755919687311692,-96.51869653824144,True,False,lbfgs,sensitivity
l_amyg-post_vmPFC_neu,neu,l_amyg-post_vmPFC,NA_score,93,8,0.11134970133394224,0.07229769711410078,1.5401555758852083,0.1235224355548481,0.02797208099294394,5.617552565930367,True,False,lbfgs,sensitivity
l_amyg-post_vmPFC_neu,neu,l_amyg-post_vmPFC,NA_score_log,93,8,0.8108281138959917,0.5606250739190942,1.446292989052083,0.14809504136469198,1.912532394816961e-10,-164.88099621506134,True,False,powell,sensitivity
l_amyg-post_vmPFC_neu,neu,l_amyg-post_vmPFC,C5SPGP,148,8,-0.08681227176927593,0.19547152737104695,-0.44411722227190453,0.6569578355416807,0.039133197531948244,-142.31186166103532,True,False,lbfgs,sensitivity
l_amyg-post_vmPFC_neu,neu,l_amyg-post_vmPFC,C5SPGN,148,8,0.01779185318090939,0.13134196955573063,0.1354620555873422,0.892246562936567,2.455426902272339e-10,-87.58645528394078,True,False,powell,sensitivity
l_amyg-post_vmPFC_neu,neu,l_amyg-post_vmPFC,C5SPGN_log,148,8,-0.02009720697906038,0.05934595077100164,-0.3386449575407347,0.7348772104026993,0.0007076472116069484,23.743525074339487,True,False,powell,sensitivity
l_amyg-post_vmPFC_pos,pos,l_amyg-post_vmPFC,PA_score,93,8,-0.004636840949467526,0.2135796481644806,-0.021710125423076976,0.9826791867576936,0.37277304867961897,-96.6415034246163,True,False,lbfgs,sensitivity
l_amyg-post_vmPFC_pos,pos,l_amyg-post_vmPFC,NA_score,93,8,0.0930223231046393,0.06699529101585584,1.388490469914126,0.16498774474375666,0.0275615463523487,5.3238647234460075,True,False,lbfgs,sensitivity
l_amyg-post_vmPFC_pos,pos,l_amyg-post_vmPFC,NA_score_log,93,8,1.0166986344330455,0.5365102105421995,1.8950219668803052,0.0580894915014476,1.891322619991101e-10,-164.1812532956259,True,False,powell,sensitivity
l_amyg-post_vmPFC_pos,pos,l_amyg-post_vmPFC,C5SPGP,148,8,0.08048793361072365,0.18140075014697735,0.44370231956322925,0.6572578182263007,0.0335464361415131,-142.38634993845136,True,False,powell,sensitivity
l_amyg-post_vmPFC_pos,pos,l_amyg-post_vmPFC,C5SPGN,148,8,0.060651659324072495,0.12238260724623416,0.49559051477013544,0.6201833463088424,0.0018437381109305837,-87.5473521069174,True,False,powell,sensitivity
l_amyg-post_vmPFC_pos,pos,l_amyg-post_vmPFC,C5SPGN_log,148,8,0.021466984820259844,0.05527571881971456,0.38836192958929844,0.6977482133387649,0.0009701393371626758,23.68718610972053,True,False,powell,sensitivity
l_amyg-post_vmPFC_neg_vs_neu,neg_vs_neu,l_amyg-post_vmPFC,PA_score,93,8,-0.06946213980049076,0.19656728517479177,-0.35337589232472516,0.7238066566221852,0.3823407564156237,-96.67090173420755,True,False,lbfgs,sensitivity
l_amyg-post_vmPFC_neg_vs_neu,neg_vs_neu,l_amyg-post_vmPFC,NA_score,93,8,-0.05356234305708883,0.06004260658831307,-0.8920722483676187,0.3723542086041798,0.0286818743056613,4.646762333212195,True,False,lbfgs,sensitivity
l_amyg-post_vmPFC_neg_vs_neu,neg_vs_neu,l_amyg-post_vmPFC,NA_score_log,93,8,-0.6285824740622523,0.5033197820197686,-1.2488729760229529,0.21171153717714386,5.942624997330148e-10,-165.23697959406226,True,False,powell,sensitivity
l_amyg-post_vmPFC_neg_vs_neu,neg_vs_neu,l_amyg-post_vmPFC,C5SPGP,148,8,0.26374938396630404,0.1645622931123232,1.6027327948467511,0.10899365985139764,0.03964963228570941,-141.29863905809623,True,False,powell,sensitivity
l_amyg-post_vmPFC_neg_vs_neu,neg_vs_neu,l_amyg-post_vmPFC,C5SPGN,148,8,-0.2486710335689876,0.11076224044934257,-2.2450885117543105,0.024762450968273564,0.0027048482353903805,-85.27489174854816,True,False,powell,sensitivity
l_amyg-post_vmPFC_neg_vs_neu,neg_vs_neu,l_amyg-post_vmPFC,C5SPGN_log,148,8,-0.10201377934630006,0.050145699943772486,-2.0343475005969878,0.041916571099254174,0.0011523289802752008,25.56956129597259,True,False,powell,sensitivity
l_amyg-post_vmPFC_neg_vs_pos,neg_vs_pos,l_amyg-post_vmPFC,PA_score,93,8,-0.06377033080605432,0.22885770265516586,-0.278646207080655,0.7805163484160009,0.3853337236000923,-96.68841956028311,True,False,lbfgs,sensitivity
l_amyg-post_vmPFC_neg_vs_pos,neg_vs_pos,l_amyg-post_vmPFC,NA_score,93,8,-0.053415138755369136,0.060238513538984975,-0.8867273711991597,0.3752256982956319,0.02875237788118271,4.644596977143351,True,False,lbfgs,sensitivity
l_amyg-post_vmPFC_neg_vs_pos,neg_vs_pos,l_amyg-post_vmPFC,NA_score_log,93,8,-0.8393903849222465,0.49491631726641855,-1.696024874585806,0.0898811694113475,1.9212572274887231e-10,-164.57052680331273,True,False,powell,sensitivity
l_amyg-post_vmPFC_neg_vs_pos,neg_vs_pos,l_amyg-post_vmPFC,C5SPGP,148,8,0.11133702779786744,0.1513722193502333,0.7355182362773216,0.46202393787941487,0.037006664883293496,-142.3912754255768,True,False,powell,sensitivity
l_amyg-post_vmPFC_neg_vs_pos,neg_vs_pos,l_amyg-post_vmPFC,C5SPGN,148,8,-0.24212373440219667,0.10110381227952428,-2.394803212096405,0.016629287613954213,0.013754695684701234,-85.04800031495114,True,False,lbfgs,sensitivity
l_amyg-post_vmPFC_neg_vs_pos,neg_vs_pos,l_amyg-post_vmPFC,C5SPGN_log,148,8,-0.11323214231711495,0.04548738749377626,-2.4893085436618616,0.012799183442364193,0.0021752465727538977,26.46009107244282,True,False,powell,sensitivity
r_amyg-ant_vmPFC_neg,neg,r_amyg-ant_vmPFC,PA_score,93,8,-0.05540109534567016,0.21555073349504136,-0.25702114044044594,0.7971624534329633,0.3774752947546832,-96.52367972796517,True,False,lbfgs,secondary
r_amyg-ant_vmPFC_neg,neg,r_amyg-ant_vmPFC,NA_score,93,8,0.023543478993714662,0.06871693829503767,0.34261536642727336,0.7318878403018767,0.028129613865490483,4.427927950393581,True,False,lbfgs,secondary
r_amyg-ant_vmPFC_neg,neg,r_amyg-ant_vmPFC,NA_score_log,93,8,0.8075310316260211,0.5039205211131071,1.60249681803446,0.10904579060679254,1.921713378240489e-10,-164.7323280204818,True,False,powell,sensitivity
r_amyg-ant_vmPFC_neg,neg,r_amyg-ant_vmPFC,C5SPGP,148,8,0.13562030229597674,0.17567509707748982,0.7719950326035966,0.4401173695713321,0.03550791826477526,-142.2145159815655,True,False,powell,sensitivity
r_amyg-ant_vmPFC_neg,neg,r_amyg-ant_vmPFC,C5SPGN,148,8,-0.23951098004372315,0.1207810674725851,-1.9830175792914513,0.047365465961208164,0.022883150803728467,-85.75161671436393,True,False,powell,sensitivity
r_amyg-ant_vmPFC_neg,neg,r_amyg-ant_vmPFC,C5SPGN_log,148,8,-0.1037805999718756,0.053901982659138606,-1.9253577484924018,0.05418461761420046,0.0032387217725897005,25.41820935762337,True,False,powell,sensitivity
r_amyg-ant_vmPFC_neu,neu,r_amyg-ant_vmPFC,PA_score,93,8,-0.13739154827090674,0.19714228098988076,-0.6969156873961451,0.4858555596957901,0.37071949576995533,-96.41151147285976,True,False,lbfgs,sensitivity
r_amyg-ant_vmPFC_neu,neu,r_amyg-ant_vmPFC,NA_score,93,8,0.0684556133783625,0.06235634207328311,1.0978131670698603,0.2722860806838212,0.02802507777148132,4.8901155833133885,True,False,lbfgs,sensitivity
r_amyg-ant_vmPFC_neu,neu,r_amyg-ant_vmPFC,NA_score_log,93,8,0.5585559161461761,0.46956855073092824,1.1895087847700416,0.23423951620202144,1.9531972587759639e-10,-165.40363404708606,True,False,powell,sensitivity
r_amyg-ant_vmPFC_neu,neu,r_amyg-ant_vmPFC,C5SPGP,148,8,0.21571739660082748,0.17023310949623477,1.2671882528562914,0.20508798513377458,0.01712715125734101,-141.7616234184498,True,False,powell,sensitivity
r_amyg-ant_vmPFC_neu,neu,r_amyg-ant_vmPFC,C5SPGN,148,8,-0.05372660545605087,0.11305797121556178,-0.47521289192084587,0.6346352390983658,3.533491344316789e-11,-87.6320137860684,True,False,powell,sensitivity
r_amyg-ant_vmPFC_neu,neu,r_amyg-ant_vmPFC,C5SPGN_log,148,8,-0.02977796960389513,0.05104915702616841,-0.58331951668919,0.5596782265795954,0.0006745905388108359,23.706374702900632,True,False,powell,sensitivity
r_amyg-ant_vmPFC_pos,pos,r_amyg-ant_vmPFC,PA_score,93,8,-0.03404850540403852,0.2097685017003609,-0.1623146713069169,0.8710580618494852,0.37867033720400156,-96.61135475049201,True,False,lbfgs,sensitivity
r_amyg-ant_vmPFC_pos,pos,r_amyg-ant_vmPFC,NA_score,93,8,0.006631456256040119,0.06711122018006659,0.09881292931714268,0.9212868026260377,0.028658072679095214,4.3229901619658335,True,False,lbfgs,sensitivity
r_amyg-ant_vmPFC_pos,pos,r_amyg-ant_vmPFC,NA_score_log,93,8,0.3778553973600653,0.4862604975565877,0.7770637328319951,0.43712116975970616,2.1509854415199115e-10,-165.7770599914057,True,False,powell,sensitivity
r_amyg-ant_vmPFC_pos,pos,r_amyg-ant_vmPFC,C5SPGP,148,8,-0.07144393562449854,0.1760778989717791,-0.40575186347463865,0.684924930755729,0.03332583595682661,-142.43250770795942,True,False,powell,sensitivity
r_amyg-ant_vmPFC_pos,pos,r_amyg-ant_vmPFC,C5SPGN,148,8,-0.21751995426086418,0.11736084827776767,-1.8534286131439817,0.06382094932426319,3.975504245978164e-11,-85.99890085988415,True,False,powell,sensitivity
r_amyg-ant_vmPFC_pos,pos,r_amyg-ant_vmPFC,C5SPGN_log,148,8,-0.10040431514509524,0.05297193881251787,-1.8954245850893523,0.05803617415258833,0.0004654422209188292,25.35846950491242,True,False,powell,sensitivity
r_amyg-ant_vmPFC_neg_vs_neu,neg_vs_neu,r_amyg-ant_vmPFC,PA_score,93,8,0.0722434131726466,0.1752461185218393,0.41223973336472824,0.6801637168021077,0.3682378175785927,-96.71181069228646,True,False,lbfgs,sensitivity
r_amyg-ant_vmPFC_neg_vs_neu,neg_vs_neu,r_amyg-ant_vmPFC,NA_score,93,8,-0.04263699622271808,0.05858277265084861,-0.7278077546249504,0.46673127689528937,0.02824031626599148,4.48918908151839,True,False,lbfgs,sensitivity
r_amyg-ant_vmPFC_neg_vs_neu,neg_vs_neu,r_amyg-ant_vmPFC,NA_score_log,93,8,0.17820728436099334,0.5049738819959688,0.3529039633824388,0.7241604394213548,1.9735736421666436e-10,-165.984400954871,True,False,powell,sensitivity
r_amyg-ant_vmPFC_neg_vs_neu,neg_vs_neu,r_amyg-ant_vmPFC,C5SPGP,148,8,-0.1085269770048075,0.1896806811625081,-0.5721561960852907,0.5672161605144037,0.02674749818796643,-142.29638355537747,True,False,powell,sensitivity
r_amyg-ant_vmPFC_neg_vs_neu,neg_vs_neu,r_amyg-ant_vmPFC,C5SPGN,148,8,-0.19336229875321212,0.12564272161360082,-1.5389852772202337,0.12380789056693997,0.012293461382424554,-86.47870385087987,True,False,powell,sensitivity
r_amyg-ant_vmPFC_neg_vs_neu,neg_vs_neu,r_amyg-ant_vmPFC,C5SPGN_log,148,8,-0.07715712089550522,0.05675095859597422,-1.359573878651251,0.17396480889308652,0.0021580806951486294,24.553824518628176,True,False,lbfgs,sensitivity
r_amyg-ant_vmPFC_neg_vs_pos,neg_vs_pos,r_amyg-ant_vmPFC,PA_score,93,8,-0.013547107420317022,0.17206722694738943,-0.07873147990267275,0.9372462058485023,0.3734657873861474,-96.80716732094987,True,False,lbfgs,sensitivity
r_amyg-ant_vmPFC_neg_vs_pos,neg_vs_pos,r_amyg-ant_vmPFC,NA_score,93,8,0.013562468989004732,0.060523722158844176,0.22408517693954952,0.8226910263060385,0.027564398404762866,4.194677098473562,True,False,lbfgs,sensitivity
r_amyg-ant_vmPFC_neg_vs_pos,neg_vs_pos,r_amyg-ant_vmPFC,NA_score_log,93,8,0.31693997842459953,0.46173155433318247,0.6864161122414816,0.49245074700756497,1.9487443840655145e-10,-165.91495535249513,True,False,powell,sensitivity
r_amyg-ant_vmPFC_neg_vs_pos,neg_vs_pos,r_amyg-ant_vmPFC,C5SPGP,148,8,0.17679184179936505,0.1620809748772237,1.0907624533557059,0.2753774217486904,0.02886798346356376,-142.00180619977323,True,False,powell,sensitivity
r_amyg-ant_vmPFC_neg_vs_pos,neg_vs_pos,r_amyg-ant_vmPFC,C5SPGN,148,8,-0.007883678946142395,0.11200612491649188,-0.07038614140092972,0.9438863214501083,1.2126290298071887e-09,-87.77340662439497,True,False,powell,sensitivity
r_amyg-ant_vmPFC_neg_vs_pos,neg_vs_pos,r_amyg-ant_vmPFC,C5SPGN_log,148,8,6.333343811336961e-05,0.050178348704847754,0.0012621666465331678,0.998992936986957,0.0006626797877213854,23.504967653256756,True,False,powell,sensitivity
r_amyg-post_vmPFC_neg,neg,r_amyg-post_vmPFC,PA_score,93,8,-0.11705578218198753,0.19467982757694227,-0.6012732990310679,0.5476579706711187,0.38429480206586125,-96.50950744212273,True,False,lbfgs,secondary
r_amyg-post_vmPFC_neg,neg,r_amyg-post_vmPFC,NA_score,93,8,-0.035917665797442176,0.06079161345992094,-0.5908325795814284,0.5546326033142648,0.02803315516850562,4.430773180194194,True,False,lbfgs,secondary
r_amyg-post_vmPFC_neg,neg,r_amyg-post_vmPFC,NA_score_log,93,8,0.17217298647474202,0.4591720174244053,0.3749640220684557,0.7076872239892709,1.9600706083383136e-10,-166.06585844659574,True,False,powell,sensitivity
r_amyg-post_vmPFC_neg,neg,r_amyg-post_vmPFC,C5SPGP,148,8,-0.10693836651479863,0.16777435932995965,-0.6373939792819255,0.5238682491113584,0.03216420618342735,-142.35908437951133,True,False,powell,sensitivity
r_amyg-post_vmPFC_neg,neg,r_amyg-post_vmPFC,C5SPGN,148,8,-0.22172451223980882,0.11207495377451797,-1.9783591674362255,0.04788820268424643,0.008283247788974516,-85.81819248456344,True,False,powell,sensitivity
r_amyg-post_vmPFC_neg,neg,r_amyg-post_vmPFC,C5SPGN_log,148,8,-0.10153044061655477,0.05055436978120056,-2.008341535182394,0.04460701102305653,0.0018851788872195057,25.522657382840634,True,False,lbfgs,sensitivity
r_amyg-post_vmPFC_neu,neu,r_amyg-post_vmPFC,PA_score,93,8,0.22323546463193825,0.21275908876030028,1.049240556221036,0.294067417093417,0.38201558070595293,-96.0265043350025,True,False,lbfgs,sensitivity
r_amyg-post_vmPFC_neu,neu,r_amyg-post_vmPFC,NA_score,93,8,-0.06975125298537577,0.0679158258108749,-1.0270250291826235,0.3044086785375737,0.0277379511203676,4.897748686224645,True,False,lbfgs,sensitivity
r_amyg-post_vmPFC_neu,neu,r_amyg-post_vmPFC,NA_score_log,93,8,-0.08770362879886653,0.5037672981305197,-0.17409551815755941,0.8617903954070945,1.9671105082417674e-10,-166.03414419135717,True,False,powell,sensitivity
r_amyg-post_vmPFC_neu,neu,r_amyg-post_vmPFC,C5SPGP,148,8,0.08284537803804906,0.1777275176353459,0.4661370346038808,0.6411174157754607,0.03705263886738163,-142.39324207268635,True,False,lbfgs,sensitivity
r_amyg-post_vmPFC_neu,neu,r_amyg-post_vmPFC,C5SPGN,148,8,-0.11525641366720832,0.12028734492092676,-0.9581757228324757,0.33797415691526655,1.7378030552130133e-11,-87.22341686043973,True,False,powell,sensitivity
r_amyg-post_vmPFC_neu,neu,r_amyg-post_vmPFC,C5SPGN_log,148,8,-0.06702149123368349,0.054035117417098655,-1.2403321106224798,0.21485258017061915,3.564405063843713e-12,24.36127524071236,True,False,powell,sensitivity
r_amyg-post_vmPFC_pos,pos,r_amyg-post_vmPFC,PA_score,93,8,-0.08311980964303016,0.18350359193479074,-0.4529601233776795,0.6505774560544257,0.3771602947403497,-96.61477658582513,True,False,lbfgs,sensitivity
r_amyg-post_vmPFC_pos,pos,r_amyg-post_vmPFC,NA_score,93,8,-0.010320093268291423,0.06710085143596665,-0.1537997364778558,0.8777676416248237,0.027838602617825926,4.240493515325028,True,False,lbfgs,sensitivity
r_amyg-post_vmPFC_pos,pos,r_amyg-post_vmPFC,NA_score_log,93,8,0.5251111257670816,0.45281312665720147,1.1596640972924197,0.24618559310874244,0.10295921124938608,-165.48997615173502,True,False,powell,sensitivity
r_amyg-post_vmPFC_pos,pos,r_amyg-post_vmPFC,C5SPGP,148,8,-0.1826897792550277,0.15797875811862927,-1.156419897400652,0.24750944676037578,0.020933221382320333,-141.96606857220092,True,False,powell,sensitivity
r_amyg-post_vmPFC_pos,pos,r_amyg-post_vmPFC,C5SPGN,148,8,-0.11436436417214965,0.1049650524834035,-1.089547058438639,0.2759127147701568,2.6419115909946485e-10,-87.22458351789453,True,False,powell,sensitivity
r_amyg-post_vmPFC_pos,pos,r_amyg-post_vmPFC,C5SPGN_log,148,8,-0.04503092686504933,0.04750732682190958,-0.9478733045506115,0.343193956628697,0.0008053313157781151,23.91415508056582,True,False,powell,sensitivity
r_amyg-post_vmPFC_neg_vs_neu,neg_vs_neu,r_amyg-post_vmPFC,PA_score,93,8,-0.33674739971932616,0.18472885734094233,-1.8229279635385438,0.06831430200939104,0.3981351299130507,-95.23952203300374,True,False,lbfgs,sensitivity
r_amyg-post_vmPFC_neg_vs_neu,neg_vs_neu,r_amyg-post_vmPFC,NA_score,93,8,0.02324169772131072,0.06638095776516144,0.35012597744572777,0.7262441560924182,0.028138658573176146,4.407149839809989,True,False,lbfgs,sensitivity
r_amyg-post_vmPFC_neg_vs_neu,neg_vs_neu,r_amyg-post_vmPFC,NA_score_log,93,8,0.33484691676826306,0.5378382830054967,0.6225791791858016,0.533561096922486,2.587061052406873e-05,-165.78635295712738,True,False,lbfgs,sensitivity
r_amyg-post_vmPFC_neg_vs_neu,neg_vs_neu,r_amyg-post_vmPFC,C5SPGP,148,8,-0.2090519646701574,0.17980231937550178,-1.1626766851297965,0.24496070451449858,0.029338934308931912,-141.8160712100397,True,False,powell,sensitivity
r_amyg-post_vmPFC_neg_vs_neu,neg_vs_neu,r_amyg-post_vmPFC,C5SPGN,148,8,-0.14147968826385196,0.12345881402536713,-1.145966688411425,0.2518089355990685,0.012112838424040656,-87.02696820789191,True,False,powell,sensitivity
r_amyg-post_vmPFC_neg_vs_neu,neg_vs_neu,r_amyg-post_vmPFC,C5SPGN_log,148,8,-0.049764972907804975,0.05577395533706461,-0.892261856041141,0.3722525942624748,0.0021059230862016123,24.00275510243432,True,False,powell,sensitivity
r_amyg-post_vmPFC_neg_vs_pos,neg_vs_pos,r_amyg-post_vmPFC,PA_score,93,8,-0.016240970310839282,0.1805740243288194,-0.08994078949730337,0.9283342671531261,0.3751895719850487,-96.74907009540402,True,False,lbfgs,sensitivity
r_amyg-post_vmPFC_neg_vs_pos,neg_vs_pos,r_amyg-post_vmPFC,NA_score,93,8,-0.029591964256158437,0.06296150199838633,-0.47000092623134787,0.6383543558186666,0.029553712050217458,4.335889242479851,True,False,lbfgs,sensitivity
r_amyg-post_vmPFC_neg_vs_pos,neg_vs_pos,r_amyg-post_vmPFC,NA_score_log,93,8,-0.39085219590528547,0.47336097208215716,-0.8256958620522873,0.40897664018002655,0.03442634484401743,-165.77212608935625,True,False,powell,sensitivity
r_amyg-post_vmPFC_neg_vs_pos,neg_vs_pos,r_amyg-post_vmPFC,C5SPGP,148,8,0.0833217882443001,0.15548042669958384,0.5358988910243525,0.5920284309489401,0.030611689441667568,-142.4998731620379,True,False,powell,sensitivity
r_amyg-post_vmPFC_neg_vs_pos,neg_vs_pos,r_amyg-post_vmPFC,C5SPGN,148,8,-0.07573700726716885,0.10519356473748875,-0.7199775714053522,0.4715388050122682,0.002771576930508765,-87.56289405655167,True,False,powell,sensitivity
r_amyg-post_vmPFC_neg_vs_pos,neg_vs_pos,r_amyg-post_vmPFC,C5SPGN_log,148,8,-0.04204935153815906,0.047252564863431254,-0.8898850604129013,0.3735276065944597,0.0011446714577530838,23.853119373595547,True,False,powell,sensitivity
l_amyg_safety_vs_threat_neg,neg,l_amyg_safety_vs_threat,PA_score,93,8,0.3806912331395167,0.2151828556946985,1.769152249190528,0.07686847044806933,0.39086407879673374,-95.12070027346769,True,False,lbfgs,sensitivity
l_amyg_safety_vs_threat_neg,neg,l_amyg_safety_vs_threat,NA_score,93,8,-0.07716008579681831,0.08548152657073402,-0.9026521740106044,0.36671052672271176,0.03094932629835628,4.916668271574309,True,False,lbfgs,sensitivity
l_amyg_safety_vs_threat_neg,neg,l_amyg_safety_vs_threat,NA_score_log,93,8,0.19503488523218404,0.7800104070704533,0.25004138850492,0.802555341569243,1.2019447837960844e-07,-165.69715543345896,True,False,lbfgs,sensitivity
l_amyg_safety_vs_threat_neg,neg,l_amyg_safety_vs_threat,C5SPGP,148,8,0.05355341452856411,0.2129679556408861,0.2514623120995147,0.8014566967890773,0.0370351626503701,-142.29121819140988,True,False,powell,sensitivity
l_amyg_safety_vs_threat_neg,neg,l_amyg_safety_vs_threat,C5SPGN,148,8,-0.001228645826996364,0.14429536914639085,-0.008514797351187865,0.9932062567482942,3.4670733220118586e-10,-87.50598848935817,True,False,powell,sensitivity
l_amyg_safety_vs_threat_neg,neg,l_amyg_safety_vs_threat,C5SPGN_log,148,8,0.0036737113933536496,0.06510208177324121,0.056430014114597,0.9549992472367543,0.0006692893128205813,23.77702784542322,True,False,powell,sensitivity
r_amyg_safety_vs_threat_neg,neg,r_amyg_safety_vs_threat,PA_score,93,8,0.11068064358711317,0.24561141189523983,0.45063314743014293,0.6522539721975189,0.38201637939095945,-96.36022104667862,True,False,lbfgs,sensitivity
r_amyg_safety_vs_threat_neg,neg,r_amyg_safety_vs_threat,NA_score,93,8,0.09814702498791826,0.0823547528970051,1.1917590853640636,0.2333557228811176,0.02512893003529846,5.223756217171285,True,False,lbfgs,sensitivity
r_amyg_safety_vs_threat_neg,neg,r_amyg_safety_vs_threat,NA_score_log,93,8,0.856847201819089,0.6131855929732531,1.3973700811598557,0.16230231132410378,3.960877776037601e-09,-164.83392125610268,True,False,lbfgs,sensitivity
r_amyg_safety_vs_threat_neg,neg,r_amyg_safety_vs_threat,C5SPGP,148,8,0.3556139730532241,0.2065724966347181,1.7214971927364362,0.0851606411511947,0.022040514731599892,-140.88053606804215,True,False,lbfgs,sensitivity
r_amyg_safety_vs_threat_neg,neg,r_amyg_safety_vs_threat,C5SPGN,148,8,0.020695373520135358,0.14054845714849423,0.14724724795996866,0.8829368685269172,8.528743331991127e-07,-87.5210671804279,True,False,powell,sensitivity
r_amyg_safety_vs_threat_neg,neg,r_amyg_safety_vs_threat,C5SPGN_log,148,8,0.014728588046786967,0.06337831694247584,0.2323915931714485,0.8162338778930334,0.0006037638440284771,23.77668405161546,True,False,powell,sensitivity
l_amyg_safety_vs_threat_neu,neu,l_amyg_safety_vs_threat,PA_score,93,8,0.007335182887323486,0.2634717890215664,0.027840486886901834,0.9777893746004029,0.3778756929899763,-96.35537528644943,True,False,lbfgs,sensitivity
l_amyg_safety_vs_threat_neu,neu,l_amyg_safety_vs_threat,NA_score,93,8,-0.01896356649147179,0.08420875168592548,-0.22519709782898173,0.8218259470676414,0.028212031285781907,4.581385624605218,True,False,lbfgs,sensitivity
l_amyg_safety_vs_threat_neu,neu,l_amyg_safety_vs_threat,NA_score_log,93,8,-0.5546466519057367,0.6205858323179436,-0.8937468808046775,0.3714573359727589,1.9449815431116447e-10,-165.44037962447211,True,False,powell,sensitivity
l_amyg_safety_vs_threat_neu,neu,l_amyg_safety_vs_threat,C5SPGP,148,8,0.21406581619902992,0.18767978120113615,1.1405907169596277,0.2540402820971366,0.03158985791553279,-141.79709699235076,True,False,powell,sensitivity
l_amyg_safety_vs_threat_neu,neu,l_amyg_safety_vs_threat,C5SPGN,148,8,-0.21163533485400365,0.12602005431702176,-1.6793782227835279,0.09307835472371484,0.0024919054906787446,-86.2315583514615,True,False,powell,sensitivity
l_amyg_safety_vs_threat_neu,neu,l_amyg_safety_vs_threat,C5SPGN_log,148,8,-0.08222090212894007,0.057106804269587565,-1.4397741771855215,0.14993129923219684,0.0012089357991126024,24.68231575940075,True,False,powell,sensitivity
r_amyg_safety_vs_threat_neu,neu,r_amyg_safety_vs_threat,PA_score,93,8,-0.4559304342221417,0.22625764898996373,-2.015094014533695,0.043894799278651364,0.3705003550478495,-94.5166117276157,True,False,lbfgs,sensitivity
r_amyg_safety_vs_threat_neu,neu,r_amyg_safety_vs_threat,NA_score,93,8,0.1834057913182981,0.07332567454820864,2.501249288851973,0.012375603163009341,0.025215192789491973,7.529762624252527,True,False,lbfgs,sensitivity
r_amyg_safety_vs_threat_neu,neu,r_amyg_safety_vs_threat,NA_score_log,93,8,0.9320899484077674,0.562741049289437,1.6563390027876952,0.09765318617744345,2.0578012170950667e-10,-164.56720643224733,True,False,powell,sensitivity
r_amyg_safety_vs_threat_neu,neu,r_amyg_safety_vs_threat,C5SPGP,148,8,0.20004267445862814,0.20384254228567888,0.9813588086939902,0.32641583148578013,0.01923858853517021,-141.90941306178638,True,False,powell,sensitivity
r_amyg_safety_vs_threat_neu,neu,r_amyg_safety_vs_threat,C5SPGN,148,8,0.07017182275950291,0.13650398806666877,0.5140642684024065,0.607207058127808,4.641682038769188e-10,-87.43308732410901,True,False,powell,sensitivity
r_amyg_safety_vs_threat_neu,neu,r_amyg_safety_vs_threat,C5SPGN_log,148,8,0.042837039440765765,0.061348476700558735,0.698257589179482,0.48501611703048075,3.890019930424684e-12,23.955920842356875,True,False,powell,sensitivity
l_amyg_safety_vs_threat_pos,pos,l_amyg_safety_vs_threat,PA_score,93,8,-0.10961817724276798,0.2328729277958186,-0.47072099913168286,0.6378399865802302,0.3831666222163826,-96.42007997941744,True,False,lbfgs,sensitivity
l_amyg_safety_vs_threat_pos,pos,l_amyg_safety_vs_threat,NA_score,93,8,-0.07816413701945704,0.0730016599498061,-1.07071725592542,0.284296581451831,0.029329142846786994,5.00782316877158,True,False,lbfgs,sensitivity
l_amyg_safety_vs_threat_pos,pos,l_amyg_safety_vs_threat,NA_score_log,93,8,-0.5069754665193192,0.5810099341330154,-0.8725762448035065,0.382894093267913,1.9873781998908324e-10,-165.51910297388466,True,False,powell,sensitivity
l_amyg_safety_vs_threat_pos,pos,l_amyg_safety_vs_threat,C5SPGP,148,8,-0.12899879738692244,0.17756929791932263,-0.7264701662870354,0.46755059023753254,0.034140262561640405,-142.23854149830044,True,False,lbfgs,sensitivity
l_amyg_safety_vs_threat_pos,pos,l_amyg_safety_vs_threat,C5SPGN,148,8,-0.07754476898611644,0.12063959431955484,-0.6427804190116293,0.5203665904599326,0.002021750961247281,-87.47710117689871,True,False,powell,sensitivity
l_amyg_safety_vs_threat_pos,pos,l_amyg_safety_vs_threat,C5SPGN_log,148,8,-0.034915979985155575,0.05439576316804104,-0.6418878594881016,0.5209459975134503,0.0010329652100847311,23.803204924498573,True,False,lbfgs,sensitivity
r_amyg_safety_vs_threat_pos,pos,r_amyg_safety_vs_threat,PA_score,93,8,0.11686874124310831,0.26530954908504456,0.44049956605838647,0.6595753265074216,0.3668205605231935,-96.31100004405508,True,False,lbfgs,sensitivity
r_amyg_safety_vs_threat_pos,pos,r_amyg_safety_vs_threat,NA_score,93,8,0.03048041403253115,0.08952334522864032,0.34047447573239087,0.7334992412699131,0.02729319195165687,4.63421061545975,True,False,lbfgs,sensitivity
r_amyg_safety_vs_threat_pos,pos,r_amyg_safety_vs_threat,NA_score_log,93,8,-0.44160366768457326,0.6776325230332663,-0.6516860579652168,0.5146037184632304,0.0005621670443063972,-165.5384952100276,True,False,lbfgs,sensitivity
r_amyg_safety_vs_threat_pos,pos,r_amyg_safety_vs_threat,C5SPGP,148,8,0.2335444558721824,0.21735320628961904,1.0744928030230612,0.2826018686960863,0.021682526660819965,-141.73866444506803,True,False,powell,sensitivity
r_amyg_safety_vs_threat_pos,pos,r_amyg_safety_vs_threat,C5SPGN,148,8,-0.10813232209981284,0.1449699670288082,-0.7458946450496533,0.455731060311761,6.781987054903537e-11,-87.21736649583971,True,False,powell,sensitivity
r_amyg_safety_vs_threat_pos,pos,r_amyg_safety_vs_threat,C5SPGN_log,148,8,-0.06481332786858182,0.06539483512615799,-0.9911077494659275,0.3216329693570481,0.0004269677579420635,24.275273132999814,True,False,powell,sensitivity
l_amyg_safety_vs_threat_neg_vs_neu,neu,l_amyg_safety_vs_threat_neg_vs,PA_score,93,8,0.2111569878858964,0.17177532640191415,1.2292626205921935,0.21897335716816357,0.3830084715551205,-96.0437672368495,True,False,lbfgs,sensitivity
l_amyg_safety_vs_threat_neg_vs_neu,neu,l_amyg_safety_vs_threat_neg_vs,NA_score,93,8,-0.034157471275417815,0.07072997945220907,-0.4829277703734861,0.6291470229434533,0.030185244075335585,4.370688489505113,True,False,lbfgs,sensitivity
l_amyg_safety_vs_threat_neg_vs_neu,neu,l_amyg_safety_vs_threat_neg_vs,NA_score_log,93,8,0.5075028669844603,0.7373739099163836,0.6882571517101953,0.49129085942275186,6.687879108182472e-10,-165.53384529391676,True,False,powell,sensitivity
l_amyg_safety_vs_threat_neg_vs_neu,neu,l_amyg_safety_vs_threat_neg_vs,C5SPGP,148,8,-0.14841626398745617,0.17483512678506247,-0.8488927066121849,0.3959409975744168,0.02855240570059627,-142.1639251057299,True,False,powell,sensitivity
l_amyg_safety_vs_threat_neg_vs_neu,neu,l_amyg_safety_vs_threat_neg_vs,C5SPGN,148,8,0.18132749446835839,0.11740476718759535,1.5444644950287583,0.12247584615667573,1.3955673588198327e-09,-86.51240902023767,True,False,lbfgs,sensitivity
l_amyg_safety_vs_threat_neg_vs_neu,neu,l_amyg_safety_vs_threat_neg_vs,C5SPGN_log,148,8,0.07310558270976493,0.05298151741891231,1.3798318030745778,0.1676384380974798,0.00029616463114140543,24.524269915546256,True,False,lbfgs,sensitivity
r_amyg_safety_vs_threat_neg_vs_neu,neu,r_amyg_safety_vs_threat_neg_vs,PA_score,93,8,0.33849932674204763,0.17003469493358037,1.9907662190606077,0.04650659481567332,0.3807141819351075,-94.90713073615913,True,False,lbfgs,sensitivity
r_amyg_safety_vs_threat_neg_vs_neu,neu,r_amyg_safety_vs_threat_neg_vs,NA_score,93,8,-0.06765539255099981,0.06107433360904975,-1.1077549037878476,0.26796768074740496,0.02857274105855854,4.87968819892032,True,False,lbfgs,sensitivity
r_amyg_safety_vs_threat_neg_vs_neu,neu,r_amyg_safety_vs_threat_neg_vs,NA_score_log,93,8,-0.11888238361898343,0.5205786515680767,-0.22836584493215054,0.8193618397307125,1.9770101053244975e-10,-166.00551463572648,True,False,powell,sensitivity
r_amyg_safety_vs_threat_neg_vs_neu,neu,r_amyg_safety_vs_threat_neg_vs,C5SPGP,148,8,0.10819323676931325,0.1783934900870647,0.6064864626871176,0.5441917690116329,0.04088913854830199,-142.32068783757234,True,False,lbfgs,sensitivity
r_amyg_safety_vs_threat_neg_vs_neu,neu,r_amyg_safety_vs_threat_neg_vs,C5SPGN,148,8,-0.04043612778006838,0.12038814367360963,-0.3358813131108393,0.7369603692294491,7.831132547271565e-11,-87.6271457339501,True,False,powell,sensitivity
r_amyg_safety_vs_threat_neg_vs_neu,neu,r_amyg_safety_vs_threat_neg_vs,C5SPGN_log,148,8,-0.022709623212853542,0.05435947637439629,-0.4177675122630493,0.6761171060519175,0.00046401737854670635,23.684176742323473,True,False,powell,sensitivity
l_amyg_safety_vs_threat_neg_vs_pos,pos,l_amyg_safety_vs_threat_neg_vs,PA_score,93,8,0.34479673685000845,0.156071437413544,2.2092238180417163,0.02715907700133613,0.4133469063612863,-95.01495221001446,True,False,lbfgs,sensitivity
l_amyg_safety_vs_threat_neg_vs_pos,pos,l_amyg_safety_vs_threat_neg_vs,NA_score,93,8,0.019614327749348025,0.06518438172525894,0.30090532778264395,0.763486687515063,0.02737529488962415,4.324993235707041,True,False,lbfgs,sensitivity
l_amyg_safety_vs_threat_neg_vs_pos,pos,l_amyg_safety_vs_threat_neg_vs,NA_score_log,93,8,0.5282196102567226,0.5489404628442193,0.9622530055807219,0.33592252905916187,2.3460132278231184e-08,-165.49370540627152,True,False,lbfgs,sensitivity
l_amyg_safety_vs_threat_neg_vs_pos,pos,l_amyg_safety_vs_threat_neg_vs,C5SPGP,148,8,0.16474563774381895,0.17647026765829021,0.9335603097901208,0.35053074693294217,0.03638927024607914,-142.07196308956503,True,False,lbfgs,sensitivity
l_amyg_safety_vs_threat_neg_vs_pos,pos,l_amyg_safety_vs_threat_neg_vs,C5SPGN,148,8,0.07586454360982794,0.11986339705619116,0.6329250252624089,0.5267826047215325,1.321396956721396e-10,-87.48572618540254,True,False,powell,sensitivity
l_amyg_safety_vs_threat_neg_vs_pos,pos,l_amyg_safety_vs_threat_neg_vs,C5SPGN_log,148,8,0.037095263486747715,0.054095786555122156,0.6857329535073612,0.49288152236617533,0.0006714618385818326,23.82959882099857,True,False,powell,sensitivity
r_amyg_safety_vs_threat_neg_vs_pos,pos,r_amyg_safety_vs_threat_neg_vs,PA_score,93,8,-0.0005129987242202201,0.18999583255630603,-0.00270005250808957,0.9978456724080484,0.37313166810800014,-96.77758349080014,True,False,lbfgs,sensitivity
r_amyg_safety_vs_threat_neg_vs_pos,pos,r_amyg_safety_vs_threat_neg_vs,NA_score,93,8,0.038342142614884576,0.059182791913365486,0.6478596459425501,0.5170757331249829,0.027833747807822346,4.438433625307653,True,False,lbfgs,sensitivity
r_amyg_safety_vs_threat_neg_vs_pos,pos,r_amyg_safety_vs_threat_neg_vs,NA_score_log,93,8,0.8126855539138533,0.4896804444342503,1.6596242777323593,0.09699006118461351,1.9014346070253973e-10,-164.6782281246973,True,False,powell,sensitivity
r_amyg_safety_vs_threat_neg_vs_pos,pos,r_amyg_safety_vs_threat_neg_vs,C5SPGP,148,8,0.0961303070272397,0.17209489217386412,0.5585889610838718,0.5764422754968392,0.03666762443883072,-142.3779758668877,True,False,powell,sensitivity
r_amyg_safety_vs_threat_neg_vs_pos,pos,r_amyg_safety_vs_threat_neg_vs,C5SPGN,148,8,0.08461815179659961,0.11732841016880108,0.7212076910857224,0.4707817404841621,9.859317887076486e-10,-87.44928931694989,True,False,powell,sensitivity
r_amyg_safety_vs_threat_neg_vs_pos,pos,r_amyg_safety_vs_threat_neg_vs,C5SPGN_log,148,8,0.052649320169608986,0.05287060258932626,0.9958146416178365,0.3193402149063109,3.879344212815523e-12,24.063751483499914,True,False,powell,sensitivity
