fc_var,condition,seed_target,persistence_var,n,beta_fc,se_fc,t_fc,p_fc,r_squared,adj_r_squared,tier
l_amyg-ant_vmPFC_neg,neg,l_amyg-ant_vmPFC,neg_persist_crossrun_mean_z_L,130,-0.002132834979216583,0.043511337077404434,-0.04901791400761551,0.9610213838105364,0.37213210862812496,0.03577430967890616,primary
l_amyg-ant_vmPFC_neg,neg,l_amyg-ant_vmPFC,neg_persist_crossrun_mean_z_R,130,0.013824854371558573,0.037696743346897675,0.3667386926328827,0.7147361439178648,0.3612652767778102,0.019085960765922727,secondary
l_amyg-ant_vmPFC_neg,neg,l_amyg-ant_vmPFC,neg_persist_crossrun_mean_z_bilateral,130,0.011085938364268376,0.03178008671413378,0.3488328544848825,0.728087655854126,0.3618295485368408,0.019952520967291165,sensitivity
l_amyg-ant_vmPFC_neg,neg,l_amyg-ant_vmPFC,pos_persist_crossrun_mean_z_L,130,0.019198005062279765,0.04606579696532996,0.416751827320573,0.6779230050668613,0.33017218817769034,-0.028664139584261283,sensitivity
l_amyg-ant_vmPFC_neg,neg,l_amyg-ant_vmPFC,pos_persist_crossrun_mean_z_R,130,-0.003160047404313468,0.04293283813170103,-0.0736044375780536,0.9415001312279786,0.3524228285965144,0.005506486773218522,sensitivity
l_amyg-ant_vmPFC_neg,neg,l_amyg-ant_vmPFC,pos_persist_crossrun_mean_z_bilateral,130,0.010422935244005994,0.03448663743891586,0.302231125387841,0.7632229523343548,0.2592761473126005,-0.13754020234136366,sensitivity
l_amyg-ant_vmPFC_neg,neg,l_amyg-ant_vmPFC,neg_persist_concat_z_L,128,-0.07241870384958775,0.10579352192314107,-0.6845287171949894,0.495548391518828,0.3514228418732164,0.007598806239740741,sensitivity
l_amyg-ant_vmPFC_neg,neg,l_amyg-ant_vmPFC,neg_persist_concat_z_R,128,0.018448460613831888,0.09692877851544707,0.19033006395403865,0.8495152430711314,0.29916697289745375,-0.07235896918100448,sensitivity
l_amyg-ant_vmPFC_neg,neg,l_amyg-ant_vmPFC,neg_persist_concat_z_bilateral,128,-0.0520890127520109,0.08744020495572531,-0.5957100944398035,0.5529898982679297,0.3268240186855659,-0.03004035695100149,sensitivity
l_amyg-ant_vmPFC_neu,neu,l_amyg-ant_vmPFC,neg_persist_crossrun_mean_z_L,130,-0.03731327610337335,0.04178313533881426,-0.8930224072656259,0.37439648083131727,0.378019183137016,0.04481517410327451,sensitivity
l_amyg-ant_vmPFC_neu,neu,l_amyg-ant_vmPFC,neg_persist_crossrun_mean_z_R,130,0.06849070281744764,0.03562413539323737,1.9225927046765443,0.05792035995943994,0.38720805325491414,0.0589266532129038,sensitivity
l_amyg-ant_vmPFC_neu,neu,l_amyg-ant_vmPFC,neg_persist_crossrun_mean_z_bilateral,130,0.013461841024735261,0.03064894356555922,0.4392269180808757,0.6616249457306156,0.3623695067944983,0.020781742577265172,sensitivity
l_amyg-ant_vmPFC_neu,neu,l_amyg-ant_vmPFC,pos_persist_crossrun_mean_z_L,130,0.09962511935619237,0.04314261102536225,2.3092046815994918,0.02338756937783148,0.36885321888214206,0.03073887185471813,sensitivity
l_amyg-ant_vmPFC_neu,neu,l_amyg-ant_vmPFC,pos_persist_crossrun_mean_z_R,130,-0.04699065146699424,0.04110507874525228,-1.1431835895077018,0.2562100408596182,0.36230233816770385,0.02067859075754519,sensitivity
l_amyg-ant_vmPFC_neu,neu,l_amyg-ant_vmPFC,pos_persist_crossrun_mean_z_bilateral,130,0.0283327413761593,0.03314748713228516,0.8547477901745267,0.3951220624911992,0.2648645398777828,-0.1289580280448337,sensitivity
l_amyg-ant_vmPFC_neu,neu,l_amyg-ant_vmPFC,neg_persist_concat_z_L,128,-0.10752076401951312,0.10170176744212371,-1.0572162777869212,0.2934802703541239,0.3564278374296541,0.015257052452603337,sensitivity
l_amyg-ant_vmPFC_neu,neu,l_amyg-ant_vmPFC,neg_persist_concat_z_R,128,0.17943961524905366,0.0914652826747406,1.9618330584201908,0.05313368616655914,0.329932748587511,-0.025283625655254216,sensitivity
l_amyg-ant_vmPFC_neu,neu,l_amyg-ant_vmPFC,neg_persist_concat_z_bilateral,128,0.016884817008773534,0.08454441226900627,0.1997153514421373,0.8421916961087361,0.3242705486419044,-0.0339474737647969,sensitivity
l_amyg-ant_vmPFC_pos,pos,l_amyg-ant_vmPFC,neg_persist_crossrun_mean_z_L,130,-0.014180555962523043,0.043025085146626715,-0.32958809759926383,0.7425316760669218,0.37292507860712176,0.03699208500379403,sensitivity
l_amyg-ant_vmPFC_pos,pos,l_amyg-ant_vmPFC,neg_persist_crossrun_mean_z_R,130,0.03981389879501635,0.03707525547678227,1.0738671462412204,0.2859574031722678,0.368906503472892,0.030820701761941183,sensitivity
l_amyg-ant_vmPFC_pos,pos,l_amyg-ant_vmPFC,neg_persist_crossrun_mean_z_bilateral,130,0.009381548080043075,0.03145091255227306,0.29829176067468477,0.7662171034297758,0.36158133230747824,0.019571331757912924,sensitivity
l_amyg-ant_vmPFC_pos,pos,l_amyg-ant_vmPFC,pos_persist_crossrun_mean_z_L,130,0.030900828917438165,0.04550214743755385,0.6791070456585766,0.49893699260016244,0.33245226948272133,-0.025162586151535216,sensitivity
l_amyg-ant_vmPFC_pos,pos,l_amyg-ant_vmPFC,pos_persist_crossrun_mean_z_R,130,0.0028375151517412156,0.042480126383088,0.06679629731212086,0.946902601304754,0.352415459961375,0.00549517065496874,sensitivity
l_amyg-ant_vmPFC_pos,pos,l_amyg-ant_vmPFC,pos_persist_crossrun_mean_z_bilateral,130,0.02080344748110892,0.034065804421663334,0.6106841694857927,0.5430575573353668,0.26174828534650774,-0.1337437046464347,sensitivity
l_amyg-ant_vmPFC_pos,pos,l_amyg-ant_vmPFC,neg_persist_concat_z_L,128,-0.08153292979149164,0.10459407425964219,-0.7795176769679701,0.4378919279274609,0.3525016485239202,0.009249510392022486,sensitivity
l_amyg-ant_vmPFC_pos,pos,l_amyg-ant_vmPFC,neg_persist_concat_z_R,128,0.08238265357139936,0.09550341813849925,0.8626147124067106,0.3908349611671269,0.3050910282482149,-0.06329445075273132,sensitivity
l_amyg-ant_vmPFC_pos,pos,l_amyg-ant_vmPFC,neg_persist_concat_z_bilateral,128,-0.020557299407435288,0.08667622558824217,-0.23717344944268007,0.8131066580323785,0.32440369127955193,-0.033743749487914476,sensitivity
l_amyg-ant_vmPFC_neg_vs_neu,neg_vs_neu,l_amyg-ant_vmPFC,neg_persist_crossrun_mean_z_L,130,0.031968804922365174,0.03978270562869783,0.8035854881449795,0.42390457893007427,0.37690419525080676,0.04310287127802459,sensitivity
l_amyg-ant_vmPFC_neg_vs_neu,neg_vs_neu,l_amyg-ant_vmPFC,neg_persist_crossrun_mean_z_R,130,-0.05033291041717383,0.03418752227389848,-1.4722596745655958,0.14468774825457248,0.3763356886546956,0.042229807576853906,sensitivity
l_amyg-ant_vmPFC_neg_vs_neu,neg_vs_neu,l_amyg-ant_vmPFC,neg_persist_crossrun_mean_z_bilateral,130,-0.0028435087468311315,0.0291872710463831,-0.09742290542724447,0.9226226381419191,0.3609772835796172,0.018643685497269247,sensitivity
l_amyg-ant_vmPFC_neg_vs_neu,neg_vs_neu,l_amyg-ant_vmPFC,pos_persist_crossrun_mean_z_L,130,-0.07398085120489514,0.041546042001247535,-1.7806955281726635,0.0785775934448277,0.3532028642275097,0.006704398635104081,sensitivity
l_amyg-ant_vmPFC_neg_vs_neu,neg_vs_neu,l_amyg-ant_vmPFC,pos_persist_crossrun_mean_z_R,130,0.039860744718069566,0.03916433465104238,1.0177817413019334,0.31170420991322373,0.36027014796833146,0.01755772723708038,sensitivity
l_amyg-ant_vmPFC_neg_vs_neu,neg_vs_neu,l_amyg-ant_vmPFC,pos_persist_crossrun_mean_z_bilateral,130,-0.01685892584482685,0.031615614783733724,-0.5332468136441487,0.5952708396987907,0.26097238159902003,-0.13493527111579073,sensitivity
l_amyg-ant_vmPFC_neg_vs_neu,neg_vs_neu,l_amyg-ant_vmPFC,neg_persist_concat_z_L,128,0.03627391598589174,0.09732623737753389,0.3727043905456162,0.7103185277905173,0.34885103662286276,0.0036636343506454283,sensitivity
l_amyg-ant_vmPFC_neg_vs_neu,neg_vs_neu,l_amyg-ant_vmPFC,neg_persist_concat_z_R,128,-0.14686758270311728,0.08754219868563906,-1.6776775647423887,0.09717211107406146,0.321857493529931,-0.03763973881564775,sensitivity
l_amyg-ant_vmPFC_neg_vs_neu,neg_vs_neu,l_amyg-ant_vmPFC,neg_persist_concat_z_bilateral,128,-0.05919384080977646,0.08019148548459297,-0.7381561826928528,0.46250157066386133,0.32835500610217205,-0.027697761747278893,sensitivity
l_amyg-ant_vmPFC_neg_vs_pos,neg_vs_pos,l_amyg-ant_vmPFC,neg_persist_crossrun_mean_z_L,130,0.010133053711294141,0.03939524055320057,0.2572151754628874,0.7976416898714715,0.37260829196546896,0.036505591232684376,sensitivity
l_amyg-ant_vmPFC_neg_vs_pos,neg_vs_pos,l_amyg-ant_vmPFC,neg_persist_crossrun_mean_z_R,130,-0.02202100460866576,0.03408639527558492,-0.6460350069471487,0.5200177506662012,0.3634055359797399,0.022372787397457627,sensitivity
l_amyg-ant_vmPFC_neg_vs_pos,neg_vs_pos,l_amyg-ant_vmPFC,neg_persist_crossrun_mean_z_bilateral,130,0.0012332337059566545,0.028805190647687644,0.04281289858623634,0.9659522869483231,0.36091902516337215,0.01855421721517858,sensitivity
l_amyg-ant_vmPFC_neg_vs_pos,neg_vs_pos,l_amyg-ant_vmPFC,pos_persist_crossrun_mean_z_L,130,-0.010144188556295664,0.04175232283775824,-0.24296105861496842,0.8086278657409464,0.3292585789601793,-0.03006718231115335,sensitivity
l_amyg-ant_vmPFC_neg_vs_pos,neg_vs_pos,l_amyg-ant_vmPFC,pos_persist_crossrun_mean_z_R,130,-0.0049701542182345945,0.03888368796968427,-0.12782106013476868,0.8985960964815425,0.35250700196090656,0.005635753011392186,sensitivity
l_amyg-ant_vmPFC_neg_vs_pos,neg_vs_pos,l_amyg-ant_vmPFC,pos_persist_crossrun_mean_z_bilateral,130,-0.008881802962957059,0.031238059656827622,-0.28432633334240354,0.7768600342696139,0.2591836265670864,-0.13768228777197455,sensitivity
l_amyg-ant_vmPFC_neg_vs_pos,neg_vs_pos,l_amyg-ant_vmPFC,neg_persist_concat_z_L,128,0.008907999164957853,0.09609715923264839,0.09269784076958872,0.926366997144795,0.3478287940758751,0.002099480092001671,sensitivity
l_amyg-ant_vmPFC_neg_vs_pos,neg_vs_pos,l_amyg-ant_vmPFC,neg_persist_concat_z_R,128,-0.053905205005131004,0.08762157391213718,-0.6152047104196579,0.5401026815344457,0.30204374668186684,-0.06795715869160124,sensitivity
l_amyg-ant_vmPFC_neg_vs_pos,neg_vs_pos,l_amyg-ant_vmPFC,neg_persist_concat_z_bilateral,128,-0.02551283316852088,0.07932656536072136,-0.32161777145533127,0.7485508346942424,0.32478729985280186,-0.03315678215294171,sensitivity
l_amyg-post_vmPFC_neg,neg,l_amyg-post_vmPFC,neg_persist_crossrun_mean_z_L,130,0.0328781776821406,0.048009199363215745,0.6848307848960212,0.4953360559418565,0.37560032992019887,0.04110050666316245,primary
l_amyg-post_vmPFC_neg,neg,l_amyg-post_vmPFC,neg_persist_crossrun_mean_z_R,130,0.04045681105740097,0.04150821709163853,0.9746699302473929,0.332522532911363,0.3673968623116156,0.0285023242642668,secondary
l_amyg-post_vmPFC_neg,neg,l_amyg-post_vmPFC,neg_persist_crossrun_mean_z_bilateral,130,0.03657266312533593,0.03496098018160626,1.0460994781999164,0.29851602854948733,0.3691239240413846,0.031154597634983405,sensitivity
l_amyg-post_vmPFC_neg,neg,l_amyg-post_vmPFC,pos_persist_crossrun_mean_z_L,130,0.07321533768715174,0.0503920913895918,1.4529132581759436,0.14997340304647805,0.3452415895638704,-0.0055218445983420406,sensitivity
l_amyg-post_vmPFC_neg,neg,l_amyg-post_vmPFC,pos_persist_crossrun_mean_z_R,130,0.01178008311932098,0.04748641836546087,0.24807268109083574,0.8046836062486524,0.352855173901349,0.006170445634214539,sensitivity
l_amyg-post_vmPFC_neg,neg,l_amyg-post_vmPFC,pos_persist_crossrun_mean_z_bilateral,130,0.050522425427207945,0.037777806417011464,1.3373573062849287,0.18471611906514832,0.27393011635878883,-0.11503589273471726,sensitivity
l_amyg-post_vmPFC_neg,neg,l_amyg-post_vmPFC,neg_persist_concat_z_L,128,0.03968808686592257,0.11746163137325506,0.3378812843132296,0.736305751119148,0.3486571761491727,0.003367004469216117,sensitivity
l_amyg-post_vmPFC_neg,neg,l_amyg-post_vmPFC,neg_persist_concat_z_R,128,0.11149329400473304,0.1067144609347852,1.044781494729831,0.2991573009742453,0.30796237451081243,-0.058900945025624374,sensitivity
l_amyg-post_vmPFC_neg,neg,l_amyg-post_vmPFC,neg_persist_concat_z_bilateral,128,0.053646446281821095,0.09690591016134463,0.5535931316521543,0.5813456000329764,0.32643287027042367,-0.030638861152484154,sensitivity
l_amyg-post_vmPFC_neu,neu,l_amyg-post_vmPFC,neg_persist_crossrun_mean_z_L,130,0.00775577145379926,0.058238284260207114,0.13317307596402872,0.8943750233751081,0.3722466876103575,0.035950270258763295,sensitivity
l_amyg-post_vmPFC_neu,neu,l_amyg-post_vmPFC,neg_persist_crossrun_mean_z_R,130,0.06314621697928532,0.05002845813770534,1.2622059389772282,0.2103679155858254,0.3721505033792314,0.03580255876096239,sensitivity
l_amyg-post_vmPFC_neu,neu,l_amyg-post_vmPFC,neg_persist_crossrun_mean_z_bilateral,130,0.026903584359997252,0.04246980683403439,0.6334755527646361,0.5281442124584126,0.36394369713399943,0.023199249170070546,sensitivity
l_amyg-post_vmPFC_neu,neu,l_amyg-post_vmPFC,pos_persist_crossrun_mean_z_L,130,0.1555581130454221,0.05934734251314706,2.6211470717658796,0.010400672886601112,0.37953540584929146,0.04714365898284045,sensitivity
l_amyg-post_vmPFC_neu,neu,l_amyg-post_vmPFC,pos_persist_crossrun_mean_z_R,130,-0.01191141470022417,0.0574563856156383,-0.20731228692154555,0.8362677344204806,0.35271224596793194,0.005950949165038244,sensitivity
l_amyg-post_vmPFC_neu,neu,l_amyg-post_vmPFC,pos_persist_crossrun_mean_z_bilateral,130,0.07010521052005066,0.04555059410251433,1.5390624842845013,0.12754772443388337,0.2788075490942361,-0.1075455496052804,sensitivity
l_amyg-post_vmPFC_neu,neu,l_amyg-post_vmPFC,neg_persist_concat_z_L,128,0.07867117556304114,0.14179099365162284,0.5548390171828147,0.5804969411856027,0.35017148433720724,0.005684078443678575,sensitivity
l_amyg-post_vmPFC_neu,neu,l_amyg-post_vmPFC,neg_persist_concat_z_R,128,0.09180179176051954,0.12942141558912806,0.7093245839000951,0.48011091971849873,0.30308574805547195,-0.06636277104765131,sensitivity
l_amyg-post_vmPFC_neu,neu,l_amyg-post_vmPFC,neg_persist_concat_z_bilateral,128,0.04569427893694061,0.11722262736971487,0.3898076673612077,0.697677257344953,0.32518122851563225,-0.03255402383752659,sensitivity
l_amyg-post_vmPFC_pos,pos,l_amyg-post_vmPFC,neg_persist_crossrun_mean_z_L,130,0.04114359680563101,0.04844827918065136,0.849227206857378,0.39816867831679925,0.37745901054714215,0.04395490905453969,sensitivity
l_amyg-post_vmPFC_pos,pos,l_amyg-post_vmPFC,neg_persist_crossrun_mean_z_R,130,0.0668136864857074,0.04155223860570278,1.6079443305020311,0.11159981941041199,0.37934603190167404,0.04685283470614221,sensitivity
l_amyg-post_vmPFC_pos,pos,l_amyg-post_vmPFC,neg_persist_crossrun_mean_z_bilateral,130,0.047928862876918374,0.035176168411668235,1.3625379068011274,0.176670231024832,0.37472448426970406,0.03975545798561686,sensitivity
l_amyg-post_vmPFC_pos,pos,l_amyg-post_vmPFC,pos_persist_crossrun_mean_z_L,130,0.042938957714632964,0.051351508486357146,0.8361771441639501,0.4054276144142892,0.33432808732884634,-0.0222818658878432,sensitivity
l_amyg-post_vmPFC_pos,pos,l_amyg-post_vmPFC,pos_persist_crossrun_mean_z_R,130,0.023020923966996558,0.04794402609451588,0.480162511208666,0.6323598900837861,0.35415372662934164,0.008164651609345985,sensitivity
l_amyg-post_vmPFC_pos,pos,l_amyg-post_vmPFC,pos_persist_crossrun_mean_z_bilateral,130,0.02277917366240335,0.03850437403416437,0.5915996359839982,0.555707548595227,0.2615474648788404,-0.1340521075074952,sensitivity
l_amyg-post_vmPFC_pos,pos,l_amyg-post_vmPFC,neg_persist_concat_z_L,128,0.08493513702463847,0.1185989676448279,0.7161541007590928,0.47590634048229385,0.35176686196584606,0.008125198429668079,sensitivity
l_amyg-post_vmPFC_pos,pos,l_amyg-post_vmPFC,neg_persist_concat_z_R,128,0.030735847931484005,0.10866140486926398,0.2828589228021104,0.7779892239481525,0.2995363158854665,-0.0717938299101899,sensitivity
l_amyg-post_vmPFC_pos,pos,l_amyg-post_vmPFC,neg_persist_concat_z_bilateral,128,0.04220574543128336,0.0981502535646473,0.430011578151291,0.6683016238659008,0.3254486085741377,-0.032144900133548315,sensitivity
l_amyg-post_vmPFC_neg_vs_neu,neg_vs_neu,l_amyg-post_vmPFC,neg_persist_crossrun_mean_z_L,130,0.02393651044203193,0.04477490350991128,0.534596583479703,0.5943410736637844,0.37424316371784605,0.039016287138120664,sensitivity
l_amyg-post_vmPFC_neg_vs_neu,neg_vs_neu,l_amyg-post_vmPFC,neg_persist_crossrun_mean_z_R,130,-0.0023309649784692167,0.03888709658856083,-0.05994186203026795,0.9523443192486165,0.3602699254877739,0.017557385570509898,sensitivity
l_amyg-post_vmPFC_neg_vs_neu,neg_vs_neu,l_amyg-post_vmPFC,neg_persist_crossrun_mean_z_bilateral,130,0.01578885824421708,0.03273651791317075,0.4823010891413352,0.6308464818847712,0.36266998589131827,0.021243192618810136,sensitivity
l_amyg-post_vmPFC_neg_vs_neu,neg_vs_neu,l_amyg-post_vmPFC,pos_persist_crossrun_mean_z_L,130,-0.028697174538930798,0.047429261333891325,-0.6050521077465059,0.5467754834029912,0.3316998027817948,-0.026318160013672376,sensitivity
l_amyg-post_vmPFC_neg_vs_neu,neg_vs_neu,l_amyg-post_vmPFC,pos_persist_crossrun_mean_z_R,130,0.01728727503583603,0.04421527784035021,0.3909796767139144,0.69680217381208,0.35355747364055357,0.007248977376564381,sensitivity
l_amyg-post_vmPFC_neg_vs_neu,neg_vs_neu,l_amyg-post_vmPFC,pos_persist_crossrun_mean_z_bilateral,130,0.0022786363189845693,0.03556639184161886,0.06406712070011468,0.9490689997538797,0.2585068985852482,-0.1387215486012261,sensitivity
l_amyg-post_vmPFC_neg_vs_neu,neg_vs_neu,l_amyg-post_vmPFC,neg_persist_concat_z_L,128,-0.012280577354050186,0.10939403155074605,-0.11226003082584476,0.910888288521262,0.3478602932863387,0.0021476776790966268,sensitivity
l_amyg-post_vmPFC_neg_vs_neu,neg_vs_neu,l_amyg-post_vmPFC,neg_persist_concat_z_R,128,0.042135552571713634,0.09986822569291322,0.42191149666839056,0.6741804324142102,0.3003616006000882,-0.07053104486492523,sensitivity
l_amyg-post_vmPFC_neg_vs_neu,neg_vs_neu,l_amyg-post_vmPFC,neg_persist_concat_z_bilateral,128,0.01937093988607344,0.09033632181696749,0.21443135492411733,0.8307366409580613,0.3243201391231608,-0.03387159435371778,sensitivity
l_amyg-post_vmPFC_neg_vs_pos,neg_vs_pos,l_amyg-post_vmPFC,neg_persist_crossrun_mean_z_L,130,-0.004651944081275859,0.03816058038556606,-0.1219044373611105,0.9032658648058763,0.37222521046646984,0.035917287502078565,sensitivity
l_amyg-post_vmPFC_neg_vs_pos,neg_vs_pos,l_amyg-post_vmPFC,neg_persist_crossrun_mean_z_R,130,-0.015682493260276632,0.03304566982304262,-0.4745702945122719,0.6363247384936994,0.3619532633672202,0.02014251159965952,sensitivity
l_amyg-post_vmPFC_neg_vs_pos,neg_vs_pos,l_amyg-post_vmPFC,neg_persist_crossrun_mean_z_bilateral,130,-0.006504807390768537,0.02788518535101387,-0.23327108315355094,0.8161184233872015,0.3613188191036504,0.01916818648060592,sensitivity
l_amyg-post_vmPFC_neg_vs_pos,neg_vs_pos,l_amyg-post_vmPFC,pos_persist_crossrun_mean_z_L,130,0.019591579919174006,0.0403891253754807,0.48507066535953264,0.6288888753974755,0.3306621143229235,-0.027911753004081774,sensitivity
l_amyg-post_vmPFC_neg_vs_pos,neg_vs_pos,l_amyg-post_vmPFC,pos_persist_crossrun_mean_z_R,130,-0.006760490577726111,0.03765000290788171,-0.17956148886009407,0.8579292780098292,0.35262954773924815,0.005823948313845362,sensitivity
l_amyg-post_vmPFC_neg_vs_pos,neg_vs_pos,l_amyg-post_vmPFC,pos_persist_crossrun_mean_z_bilateral,130,0.01773413297107171,0.03020244827488273,0.58717534451735,0.5586609219622549,0.2615018045492843,-0.13412222872788493,sensitivity
l_amyg-post_vmPFC_neg_vs_pos,neg_vs_pos,l_amyg-post_vmPFC,neg_persist_concat_z_L,128,-0.027098063620524387,0.09301622702587457,-0.2913261963741708,0.7715286666633159,0.34842753552866534,0.003015626652295156,sensitivity
l_amyg-post_vmPFC_neg_vs_pos,neg_vs_pos,l_amyg-post_vmPFC,neg_persist_concat_z_R,128,0.051081808557048865,0.0848595386709538,0.6019571795590427,0.5488434987314895,0.30190874427020553,-0.06816372864679399,sensitivity
l_amyg-post_vmPFC_neg_vs_pos,neg_vs_pos,l_amyg-post_vmPFC,neg_persist_concat_z_bilateral,128,0.007800652696982803,0.07686166234492266,0.10148951322411907,0.9194066573384563,0.32402970865820135,-0.03431598795672808,sensitivity
r_amyg-ant_vmPFC_neg,neg,r_amyg-ant_vmPFC,neg_persist_crossrun_mean_z_L,130,-0.01712004282035342,0.045816439022632265,-0.3736659414298111,0.7095943121890652,0.3731560995919605,0.03734686723051073,secondary
r_amyg-ant_vmPFC_neg,neg,r_amyg-ant_vmPFC,neg_persist_crossrun_mean_z_R,130,0.005004473242288355,0.03975425480392453,0.1258852232791524,0.9001235946671593,0.36036323279421956,0.017700678933979974,secondary
r_amyg-ant_vmPFC_neg,neg,r_amyg-ant_vmPFC,neg_persist_crossrun_mean_z_bilateral,130,-0.01209096021745404,0.03348929836196345,-0.3610395203497825,0.7189763387557881,0.3618952781885042,0.020053462932345667,sensitivity
r_amyg-ant_vmPFC_neg,neg,r_amyg-ant_vmPFC,pos_persist_crossrun_mean_z_L,130,-0.06155881390439965,0.04812958995810279,-1.2790221973215876,0.2044113334825686,0.34160936306832124,-0.011099906716506736,sensitivity
r_amyg-ant_vmPFC_neg,neg,r_amyg-ant_vmPFC,pos_persist_crossrun_mean_z_R,130,-0.006122353490925487,0.045240729949910644,-0.1353283534042001,0.8926760335354349,0.3525222265963964,0.005659133701608754,sensitivity
r_amyg-ant_vmPFC_neg,neg,r_amyg-ant_vmPFC,pos_persist_crossrun_mean_z_bilateral,130,-0.026001695387414328,0.03625220073552766,-0.7172446047373976,0.47521296496520427,0.2629843588994114,-0.13184544883304694,sensitivity
r_amyg-ant_vmPFC_neg,neg,r_amyg-ant_vmPFC,neg_persist_concat_z_L,128,-0.08515098752167995,0.11164132207341304,-0.7627192686385996,0.4477931184751195,0.35230094893081565,0.008942415833898654,sensitivity
r_amyg-ant_vmPFC_neg,neg,r_amyg-ant_vmPFC,neg_persist_concat_z_R,128,0.010457033517717311,0.1023717876274579,0.1021476107828809,0.9188858895672315,0.298949223594947,-0.07269215184869537,sensitivity
r_amyg-ant_vmPFC_neg,neg,r_amyg-ant_vmPFC,neg_persist_concat_z_bilateral,128,-0.05228646081631,0.09235507344277513,-0.566146058545529,0.5728220787628372,0.32654649968903593,-0.030464994451716132,sensitivity
r_amyg-ant_vmPFC_neu,neu,r_amyg-ant_vmPFC,neg_persist_crossrun_mean_z_L,130,-0.03721094785879672,0.044724277616596364,-0.8320078007249561,0.40776362430737567,0.37724621088142785,0.04362810956790697,sensitivity
r_amyg-ant_vmPFC_neu,neu,r_amyg-ant_vmPFC,neg_persist_crossrun_mean_z_R,130,0.010044958235310202,0.03892207494515829,0.2580786931185883,0.7969774296291607,0.36074943106748536,0.018293769139352434,sensitivity
r_amyg-ant_vmPFC_neu,neu,r_amyg-ant_vmPFC,neg_persist_crossrun_mean_z_bilateral,130,-0.03120015728271374,0.032646597207311695,-0.9556940064714002,0.341969219529744,0.36777935822367214,0.029089728700639306,sensitivity
r_amyg-ant_vmPFC_neu,neu,r_amyg-ant_vmPFC,pos_persist_crossrun_mean_z_L,130,0.05599340376196174,0.047199346372572046,1.1863173553288864,0.23884159738209784,0.33984751860356033,-0.013805596430246592,sensitivity
r_amyg-ant_vmPFC_neu,neu,r_amyg-ant_vmPFC,pos_persist_crossrun_mean_z_R,130,-0.028342129458238264,0.044203873530449,-0.6411684586581609,0.5231587930301309,0.3555350817741785,0.010286018438916855,sensitivity
r_amyg-ant_vmPFC_neu,neu,r_amyg-ant_vmPFC,pos_persist_crossrun_mean_z_bilateral,130,0.021862245109859,0.035532625227964805,0.6152724424271648,0.5400381763640378,0.2617975002569276,-0.13366812460543276,sensitivity
r_amyg-ant_vmPFC_neu,neu,r_amyg-ant_vmPFC,neg_persist_concat_z_L,128,-0.07371707385697097,0.10925203562124118,-0.6747432524967858,0.5017141153581465,0.35131947160227794,0.0074406372709554525,sensitivity
r_amyg-ant_vmPFC_neu,neu,r_amyg-ant_vmPFC,neg_persist_concat_z_R,128,0.03179573795929643,0.10005050485391045,0.3177968767446325,0.7514371780609044,0.2997132055847558,-0.07152316735826525,sensitivity
r_amyg-ant_vmPFC_neu,neu,r_amyg-ant_vmPFC,neg_persist_concat_z_bilateral,128,-0.04545807772562237,0.09034666920129557,-0.5031516726348834,0.6161902835961102,0.3260016115287514,-0.03129873898612723,sensitivity
r_amyg-ant_vmPFC_pos,pos,r_amyg-ant_vmPFC,neg_persist_crossrun_mean_z_L,130,-0.013118015761157991,0.04505492930250014,-0.2911560613730685,0.7716496902242616,0.37274716542847053,0.036718861193722585,sensitivity
r_amyg-ant_vmPFC_pos,pos,r_amyg-ant_vmPFC,neg_persist_crossrun_mean_z_R,130,0.017694678642571494,0.039036731634987255,0.4532827903735766,0.6515139010001758,0.36180359977214205,0.019912671078646693,sensitivity
r_amyg-ant_vmPFC_pos,pos,r_amyg-ant_vmPFC,neg_persist_crossrun_mean_z_bilateral,130,-0.0019397164171602631,0.03294679387934605,-0.058874208648758634,0.953192136637524,0.3609314504249872,0.018573298866944588,sensitivity
r_amyg-ant_vmPFC_pos,pos,r_amyg-ant_vmPFC,pos_persist_crossrun_mean_z_L,130,0.03646647517222122,0.04760672366236239,0.765994220288077,0.4458269111877574,0.3334431789011387,-0.023640832401822687,sensitivity
r_amyg-ant_vmPFC_pos,pos,r_amyg-ant_vmPFC,pos_persist_crossrun_mean_z_R,130,0.02953152644379075,0.044362269424265195,0.6656901647966109,0.5074330689812043,0.35577965796759625,0.010661617593094141,sensitivity
r_amyg-ant_vmPFC_pos,pos,r_amyg-ant_vmPFC,pos_persist_crossrun_mean_z_bilateral,130,0.03371804487696404,0.035557181565484264,0.9482766460234437,0.3457088208115635,0.26632473489475184,-0.12671558569734542,sensitivity
r_amyg-ant_vmPFC_pos,pos,r_amyg-ant_vmPFC,neg_persist_concat_z_L,128,-0.03784404040638439,0.10999551074615788,-0.34405077216031993,0.7316782223266267,0.348690144925596,0.00341745066928556,sensitivity
r_amyg-ant_vmPFC_pos,pos,r_amyg-ant_vmPFC,neg_persist_concat_z_R,128,0.07428925850169715,0.10025791247064036,0.7409815013199292,0.46079591487947336,0.3034687192450275,-0.06577677898652423,sensitivity
r_amyg-ant_vmPFC_pos,pos,r_amyg-ant_vmPFC,neg_persist_concat_z_bilateral,128,-0.00196902793942565,0.0909157800819894,-0.02165771373957246,0.9827729772597946,0.32394964275296845,-0.03443849843822888,sensitivity
r_amyg-ant_vmPFC_neg_vs_neu,neg_vs_neu,r_amyg-ant_vmPFC,neg_persist_crossrun_mean_z_L,130,0.024947669147472273,0.04911847529361089,0.5079080528934365,0.6128489699992976,0.3740365318666703,0.038698959652386455,sensitivity
r_amyg-ant_vmPFC_neg_vs_neu,neg_vs_neu,r_amyg-ant_vmPFC,neg_persist_crossrun_mean_z_R,130,-0.0062937385505947435,0.04264784012951437,-0.1475746141300875,0.883032140914033,0.3604083853623906,0.01777002037795694,sensitivity
r_amyg-ant_vmPFC_neg_vs_neu,neg_vs_neu,r_amyg-ant_vmPFC,neg_persist_crossrun_mean_z_bilateral,130,0.023523135948019865,0.035864291139243464,0.6558929564979009,0.5136855489365567,0.3641614481237957,0.02353365247582906,sensitivity
r_amyg-ant_vmPFC_neg_vs_neu,neg_vs_neu,r_amyg-ant_vmPFC,pos_persist_crossrun_mean_z_L,130,-0.1380417064004747,0.049911969062945254,-2.7657034773840876,0.006982302862606463,0.38480723094263414,0.055239676090473755,sensitivity
r_amyg-ant_vmPFC_neg_vs_neu,neg_vs_neu,r_amyg-ant_vmPFC,pos_persist_crossrun_mean_z_R,130,0.02696317213284044,0.04845142879810422,0.5564990094553298,0.5793493342098335,0.3547599335246544,0.009095612198576353,sensitivity
r_amyg-ant_vmPFC_neg_vs_neu,neg_vs_neu,r_amyg-ant_vmPFC,pos_persist_crossrun_mean_z_bilateral,130,-0.05616076720702626,0.03852691495041733,-1.457702161704435,0.1486512596911888,0.2767658686829484,-0.11068098737975784,sensitivity
r_amyg-ant_vmPFC_neg_vs_neu,neg_vs_neu,r_amyg-ant_vmPFC,neg_persist_concat_z_L,128,-0.009246098513180132,0.12000511593008542,-0.0770475361947642,0.9387711568660688,0.34780792163611096,0.0020675427444107886,sensitivity
r_amyg-ant_vmPFC_neg_vs_neu,neg_vs_neu,r_amyg-ant_vmPFC,neg_persist_concat_z_R,128,-0.026156865703481996,0.10963074487641546,-0.2385906046061085,0.8120111447710805,0.2993416386930353,-0.0720917094696929,sensitivity
r_amyg-ant_vmPFC_neg_vs_neu,neg_vs_neu,r_amyg-ant_vmPFC,neg_persist_concat_z_bilateral,128,-0.005446451576675712,0.09912049516145403,-0.05494778418735874,0.956312113600269,0.32397041386797476,-0.034406716129725234,sensitivity
r_amyg-ant_vmPFC_neg_vs_pos,neg_vs_pos,r_amyg-ant_vmPFC,neg_persist_crossrun_mean_z_L,130,-0.0028037696032677424,0.04077293104504656,-0.06876546599434058,0.945339738263066,0.37214949311271905,0.035801007280247044,sensitivity
r_amyg-ant_vmPFC_neg_vs_pos,neg_vs_pos,r_amyg-ant_vmPFC,neg_persist_crossrun_mean_z_R,130,-0.010520354578547882,0.0353343997343498,-0.2977368982533098,0.7666391187134308,0.3609170015565667,0.01855110953329875,sensitivity
r_amyg-ant_vmPFC_neg_vs_pos,neg_vs_pos,r_amyg-ant_vmPFC,neg_persist_crossrun_mean_z_bilateral,130,-0.007973134396675742,0.029789267308818305,-0.2676512421074389,0.7896238843861303,0.3614496507730419,0.01936910654431434,sensitivity
r_amyg-ant_vmPFC_neg_vs_pos,neg_vs_pos,r_amyg-ant_vmPFC,pos_persist_crossrun_mean_z_L,130,-0.07850964523276394,0.042354265568274554,-1.8536419928284993,0.06730078285576595,0.35516399868124426,0.009716140831910747,sensitivity
r_amyg-ant_vmPFC_neg_vs_pos,neg_vs_pos,r_amyg-ant_vmPFC,pos_persist_crossrun_mean_z_R,130,-0.02900278692462533,0.04010805254351756,-0.7231163092039203,0.4716171651764435,0.3563875290030938,0.011595133826179715,sensitivity
r_amyg-ant_vmPFC_neg_vs_pos,neg_vs_pos,r_amyg-ant_vmPFC,pos_persist_crossrun_mean_z_bilateral,130,-0.048146415533394035,0.03190463187009823,-1.5090729060728634,0.1350324913045589,0.2780434332021289,-0.10871901329673062,sensitivity
r_amyg-ant_vmPFC_neg_vs_pos,neg_vs_pos,r_amyg-ant_vmPFC,neg_persist_concat_z_L,128,-0.03659951018737791,0.09990610755868953,-0.36633906656685267,0.7150442546867204,0.3488141905591662,0.0036072554339049434,sensitivity
r_amyg-ant_vmPFC_neg_vs_pos,neg_vs_pos,r_amyg-ant_vmPFC,neg_persist_concat_z_R,128,-0.05296817238870935,0.09118592989807664,-0.5808809807380886,0.5628946689972558,0.3016999157809467,-0.06848326139541894,sensitivity
r_amyg-ant_vmPFC_neg_vs_pos,neg_vs_pos,r_amyg-ant_vmPFC,neg_persist_concat_z_bilateral,128,-0.040023082955140996,0.08246764567998348,-0.48531860737786753,0.6287289458881623,0.32585887349757825,-0.03151714537117534,sensitivity
r_amyg-post_vmPFC_neg,neg,r_amyg-post_vmPFC,neg_persist_crossrun_mean_z_L,130,-0.006071870563862813,0.044049664928476534,-0.13784146993448673,0.8906955952446463,0.3722561406527126,0.03596478743095144,secondary
r_amyg-post_vmPFC_neg,neg,r_amyg-post_vmPFC,neg_persist_crossrun_mean_z_R,130,0.0017406588852683265,0.038196973561286165,0.04557059690803721,0.96376066797192,0.3602583775219257,0.01753965119438583,secondary
r_amyg-post_vmPFC_neg,neg,r_amyg-post_vmPFC,neg_persist_crossrun_mean_z_bilateral,130,-0.003250506836995055,0.03219779644585609,-0.10095432594156302,0.9198272953390098,0.36098261233250806,0.018651868939208782,sensitivity
r_amyg-post_vmPFC_neg,neg,r_amyg-post_vmPFC,pos_persist_crossrun_mean_z_L,130,-0.01657094068271416,0.04665350708704157,-0.3551917469312159,0.7233362642127633,0.32979381805236596,-0.029245207991009492,sensitivity
r_amyg-post_vmPFC_neg,neg,r_amyg-post_vmPFC,pos_persist_crossrun_mean_z_R,130,-0.03175081252482463,0.0433314414581876,-0.7327430488427757,0.4657549793110082,0.35649423202462827,0.01175899918067902,sensitivity
r_amyg-post_vmPFC_neg,neg,r_amyg-post_vmPFC,pos_persist_crossrun_mean_z_bilateral,130,-0.019067994250448236,0.03487373551620682,-0.5467723479633202,0.5859847175703228,0.26110044479722805,-0.13473860263282833,sensitivity
r_amyg-post_vmPFC_neg,neg,r_amyg-post_vmPFC,neg_persist_concat_z_L,128,0.03586081551425899,0.10741498775085392,0.3338529963568692,0.7393325129908677,0.3486359697587543,0.003334556136889155,sensitivity
r_amyg-post_vmPFC_neg,neg,r_amyg-post_vmPFC,neg_persist_concat_z_R,128,-0.0014041296983091367,0.09822492492616412,-0.014295044759409323,0.9886288987250688,0.29886281899470624,-0.07282436129725678,sensitivity
r_amyg-post_vmPFC_neg,neg,r_amyg-post_vmPFC,neg_persist_concat_z_bilateral,128,0.013332216769905772,0.08876736929507843,0.15019276650620483,0.8809769222064242,0.3241295113169427,-0.03416327786443696,sensitivity
r_amyg-post_vmPFC_neu,neu,r_amyg-post_vmPFC,neg_persist_crossrun_mean_z_L,130,-0.008773951433279548,0.048688198963988294,-0.18020694172255391,0.8574241478840251,0.372356796868451,0.036119366619406845,sensitivity
r_amyg-post_vmPFC_neu,neu,r_amyg-post_vmPFC,neg_persist_crossrun_mean_z_R,130,-0.0008672758912754907,0.04222300646443607,-0.020540363273420303,0.9836610265203125,0.36024577488257525,0.017520297141097596,sensitivity
r_amyg-post_vmPFC_neu,neu,r_amyg-post_vmPFC,neg_persist_crossrun_mean_z_bilateral,130,-0.015871226251328568,0.035551163027461134,-0.4464333906339154,0.6564329950616437,0.3624178405456375,0.020855969409371844,sensitivity
r_amyg-post_vmPFC_neu,neu,r_amyg-post_vmPFC,pos_persist_crossrun_mean_z_L,130,0.029369843411227812,0.05150949587742809,0.5701830878158125,0.5700754972711124,0.33137503031112836,-0.026816917736481427,sensitivity
r_amyg-post_vmPFC_neu,neu,r_amyg-post_vmPFC,pos_persist_crossrun_mean_z_R,130,0.041608230114864635,0.04783607858782719,0.8698085491784574,0.38688379147868135,0.3581619371525181,0.014320117769938467,sensitivity
r_amyg-post_vmPFC_neu,neu,r_amyg-post_vmPFC,pos_persist_crossrun_mean_z_bilateral,130,0.03247118758845807,0.038454789995053196,0.8443990356633113,0.40084495164047373,0.2647119463008025,-0.1291923681809104,sensitivity
r_amyg-post_vmPFC_neu,neu,r_amyg-post_vmPFC,neg_persist_concat_z_L,128,-0.029394687121581897,0.11869489053394236,-0.2476491362800162,0.8050175030751502,0.3482428698744894,0.0027330659525319767,sensitivity
r_amyg-post_vmPFC_neu,neu,r_amyg-post_vmPFC,neg_persist_concat_z_R,128,-0.10688474271479592,0.10787103258840067,-0.9908567680318024,0.3246353944375958,0.30705782342027477,-0.060285017176205935,sensitivity
r_amyg-post_vmPFC_neu,neu,r_amyg-post_vmPFC,neg_persist_concat_z_bilateral,128,-0.09296062845363146,0.0975405234805421,-0.95304623285291,0.34333395880683515,0.331264026538331,-0.023246609995565715,sensitivity
r_amyg-post_vmPFC_pos,pos,r_amyg-post_vmPFC,neg_persist_crossrun_mean_z_L,130,0.04555266702078266,0.039834327482463655,1.1435530583724904,0.25605757113456684,0.38173924414995486,0.05052812494457348,sensitivity
r_amyg-post_vmPFC_pos,pos,r_amyg-post_vmPFC,neg_persist_crossrun_mean_z_R,130,-0.0024364850738116065,0.03480502347077022,-0.07000383366664882,0.9443569967191252,0.3602798826855469,0.017572676981375546,sensitivity
r_amyg-post_vmPFC_pos,pos,r_amyg-post_vmPFC,neg_persist_crossrun_mean_z_bilateral,130,0.027297275936693913,0.029189297178282163,0.9351809935665056,0.3523757464447205,0.3674904343754053,0.028646024219372346,sensitivity
r_amyg-post_vmPFC_pos,pos,r_amyg-post_vmPFC,pos_persist_crossrun_mean_z_L,130,0.02717928136711338,0.042439748638824236,0.6404204133822213,0.5236424854669193,0.33204856174862885,-0.025782565886034448,sensitivity
r_amyg-post_vmPFC_pos,pos,r_amyg-post_vmPFC,pos_persist_crossrun_mean_z_R,130,0.01927009900258546,0.039554351600035446,0.4871802525658944,0.6273995445631799,0.35420577441231615,0.008244582133199785,sensitivity
r_amyg-post_vmPFC_pos,pos,r_amyg-post_vmPFC,pos_persist_crossrun_mean_z_bilateral,130,0.018714531449741098,0.03176837165771885,0.5890931915358015,0.5573797373987076,0.2615215560492058,-0.13409189606729122,sensitivity
r_amyg-post_vmPFC_pos,pos,r_amyg-post_vmPFC,neg_persist_concat_z_L,128,0.11861329300932208,0.0970077866477214,1.2227193002563796,0.2248963375742971,0.3593018888046833,0.019654697327647908,sensitivity
r_amyg-post_vmPFC_pos,pos,r_amyg-post_vmPFC,neg_persist_concat_z_R,128,0.028215801330571534,0.08938993214242122,0.3156485373052581,0.7530616152397891,0.29970173755203455,-0.07154071483001934,sensitivity
r_amyg-post_vmPFC_pos,pos,r_amyg-post_vmPFC,neg_persist_concat_z_bilateral,128,0.07229999581054206,0.08045194433927809,0.8986730700459142,0.37142652868264514,0.3304606281374408,-0.02447590634391572,sensitivity
r_amyg-post_vmPFC_neg_vs_neu,neg_vs_neu,r_amyg-post_vmPFC,neg_persist_crossrun_mean_z_L,130,0.0013621854960618272,0.04882997182706322,0.027896503829372636,0.9778108671435826,0.37211996591786023,0.035755661945285344,sensitivity
r_amyg-post_vmPFC_neg_vs_neu,neg_vs_neu,r_amyg-post_vmPFC,neg_persist_crossrun_mean_z_R,130,0.00301049485129176,0.04233679873380252,0.07110823069596243,0.9434806440220636,0.36028106947575833,0.017574499552057365,sensitivity
r_amyg-post_vmPFC_neg_vs_neu,neg_vs_neu,r_amyg-post_vmPFC,neg_persist_crossrun_mean_z_bilateral,130,0.011964352219385256,0.03566634117203049,0.33545218898897566,0.7381203620619934,0.3617600795817688,0.019845836500573477,sensitivity
r_amyg-post_vmPFC_neg_vs_neu,neg_vs_neu,r_amyg-post_vmPFC,pos_persist_crossrun_mean_z_L,130,-0.049888252732522884,0.05146252562781128,-0.9694093347327355,0.3351240394062889,0.33621337094741166,-0.01938660890218924,sensitivity
r_amyg-post_vmPFC_neg_vs_neu,neg_vs_neu,r_amyg-post_vmPFC,pos_persist_crossrun_mean_z_R,130,-0.0808426341202724,0.047367567828558596,-1.7067085735301613,0.09157066008087938,0.3740857868555054,0.0387746012423833,sensitivity
r_amyg-post_vmPFC_neg_vs_neu,neg_vs_neu,r_amyg-post_vmPFC,pos_persist_crossrun_mean_z_bilateral,130,-0.05607426795089937,0.03823640209999751,-1.4665152804976653,0.14624179180859923,0.27698222000640993,-0.11034873356158492,sensitivity
r_amyg-post_vmPFC_neg_vs_neu,neg_vs_neu,r_amyg-post_vmPFC,neg_persist_concat_z_L,128,0.07374147025332226,0.11893765050978186,0.6200010672588281,0.5369555845940815,0.3507680901015694,0.0065969571433652785,sensitivity
r_amyg-post_vmPFC_neg_vs_neu,neg_vs_neu,r_amyg-post_vmPFC,neg_persist_concat_z_R,128,0.10601264651512339,0.10831707518301466,0.9787251579310311,0.33055995874801425,0.3068606138858786,-0.06058677152401715,sensitivity
r_amyg-post_vmPFC_neg_vs_neu,neg_vs_neu,r_amyg-post_vmPFC,neg_persist_concat_z_bilateral,128,0.11010400154391412,0.09771979828876753,1.126731772598942,0.2631029448661499,0.33413061128923227,-0.018860389955030143,sensitivity
r_amyg-post_vmPFC_neg_vs_pos,neg_vs_pos,r_amyg-post_vmPFC,neg_persist_crossrun_mean_z_L,130,-0.05140466909980622,0.040072846721622576,-1.2827805685207085,0.20309730012892363,0.3841778554020957,0.05427313508178977,sensitivity
r_amyg-post_vmPFC_neg_vs_pos,neg_vs_pos,r_amyg-post_vmPFC,neg_persist_crossrun_mean_z_R,130,0.003943954257088166,0.035081069351858285,0.11242400331446141,0.9107554545484866,0.360338808947258,0.01766317088328906,sensitivity
r_amyg-post_vmPFC_neg_vs_pos,neg_vs_pos,r_amyg-post_vmPFC,neg_persist_crossrun_mean_z_bilateral,130,-0.030476712507611844,0.02938739099908512,-1.0370676494745872,0.3026805290299947,0.36898440312894876,0.03094033337659985,sensitivity
r_amyg-post_vmPFC_neg_vs_pos,neg_vs_pos,r_amyg-post_vmPFC,pos_persist_crossrun_mean_z_L,130,-0.04159409513994872,0.04264180414021214,-0.9754300029891229,0.3321477570500564,0.33630486356694855,-0.01924610237932911,sensitivity
r_amyg-post_vmPFC_neg_vs_pos,neg_vs_pos,r_amyg-post_vmPFC,pos_persist_crossrun_mean_z_R,130,-0.04636412639779097,0.03960441504176397,-1.1706807523580058,0.24503757417029176,0.36277759986228775,0.02140845693137039,sensitivity
r_amyg-post_vmPFC_neg_vs_pos,neg_vs_pos,r_amyg-post_vmPFC,pos_persist_crossrun_mean_z_bilateral,130,-0.0351002915583985,0.03185852163546613,-1.101755190024998,0.2737150069873519,0.26903369052885173,-0.12255540383069197,sensitivity
r_amyg-post_vmPFC_neg_vs_pos,neg_vs_pos,r_amyg-post_vmPFC,neg_persist_concat_z_L,128,-0.09044498176022508,0.09823632460882752,-0.9206877610738472,0.35988175280571166,0.35435514499566045,0.012085583306613024,sensitivity
r_amyg-post_vmPFC_neg_vs_pos,neg_vs_pos,r_amyg-post_vmPFC,neg_persist_concat_z_R,128,-0.029898121514510732,0.09016895803722834,-0.3315788733209782,0.7410430570576746,0.29978861596808914,-0.07140778038617679,sensitivity
r_amyg-post_vmPFC_neg_vs_pos,neg_vs_pos,r_amyg-post_vmPFC,neg_persist_concat_z_bilateral,128,-0.06232493756606988,0.0812645606280192,-0.7669387133138682,0.44529401378393973,0.3287030930134537,-0.02716514683483595,sensitivity
l_amyg_safety_vs_threat_neg,neg,l_amyg_safety_vs_threat,neg_persist_crossrun_mean_z_L,130,-0.0508754022042989,0.0573741496086536,-0.8867303925429422,0.37775579451032193,0.3779370344230255,0.04468901714964624,sensitivity
l_amyg_safety_vs_threat_neg,neg,l_amyg_safety_vs_threat,neg_persist_crossrun_mean_z_R,130,-0.03373498532347405,0.049842639267930415,-0.6768298352366685,0.5003735664367824,0.36371259002169465,0.02284433467617386,sensitivity
l_amyg_safety_vs_threat_neg,neg,l_amyg_safety_vs_threat,neg_persist_crossrun_mean_z_bilateral,130,-0.03297350271217683,0.04197695754064356,-0.7855143546373206,0.43436214021060515,0.36556540085571676,0.025689722742707866,sensitivity
l_amyg_safety_vs_threat_neg,neg,l_amyg_safety_vs_threat,pos_persist_crossrun_mean_z_L,130,-0.07126632827103269,0.06059137822558982,-1.1761793568335515,0.24284580179036552,0.33966233852608274,-0.014089980120658652,sensitivity
l_amyg_safety_vs_threat_neg,neg,l_amyg_safety_vs_threat,pos_persist_crossrun_mean_z_R,130,-0.022432986884551444,0.056824010788423494,-0.3947800687297071,0.6940058326625016,0.35358041207502544,0.007284204258074745,sensitivity
l_amyg_safety_vs_threat_neg,neg,l_amyg_safety_vs_threat,pos_persist_crossrun_mean_z_bilateral,130,-0.054134670494273535,0.04532745651154402,-1.1943019675168955,0.235721462318696,0.2708519232516652,-0.11976311786351435,sensitivity
l_amyg_safety_vs_threat_neg,neg,l_amyg_safety_vs_threat,neg_persist_concat_z_L,128,-0.18476975759740782,0.13943511043102544,-1.325130786831543,0.18876417366187287,0.3612743373291859,0.02267278121453753,sensitivity
l_amyg_safety_vs_threat_neg,neg,l_amyg_safety_vs_threat,neg_persist_concat_z_R,128,-0.12767124515370443,0.12799609313847865,-0.9974620476546673,0.3214394268647112,0.30716617148296455,-0.060119231586307276,sensitivity
l_amyg_safety_vs_threat_neg,neg,l_amyg_safety_vs_threat,neg_persist_concat_z_bilateral,128,-0.16896799426050235,0.11489157903456532,-1.4706734443058533,0.145160477375522,0.34111555988799147,-0.008172577038856321,sensitivity
r_amyg_safety_vs_threat_neg,neg,r_amyg_safety_vs_threat,neg_persist_crossrun_mean_z_L,130,-0.015330321544335963,0.05527125082044915,-0.27736520011347526,0.7821811605910183,0.3726886724306361,0.03662903266133388,sensitivity
r_amyg_safety_vs_threat_neg,neg,r_amyg_safety_vs_threat,neg_persist_crossrun_mean_z_R,130,0.004535267899097639,0.04794215430092025,0.0945987506241576,0.9248588374247804,0.3603107107648219,0.01762002010311925,sensitivity
r_amyg_safety_vs_threat_neg,neg,r_amyg_safety_vs_threat,neg_persist_crossrun_mean_z_bilateral,130,-0.012461894193649374,0.040393635635289686,-0.30851132852132046,0.7584570892077205,0.361628409959157,0.01964362958013388,sensitivity
r_amyg_safety_vs_threat_neg,neg,r_amyg_safety_vs_threat,pos_persist_crossrun_mean_z_L,130,-0.06341331333416433,0.05819267436193016,-1.0897129927345208,0.27895587936912775,0.33814362173316526,-0.016422295195496206,sensitivity
r_amyg_safety_vs_threat_neg,neg,r_amyg_safety_vs_threat,pos_persist_crossrun_mean_z_R,130,0.04111945736622571,0.054377577858487076,0.756184055737744,0.45165436137345305,0.3567598004844651,0.012166836458285646,sensitivity
r_amyg_safety_vs_threat_neg,neg,r_amyg_safety_vs_threat,pos_persist_crossrun_mean_z_bilateral,130,-0.007771136023596116,0.04384247744258572,-0.17725129775736034,0.8597377128309528,0.25874791221893256,-0.13835142052092508,sensitivity
r_amyg_safety_vs_threat_neg,neg,r_amyg_safety_vs_threat,neg_persist_concat_z_L,128,-0.18255140548128718,0.13438748369549444,-1.3583958897163837,0.17801882343882555,0.3619463565180375,0.023701051539647855,sensitivity
r_amyg_safety_vs_threat_neg,neg,r_amyg_safety_vs_threat,neg_persist_concat_z_R,128,0.017624956604107844,0.12415000672150985,0.1419650072483983,0.887451678135077,0.2990313020224674,-0.07256656196562217,sensitivity
r_amyg_safety_vs_threat_neg,neg,r_amyg_safety_vs_threat,neg_persist_concat_z_bilateral,128,-0.09821205305152803,0.11170602887442195,-0.879201006795581,0.38183064073915784,0.3301839434973243,-0.024899267178792872,sensitivity
l_amyg_safety_vs_threat_neu,neu,l_amyg_safety_vs_threat,neg_persist_crossrun_mean_z_L,130,-0.05873361763822099,0.04962570225515331,-1.183532221594343,0.23993688760533036,0.38241277268853324,0.051562472343104515,sensitivity
l_amyg_safety_vs_threat_neu,neu,l_amyg_safety_vs_threat,neg_persist_crossrun_mean_z_R,130,0.050696775168766264,0.04303101796403168,1.1781449188848416,0.24206573265095246,0.37064214164456577,0.033486146097011615,sensitivity
l_amyg_safety_vs_threat_neu,neu,l_amyg_safety_vs_threat,neg_persist_crossrun_mean_z_bilateral,130,-0.0007315504035159438,0.0365727486500476,-0.02000260933395805,0.984088728094932,0.36090812401620787,0.018537476167747702,sensitivity
l_amyg_safety_vs_threat_neu,neu,l_amyg_safety_vs_threat,pos_persist_crossrun_mean_z_L,130,0.0267234019789499,0.05294913242386728,0.5046995249142948,0.615091364677889,0.3308164550695598,-0.027674729714604718,sensitivity
l_amyg_safety_vs_threat_neu,neu,l_amyg_safety_vs_threat,pos_persist_crossrun_mean_z_R,130,-0.05796646792452384,0.04896661041590398,-1.1837958035522258,0.23983307641306223,0.36300800414333767,0.02176229207726854,sensitivity
l_amyg_safety_vs_threat_neu,neu,l_amyg_safety_vs_threat,pos_persist_crossrun_mean_z_bilateral,130,-0.011490107950350641,0.03966059366570769,-0.28971094197930525,0.7727512948879651,0.2592108593356858,-0.13764046602019686,sensitivity
l_amyg_safety_vs_threat_neu,neu,l_amyg_safety_vs_threat,neg_persist_concat_z_L,128,-0.21070372683991248,0.11979057420181866,-1.7589341084961057,0.08227421925923156,0.37119997965931695,0.0378602098401597,sensitivity
l_amyg_safety_vs_threat_neu,neu,l_amyg_safety_vs_threat,neg_persist_concat_z_R,128,0.18708017169831895,0.10958251858552542,1.7072081762047588,0.09152184143019165,0.3226464819898045,-0.036432491413190604,sensitivity
l_amyg_safety_vs_threat_neu,neu,l_amyg_safety_vs_threat,neg_persist_concat_z_bilateral,128,-0.0097295403862886,0.10076305880666189,-0.09655860492442035,0.9233097030800369,0.32402175625520013,-0.0343281560914408,sensitivity
r_amyg_safety_vs_threat_neu,neu,r_amyg_safety_vs_threat,neg_persist_crossrun_mean_z_L,130,-0.03811591644895631,0.05066189829410154,-0.7523586310897092,0.453938577865752,0.37631690806940454,0.042200965963728354,sensitivity
r_amyg_safety_vs_threat_neu,neu,r_amyg_safety_vs_threat,neg_persist_crossrun_mean_z_R,130,0.013814925844481723,0.044048212580524077,0.31363192817930585,0.7545781081707821,0.3609908488107699,0.01866451781653944,sensitivity
r_amyg_safety_vs_threat_neu,neu,r_amyg_safety_vs_threat,neg_persist_crossrun_mean_z_bilateral,130,-0.022681541718305026,0.0370710617932239,-0.6118395487245233,0.5422964373407742,0.36374058239406293,0.022887322962310885,sensitivity
r_amyg_safety_vs_threat_neu,neu,r_amyg_safety_vs_threat,pos_persist_crossrun_mean_z_L,130,0.03973950624665163,0.053696627236072915,0.7400745315332391,0.4613182641554333,0.3331354205075904,-0.024113461363343358,sensitivity
r_amyg_safety_vs_threat_neu,neu,r_amyg_safety_vs_threat,pos_persist_crossrun_mean_z_R,130,-0.08164895855211678,0.04935988634449821,-1.6541561295798566,0.10182811974614635,0.37281123295387675,0.036817250607739216,sensitivity
r_amyg_safety_vs_threat_neu,neu,r_amyg_safety_vs_threat,pos_persist_crossrun_mean_z_bilateral,130,-0.007369718279061381,0.04030246533445599,-0.18286023492366235,0.8553483123970897,0.2587657290886083,-0.13832405889963728,sensitivity
r_amyg_safety_vs_threat_neu,neu,r_amyg_safety_vs_threat,neg_persist_concat_z_L,128,-0.06236766269572369,0.12379147350367305,-0.5038122653404975,0.6157279644264808,0.3497498408353049,0.005038913085346097,sensitivity
r_amyg_safety_vs_threat_neu,neu,r_amyg_safety_vs_threat,neg_persist_concat_z_R,128,0.15725337135395717,0.11197479049586001,1.4043640596029623,0.16394158627958236,0.3151347971141517,-0.04792627429521357,sensitivity
r_amyg_safety_vs_threat_neu,neu,r_amyg_safety_vs_threat,neg_persist_concat_z_bilateral,128,0.04312798040425855,0.10229285556987205,0.42161283076900313,0.6743975860921061,0.32539060290315336,-0.03223365579878945,sensitivity
l_amyg_safety_vs_threat_pos,pos,l_amyg_safety_vs_threat,neg_persist_crossrun_mean_z_L,130,-0.06422111852547555,0.05016659367771922,-1.2801570490921819,0.20401389528546615,0.3841295042264443,0.054198881490610806,sensitivity
l_amyg_safety_vs_threat_pos,pos,l_amyg_safety_vs_threat,neg_persist_crossrun_mean_z_R,130,-0.01730044546428573,0.04387845868708485,-0.3942810659704856,0.6943727598105331,0.3614243640861956,0.01933027341808602,sensitivity
l_amyg_safety_vs_threat_pos,pos,l_amyg_safety_vs_threat,neg_persist_crossrun_mean_z_bilateral,130,-0.038959085946477574,0.03677811519341115,-1.0593007755181851,0.29249938377327067,0.36932991725828657,0.03147094436094,sensitivity
l_amyg_safety_vs_threat_pos,pos,l_amyg_safety_vs_threat,pos_persist_crossrun_mean_z_L,130,-0.003762852519619553,0.05368043528191213,-0.07009728031932452,0.9442828429747896,0.32882648348870713,-0.030730757499485506,sensitivity
l_amyg_safety_vs_threat_pos,pos,l_amyg_safety_vs_threat,pos_persist_crossrun_mean_z_R,130,-0.021022346059173053,0.04992837322440937,-0.4210500903901969,0.6747938845424174,0.3537449931104064,0.007536953705266969,sensitivity
l_amyg_safety_vs_threat_pos,pos,l_amyg_safety_vs_threat,pos_persist_crossrun_mean_z_bilateral,130,0.00410907753804407,0.04016626258487967,0.10230171476274982,0.9187610156319953,0.2585630424343114,-0.13863532769016462,sensitivity
l_amyg_safety_vs_threat_pos,pos,l_amyg_safety_vs_threat,neg_persist_concat_z_L,128,-0.20525949114494835,0.12169746871685286,-1.6866373089691362,0.09542853476504336,0.3693753313949739,0.035068278158574606,sensitivity
l_amyg_safety_vs_threat_pos,pos,l_amyg_safety_vs_threat,neg_persist_concat_z_R,128,0.08124590184608173,0.11274857205550975,0.7205936214081874,0.4731842180799649,0.3032202073267748,-0.06615703216264568,sensitivity
l_amyg_safety_vs_threat_pos,pos,l_amyg_safety_vs_threat,neg_persist_concat_z_bilateral,128,-0.07425550629920692,0.10189915089912852,-0.728715653113867,0.46822678921978567,0.3282436585969203,-0.027868136845676128,sensitivity
r_amyg_safety_vs_threat_pos,pos,r_amyg_safety_vs_threat,neg_persist_crossrun_mean_z_L,130,-0.11386261984618848,0.05589983614422056,-2.0369043578665416,0.04480851637552075,0.4016673605344673,0.08113201796364611,sensitivity
r_amyg_safety_vs_threat_pos,pos,r_amyg_safety_vs_threat,neg_persist_crossrun_mean_z_R,130,0.033512708239036716,0.04951550250612326,0.6768124434341026,0.5003845466082442,0.3637124126596635,0.022844062298768897,sensitivity
r_amyg_safety_vs_threat_pos,pos,r_amyg_safety_vs_threat,neg_persist_crossrun_mean_z_bilateral,130,-0.05867642252516647,0.04136178296952983,-1.4186144385601533,0.1597111404928443,0.37585823072920277,0.041496568619847074,sensitivity
r_amyg_safety_vs_threat_pos,pos,r_amyg_safety_vs_threat,pos_persist_crossrun_mean_z_L,130,0.0035416900582556947,0.060686095994267976,0.05836081560742053,0.9535998383487557,0.3288144376596991,-0.030749256451176432,sensitivity
r_amyg_safety_vs_threat_pos,pos,r_amyg_safety_vs_threat,pos_persist_crossrun_mean_z_R,130,0.008444512178750776,0.05649587660872394,0.1494713010160957,0.8815400452381857,0.35255326572170587,0.005706800929762501,sensitivity
r_amyg_safety_vs_threat_pos,pos,r_amyg_safety_vs_threat,pos_persist_crossrun_mean_z_bilateral,130,0.016331011883181548,0.04537568080562521,0.35990670758502424,0.7198202086921212,0.2596123864345643,-0.1370238351183477,sensitivity
r_amyg_safety_vs_threat_pos,pos,r_amyg_safety_vs_threat,neg_persist_concat_z_L,128,-0.30411523237655774,0.13601493308242607,-2.2358959085195567,0.028042596431457747,0.3848149147340494,0.058692700858123836,sensitivity
r_amyg_safety_vs_threat_pos,pos,r_amyg_safety_vs_threat,neg_persist_concat_z_R,128,0.06249306349612115,0.12779923524971812,0.4889940332898744,0.6261356066220505,0.30087520530987777,-0.06974516777886164,sensitivity
r_amyg_safety_vs_threat_pos,pos,r_amyg_safety_vs_threat,neg_persist_concat_z_bilateral,128,-0.151216245073802,0.11447893212843915,-1.3209089416046051,0.1901620366398524,0.3378650197851407,-0.013146295027555821,sensitivity
l_amyg_safety_vs_threat_neg_vs_neu,neu,l_amyg_safety_vs_threat_neg_vs,neg_persist_crossrun_mean_z_L,130,0.015161384396472999,0.04310968878828221,0.3516931998960305,0.725949064118366,0.37303733733688615,0.03716448233878944,sensitivity
l_amyg_safety_vs_threat_neg_vs_neu,neu,l_amyg_safety_vs_threat_neg_vs,neg_persist_crossrun_mean_z_R,130,-0.056582318863653024,0.03689264857516158,-1.533701727821942,0.1288610022628219,0.37766959826074176,0.04427831161471052,sensitivity
l_amyg_safety_vs_threat_neg_vs_neu,neu,l_amyg_safety_vs_threat_neg_vs,neg_persist_crossrun_mean_z_bilateral,130,-0.017926547217375313,0.031471543102402806,-0.5696113202662327,0.5704615435529099,0.36336413941765255,0.022309214105680653,sensitivity
l_amyg_safety_vs_threat_neg_vs_neu,neu,l_amyg_safety_vs_threat_neg_vs,pos_persist_crossrun_mean_z_L,130,-0.05978517503159997,0.04525297287939167,-1.3211325406385908,0.19004472106681633,0.342450101376104,-0.00980877288669757,sensitivity
l_amyg_safety_vs_threat_neg_vs_neu,neu,l_amyg_safety_vs_threat_neg_vs,pos_persist_crossrun_mean_z_R,130,0.030523347668588274,0.042438122957027744,0.719243584347399,0.47398708424809477,0.3563449917874758,0.011529808816480691,sensitivity
l_amyg_safety_vs_threat_neg_vs_neu,neu,l_amyg_safety_vs_threat_neg_vs,pos_persist_crossrun_mean_z_bilateral,130,-0.021782758951283687,0.03412888401744987,-0.6382499627045028,0.525047237803111,0.26204940157372325,-0.13328127615463936,sensitivity
l_amyg_safety_vs_threat_neg_vs_neu,neu,l_amyg_safety_vs_threat_neg_vs,neg_persist_concat_z_L,128,0.053837818723251815,0.10520346168216455,0.5117494981857531,0.6101852314105201,0.3498127928562791,0.005135237262017478,sensitivity
l_amyg_safety_vs_threat_neg_vs_neu,neu,l_amyg_safety_vs_threat_neg_vs,neg_persist_concat_z_R,128,-0.21094355956365668,0.0934644609711011,-2.256938705599337,0.026639266017146085,0.33940245982777806,-0.010793826528580519,sensitivity
l_amyg_safety_vs_threat_neg_vs_neu,neu,l_amyg_safety_vs_threat_neg_vs,neg_persist_concat_z_bilateral,128,-0.08723484181855039,0.08650188966165678,-1.0084732502348848,0.3161583077839471,0.3321293959828655,-0.02192249048404915,sensitivity
r_amyg_safety_vs_threat_neg_vs_neu,neu,r_amyg_safety_vs_threat_neg_vs,neg_persist_crossrun_mean_z_L,130,0.02250802828335408,0.04801504220642638,0.46877035297787545,0.640448094429898,0.37375242485813365,0.03826265246070515,sensitivity
r_amyg_safety_vs_threat_neg_vs_neu,neu,r_amyg_safety_vs_threat_neg_vs,neg_persist_crossrun_mean_z_R,130,-0.008929848230185205,0.04167432509002622,-0.2142769729538429,0.8308503811422037,0.3605920636524472,0.018052097751972473,sensitivity
r_amyg_safety_vs_threat_neg_vs_neu,neu,r_amyg_safety_vs_threat_neg_vs,neg_persist_crossrun_mean_z_bilateral,130,0.010869437111424553,0.03512027737829298,0.3094917786196842,0.7577138913154536,0.361633009510534,0.0196506931768915,sensitivity
r_amyg_safety_vs_threat_neg_vs_neu,neu,r_amyg_safety_vs_threat_neg_vs,pos_persist_crossrun_mean_z_L,130,-0.08348668423394201,0.050131348692929595,-1.6653588305657687,0.09956675477850097,0.3502402779334659,0.0021547125406796708,sensitivity
r_amyg_safety_vs_threat_neg_vs_neu,neu,r_amyg_safety_vs_threat_neg_vs,pos_persist_crossrun_mean_z_R,130,0.10412417473803812,0.04605899864632225,2.2606695281759515,0.0263654100210084,0.38952297020477367,0.06248170424304522,sensitivity
r_amyg_safety_vs_threat_neg_vs_neu,neu,r_amyg_safety_vs_threat_neg_vs,pos_persist_crossrun_mean_z_bilateral,130,0.0007180665865056009,0.03812606039781332,0.01883400957280089,0.9850181875777708,0.2584737974486784,-0.13877238248952972,sensitivity
r_amyg_safety_vs_threat_neg_vs_neu,neu,r_amyg_safety_vs_threat_neg_vs,neg_persist_concat_z_L,128,-0.08067637381980207,0.11729393718135492,-0.6878136735666369,0.4934878450155634,0.35145786922110456,0.007652402302172123,sensitivity
r_amyg_safety_vs_threat_neg_vs_neu,neu,r_amyg_safety_vs_threat_neg_vs,neg_persist_concat_z_R,128,-0.1283413387286258,0.10656479353361085,-1.2043502781070612,0.2318773809826254,0.3109033440371365,-0.05440090731667069,sensitivity
r_amyg_safety_vs_threat_neg_vs_neu,neu,r_amyg_safety_vs_threat_neg_vs,neg_persist_concat_z_bilateral,128,-0.1124280753541043,0.0963682168096965,-1.1666509880132168,0.246692453620362,0.33485322381889426,-0.017754705722896613,sensitivity
l_amyg_safety_vs_threat_neg_vs_pos,pos,l_amyg_safety_vs_threat_neg_vs,neg_persist_crossrun_mean_z_L,130,0.022472564753329396,0.04802582062294399,0.4679267207064295,0.6410488048718117,0.37374654876656765,0.03825362846294311,sensitivity
l_amyg_safety_vs_threat_neg_vs_pos,pos,l_amyg_safety_vs_threat_neg_vs,neg_persist_crossrun_mean_z_R,130,-0.00788657774183132,0.041685994800963196,-0.1891901052016898,0.8504002029139859,0.360515049903664,0.017933826637769656,sensitivity
l_amyg_safety_vs_threat_neg_vs_pos,pos,l_amyg_safety_vs_threat_neg_vs,neg_persist_crossrun_mean_z_bilateral,130,0.012163899220949353,0.03512295257918159,0.34632336770454925,0.7299656984996037,0.3618163141122215,0.01993219667234003,sensitivity
l_amyg_safety_vs_threat_neg_vs_pos,pos,l_amyg_safety_vs_threat_neg_vs,pos_persist_crossrun_mean_z_L,130,-0.04620907250777556,0.05071341010827208,-0.9111805419734179,0.36480770667427265,0.33535651141363865,-0.020702500329055074,sensitivity
l_amyg_safety_vs_threat_neg_vs_pos,pos,l_amyg_safety_vs_threat_neg_vs,pos_persist_crossrun_mean_z_R,130,0.0033339427619350683,0.04744847704554965,0.07026448412105084,0.9441501611401774,0.35241912439911116,0.0055007981843492315,sensitivity
l_amyg_safety_vs_threat_neg_vs_pos,pos,l_amyg_safety_vs_threat_neg_vs,pos_persist_crossrun_mean_z_bilateral,130,-0.04138046863424655,0.03786629925639283,-1.092804669240563,0.2776037702129715,0.268865158303349,-0.1228142211769998,sensitivity
l_amyg_safety_vs_threat_neg_vs_pos,pos,l_amyg_safety_vs_threat_neg_vs,neg_persist_concat_z_L,128,0.056270995272951305,0.11708492570884729,0.4805998289897646,0.6320653096703281,0.3495713182590886,0.004765752034991078,sensitivity
l_amyg_safety_vs_threat_neg_vs_pos,pos,l_amyg_safety_vs_threat_neg_vs,neg_persist_concat_z_R,128,-0.16131680079914434,0.1056713728348639,-1.52658942977148,0.13066501092557384,0.3180100180639903,-0.04352683982979788,sensitivity
l_amyg_safety_vs_threat_neg_vs_pos,pos,l_amyg_safety_vs_threat_neg_vs,neg_persist_concat_z_bilateral,128,-0.050356974374759576,0.09668340419013709,-0.520844035194787,0.6038622096365853,0.32614824988788604,-0.03107436462937918,sensitivity
r_amyg_safety_vs_threat_neg_vs_pos,pos,r_amyg_safety_vs_threat_neg_vs,neg_persist_crossrun_mean_z_L,130,0.068821021474707,0.04754011594092883,1.4476410103883814,0.15143952945669395,0.38739759083220193,0.05921772877802434,sensitivity
r_amyg_safety_vs_threat_neg_vs_pos,pos,r_amyg_safety_vs_threat_neg_vs,neg_persist_crossrun_mean_z_R,130,-0.020238258791513492,0.04167205994532322,-0.48565534840532393,0.628475945281508,0.3620338877829563,0.020266327666682793,sensitivity
r_amyg_safety_vs_threat_neg_vs_pos,pos,r_amyg_safety_vs_threat_neg_vs,neg_persist_crossrun_mean_z_bilateral,130,0.032009403320915536,0.035004270730792056,0.9144427994826918,0.36310169755365895,0.3672044513871744,0.028206836058874862,sensitivity
r_amyg_safety_vs_threat_neg_vs_pos,pos,r_amyg_safety_vs_threat_neg_vs,pos_persist_crossrun_mean_z_L,130,-0.05054233934272581,0.05070800791058116,-0.9967328914173184,0.3217568136361224,0.33663293190456955,-0.018742283146554017,sensitivity
r_amyg_safety_vs_threat_neg_vs_pos,pos,r_amyg_safety_vs_threat_neg_vs,pos_persist_crossrun_mean_z_R,130,0.02518574388805352,0.04741086890136946,0.5312229974196071,0.5966661758090945,0.3545494529873896,0.008772374230633928,sensitivity
r_amyg_safety_vs_threat_neg_vs_pos,pos,r_amyg_safety_vs_threat_neg_vs,pos_persist_crossrun_mean_z_bilateral,130,-0.01742379195288799,0.03811974934654146,-0.4570804439056162,0.6487931278750345,0.2603104020882707,-0.1359518825072985,sensitivity
r_amyg_safety_vs_threat_neg_vs_pos,pos,r_amyg_safety_vs_threat_neg_vs,neg_persist_concat_z_L,128,0.0797587377820716,0.11884495181822992,0.6711159082639067,0.5040101301919642,0.3512815234317278,0.007382571997945009,sensitivity
r_amyg_safety_vs_threat_neg_vs_pos,pos,r_amyg_safety_vs_threat_neg_vs,neg_persist_concat_z_R,128,-0.03168761282358907,0.10884292787606131,-0.29113157319391053,0.7716769857290635,0.29957634847093295,-0.071732575231223,sensitivity
r_amyg_safety_vs_threat_neg_vs_pos,pos,r_amyg_safety_vs_threat_neg_vs,neg_persist_concat_z_bilateral,128,0.03393470922151942,0.09835597711322867,0.34501928827826445,0.7309526669528019,0.3249140281367515,-0.032962872610030836,sensitivity
