fc_var,condition,seed_target,persistence_var,n,n_groups,beta_fc,se_fc,z_fc,p_fc,group_var,log_likelihood,converged,degenerate_re,optimizer,tier
l_amyg-ant_vmPFC_neg,neg,l_amyg-ant_vmPFC,neg_persist_crossrun_mean_z_L,148,8,0.032110549404702336,0.03720154359706043,0.8631509958968376,0.3880544527503096,1.6454723190014933e-11,73.83757976363319,True,False,powell,primary
l_amyg-ant_vmPFC_neg,neg,l_amyg-ant_vmPFC,neg_persist_crossrun_mean_z_R,148,8,0.024540110010274455,0.029238345590663566,0.8393125368252929,0.4012939498976995,1.3863128447920054e-12,89.67674906550928,True,False,powell,secondary
l_amyg-ant_vmPFC_neg,neg,l_amyg-ant_vmPFC,neg_persist_crossrun_mean_z_bilateral,148,8,0.030232144170302577,0.026825332875223564,1.1269997770736189,0.25974257523809263,9.845055154443218e-13,116.79810359148601,True,False,powell,sensitivity
l_amyg-ant_vmPFC_neg,neg,l_amyg-ant_vmPFC,pos_persist_crossrun_mean_z_L,148,8,0.015215702728290275,0.037588340672903064,0.4047984682457418,0.6856256548173039,0.0004985063628479457,67.47324927351647,True,False,powell,sensitivity
l_amyg-ant_vmPFC_neg,neg,l_amyg-ant_vmPFC,pos_persist_crossrun_mean_z_R,148,8,-0.016932932392067883,0.03509950915653823,-0.4824264725911037,0.6295030192436346,6.784571880785837e-11,79.00621502180903,True,False,powell,sensitivity
l_amyg-ant_vmPFC_neg,neg,l_amyg-ant_vmPFC,pos_persist_crossrun_mean_z_bilateral,148,8,-0.003427034207372677,0.02706299761300214,-0.1266317300241047,0.8992318821689071,0.00010094219297257795,113.36330623348437,True,False,powell,sensitivity
l_amyg-ant_vmPFC_neg,neg,l_amyg-ant_vmPFC,neg_persist_concat_z_L,146,8,0.02715922980590029,0.09671054284708656,0.28083008332238385,0.7788407285942809,1.3678977138054017e-11,-50.301596447295424,True,False,powell,sensitivity
l_amyg-ant_vmPFC_neg,neg,l_amyg-ant_vmPFC,neg_persist_concat_z_R,146,8,0.03044356906237756,0.11514641890765555,0.2643900639827324,0.791479367011447,8.788989036715254e-12,-39.30913670683566,True,False,powell,sensitivity
l_amyg-ant_vmPFC_neg,neg,l_amyg-ant_vmPFC,neg_persist_concat_z_bilateral,146,8,0.020423997686083627,0.09278819840402329,0.2201141744034341,0.8257822359367961,7.379254522252566e-12,-27.170845422718457,True,False,powell,sensitivity
l_amyg-ant_vmPFC_neu,neu,l_amyg-ant_vmPFC,neg_persist_crossrun_mean_z_L,148,8,-0.004715580770631845,0.03429095248254149,-0.1375167625639061,0.8906223440051657,2.9361648852678776e-12,73.37238609086143,True,False,lbfgs,sensitivity
l_amyg-ant_vmPFC_neu,neu,l_amyg-ant_vmPFC,neg_persist_crossrun_mean_z_R,148,8,0.07130869978562664,0.017977112460457738,3.966638131817692,7.289353691208866e-05,9.719328606614011e-08,92.23831879319602,True,False,lbfgs,sensitivity
l_amyg-ant_vmPFC_neu,neu,l_amyg-ant_vmPFC,neg_persist_crossrun_mean_z_bilateral,148,8,0.028937833384399928,0.024577944082484066,1.1773903174034406,0.23903975274303635,9.391845733630866e-13,116.76582469795989,True,False,powell,sensitivity
l_amyg-ant_vmPFC_neu,neu,l_amyg-ant_vmPFC,pos_persist_crossrun_mean_z_L,148,8,0.07519106741669361,0.034342369131899565,2.1894548721407503,0.028563795137570347,0.0009253203859562589,69.67364669781082,True,False,powell,sensitivity
l_amyg-ant_vmPFC_neu,neu,l_amyg-ant_vmPFC,pos_persist_crossrun_mean_z_R,148,8,-0.011583800485332791,0.03266802927026377,-0.3545913464659774,0.7228957599605299,1.1450027956485886e-10,78.8755782759676,True,False,powell,sensitivity
l_amyg-ant_vmPFC_neu,neu,l_amyg-ant_vmPFC,pos_persist_crossrun_mean_z_bilateral,148,8,0.03185940762412291,0.025123009086488363,1.2681366119179376,0.20474916891379857,0.00029402303287602403,114.07975756197192,True,False,powell,sensitivity
l_amyg-ant_vmPFC_neu,neu,l_amyg-ant_vmPFC,neg_persist_concat_z_L,146,8,0.02353134700657822,0.08283744580622915,0.28406654475588294,0.7763593847068617,1.0528145821720287e-11,-50.38064300038235,True,False,powell,sensitivity
l_amyg-ant_vmPFC_neu,neu,l_amyg-ant_vmPFC,neg_persist_concat_z_R,146,8,0.10563863560329416,0.34628583448632566,0.3050619606198927,0.7603189621444899,0.0007986847391927025,-38.56467622387919,False,False,lbfgs,sensitivity
l_amyg-ant_vmPFC_neu,neu,l_amyg-ant_vmPFC,neg_persist_concat_z_bilateral,146,8,0.04943113417501824,0.07049287888028082,0.7012216689145002,0.4831646889170007,7.347295776328363e-12,-27.02321565103057,True,False,powell,sensitivity
l_amyg-ant_vmPFC_pos,pos,l_amyg-ant_vmPFC,neg_persist_crossrun_mean_z_L,148,8,0.042353008044035335,0.03704785411694243,1.1431973336524988,0.25295666907887737,1.7413883510763465e-12,74.15116154785142,True,False,powell,sensitivity
l_amyg-ant_vmPFC_pos,pos,l_amyg-ant_vmPFC,neg_persist_crossrun_mean_z_R,148,8,0.007644401965578533,0.01625178727163789,0.4703730019232595,0.6380885494626629,1.4261705264601685e-12,89.37737972402851,True,False,powell,sensitivity
l_amyg-ant_vmPFC_pos,pos,l_amyg-ant_vmPFC,neg_persist_crossrun_mean_z_bilateral,148,8,0.022773213705859077,0.02581055064255881,0.8823218853885475,0.3776027646468303,9.48341085522885e-13,116.5065746356604,True,False,powell,sensitivity
l_amyg-ant_vmPFC_pos,pos,l_amyg-ant_vmPFC,pos_persist_crossrun_mean_z_L,148,8,0.03598117238098608,0.0360426020931575,0.9982956360361372,0.3181360231191712,0.0005828444103909332,67.8509917071504,True,False,powell,sensitivity
l_amyg-ant_vmPFC_pos,pos,l_amyg-ant_vmPFC,pos_persist_crossrun_mean_z_R,148,8,-0.0009238111311340558,0.036876329133720985,-0.02505160228351718,0.9800138038352186,1.2852400444080504e-10,78.84946176361456,True,False,powell,sensitivity
l_amyg-ant_vmPFC_pos,pos,l_amyg-ant_vmPFC,pos_persist_crossrun_mean_z_bilateral,148,8,0.019131716446881428,0.026077942533211163,0.7336359615992145,0.46317063736432784,0.00016738622951445293,113.58663009199279,True,False,powell,sensitivity
l_amyg-ant_vmPFC_pos,pos,l_amyg-ant_vmPFC,neg_persist_concat_z_L,146,8,0.08582194898159573,0.08869111291269269,0.9676499275195548,0.33321923330827685,1.2667375887444158e-11,-49.86729115905041,True,False,powell,sensitivity
l_amyg-ant_vmPFC_pos,pos,l_amyg-ant_vmPFC,neg_persist_concat_z_R,146,8,0.09282212384171448,0.060719145763259104,1.528712610740989,0.1263357046526823,0.0009960557712467085,-38.83687395294908,True,False,lbfgs,sensitivity
l_amyg-ant_vmPFC_pos,pos,l_amyg-ant_vmPFC,neg_persist_concat_z_bilateral,146,8,0.08628898431827611,0.06479752167142923,1.3316710592084726,0.18296830330063973,7.302529045187674e-12,-26.511841331708183,True,False,powell,sensitivity
l_amyg-ant_vmPFC_neg_vs_neu,neg_vs_neu,l_amyg-ant_vmPFC,neg_persist_crossrun_mean_z_L,148,8,0.029803556601371326,0.03194659861171955,0.9329179911641031,0.35086231246447097,2.1218910990532542e-08,73.7561422697674,True,False,lbfgs,sensitivity
l_amyg-ant_vmPFC_neg_vs_neu,neg_vs_neu,l_amyg-ant_vmPFC,neg_persist_crossrun_mean_z_R,148,8,-0.04636582644264653,0.027700549940840768,-1.6738233190918097,0.09416532796294619,6.019695297026879e-11,90.59505973099579,True,False,powell,sensitivity
l_amyg-ant_vmPFC_neg_vs_neu,neg_vs_neu,l_amyg-ant_vmPFC,neg_persist_crossrun_mean_z_bilateral,148,8,-0.002746841912538174,0.023635468562054153,-0.1162169434181696,0.9074806088366258,1.1024988658267015e-09,116.03640002845785,True,False,lbfgs,sensitivity
l_amyg-ant_vmPFC_neg_vs_neu,neg_vs_neu,l_amyg-ant_vmPFC,pos_persist_crossrun_mean_z_L,148,8,-0.057480515563339926,0.03320718853214266,-1.7309660379017655,0.08345782199970331,0.0010004240836335755,68.75454608111576,True,False,powell,sensitivity
l_amyg-ant_vmPFC_neg_vs_neu,neg_vs_neu,l_amyg-ant_vmPFC,pos_persist_crossrun_mean_z_R,148,8,-0.002729556932521709,0.030863931233333093,-0.08843840766382291,0.9295282359717096,1.1284491442257813e-10,78.77421525224702,True,False,powell,sensitivity
l_amyg-ant_vmPFC_neg_vs_neu,neg_vs_neu,l_amyg-ant_vmPFC,pos_persist_crossrun_mean_z_bilateral,148,8,-0.032196315803643696,0.02409743236024904,-1.3360890622004409,0.18152016463181697,0.00031985659355603964,114.12457211355664,True,False,powell,sensitivity
l_amyg-ant_vmPFC_neg_vs_neu,neg_vs_neu,l_amyg-ant_vmPFC,neg_persist_concat_z_L,146,8,-4.3427196271845716e-05,0.07943292178954477,-0.0005467153328050152,0.9995637842985312,1.0792808640035957e-11,-50.463924291568105,True,False,powell,sensitivity
l_amyg-ant_vmPFC_neg_vs_neu,neg_vs_neu,l_amyg-ant_vmPFC,neg_persist_concat_z_R,146,8,-0.07188120262245082,0.12444141545889416,-0.5776308663589159,0.5635133631625471,8.741253491293225e-12,-38.99570454186062,True,False,powell,sensitivity
l_amyg-ant_vmPFC_neg_vs_neu,neg_vs_neu,l_amyg-ant_vmPFC,neg_persist_concat_z_bilateral,146,8,-0.029241920096761496,0.0807086409230701,-0.36231461417661986,0.7171169384855114,7.366800886296268e-12,-27.224959962622165,True,False,powell,sensitivity
l_amyg-ant_vmPFC_neg_vs_pos,neg_vs_pos,l_amyg-ant_vmPFC,neg_persist_crossrun_mean_z_L,148,8,-0.010518030729024375,0.03185145728432649,-0.3302213344630891,0.741232727607779,1.3526655885666882e-09,73.36741634071029,True,False,lbfgs,sensitivity
l_amyg-ant_vmPFC_neg_vs_pos,neg_vs_pos,l_amyg-ant_vmPFC,neg_persist_crossrun_mean_z_R,148,8,0.012668376818110541,0.022316651659283503,0.567664764926356,0.5702626212325492,1.3911909534164231e-12,89.35836074055828,True,False,powell,sensitivity
l_amyg-ant_vmPFC_neg_vs_pos,neg_vs_pos,l_amyg-ant_vmPFC,neg_persist_crossrun_mean_z_bilateral,148,8,0.004420935184935811,0.023385857203630324,0.18904311039107533,0.8500590287081156,9.608534294869417e-13,116.03764206336723,True,False,powell,sensitivity
l_amyg-ant_vmPFC_neg_vs_pos,neg_vs_pos,l_amyg-ant_vmPFC,pos_persist_crossrun_mean_z_L,148,8,-0.018379906299827203,0.033094284567525105,-0.5553800766511542,0.5786347171267234,0.0006331522103751826,67.41918325703557,True,False,powell,sensitivity
l_amyg-ant_vmPFC_neg_vs_pos,neg_vs_pos,l_amyg-ant_vmPFC,pos_persist_crossrun_mean_z_R,148,8,-0.012385341053124237,0.03154193112462759,-0.39266273850474237,0.6945685949770906,1.1870142799448652e-10,78.84282024028926,True,False,powell,sensitivity
l_amyg-ant_vmPFC_neg_vs_pos,neg_vs_pos,l_amyg-ant_vmPFC,pos_persist_crossrun_mean_z_bilateral,148,8,-0.018740049731023986,0.023879213428457557,-0.7847850511144107,0.43257960625710634,0.00018767913543985866,113.53626660863227,True,False,powell,sensitivity
l_amyg-ant_vmPFC_neg_vs_pos,neg_vs_pos,l_amyg-ant_vmPFC,neg_persist_concat_z_L,146,8,-0.050695197405852425,0.07785300064666292,-0.6511656196263184,0.5149395810959034,1.1538223541499986e-11,-50.25695474731833,True,False,powell,sensitivity
l_amyg-ant_vmPFC_neg_vs_pos,neg_vs_pos,l_amyg-ant_vmPFC,neg_persist_concat_z_R,146,8,-0.05337235846803274,0.06453537480791219,-0.827024846867228,0.4082229785211453,8.761437722505421e-12,-39.22304155434483,True,False,powell,sensitivity
l_amyg-ant_vmPFC_neg_vs_pos,neg_vs_pos,l_amyg-ant_vmPFC,neg_persist_concat_z_bilateral,146,8,-0.05637094823954975,0.06655834800952183,-0.8469403151575416,0.3970283898326432,7.338793059406572e-12,-26.95956938374536,True,False,powell,sensitivity
l_amyg-post_vmPFC_neg,neg,l_amyg-post_vmPFC,neg_persist_crossrun_mean_z_L,148,8,0.04120749237773122,0.03860636814685633,1.0673755226334778,0.2858022970183338,3.855442478887535e-11,74.08255091958142,True,False,powell,primary
l_amyg-post_vmPFC_neg,neg,l_amyg-post_vmPFC,neg_persist_crossrun_mean_z_R,148,8,0.042541289656114194,0.024238958527733844,1.7550791057065882,0.07924577772693131,8.475289371829496e-11,90.22782214538037,True,False,powell,secondary
l_amyg-post_vmPFC_neg,neg,l_amyg-post_vmPFC,neg_persist_crossrun_mean_z_bilateral,148,8,0.04032468216369515,0.028045413057104757,1.4378352025547965,0.1504808185446167,9.42385701390425e-13,117.24025949006207,True,False,powell,sensitivity
l_amyg-post_vmPFC_neg,neg,l_amyg-post_vmPFC,pos_persist_crossrun_mean_z_L,148,8,0.09575720114556807,0.03999187507076761,2.3944163902322897,0.016646838332898817,1.8767245800046926e-12,70.37055317266243,True,False,powell,sensitivity
l_amyg-post_vmPFC_neg,neg,l_amyg-post_vmPFC,pos_persist_crossrun_mean_z_R,148,8,-0.01071478474141591,0.036880841007188164,-0.2905244145416199,0.7714150757193254,1.7880896450488348e-12,78.98696344424906,True,False,powell,sensitivity
l_amyg-post_vmPFC_neg,neg,l_amyg-post_vmPFC,pos_persist_crossrun_mean_z_bilateral,148,8,0.04318307069042914,0.028989735973805334,1.4895986196441624,0.13632980518599802,9.743030672840166e-13,114.55332665117612,True,False,powell,sensitivity
l_amyg-post_vmPFC_neg,neg,l_amyg-post_vmPFC,neg_persist_concat_z_L,146,8,0.06024605668819445,0.09458476330809995,0.636953083996724,0.5241554037802405,1.443739485852259e-11,-50.07917323044711,True,False,powell,sensitivity
l_amyg-post_vmPFC_neg,neg,l_amyg-post_vmPFC,neg_persist_concat_z_R,146,8,0.07060630859070499,0.04047392660163889,1.7444887244482468,0.08107390586524721,8.771396964510773e-12,-38.98085812161605,True,False,powell,sensitivity
l_amyg-post_vmPFC_neg,neg,l_amyg-post_vmPFC,neg_persist_concat_z_bilateral,146,8,0.06293896871273548,0.08156806424568465,0.7716128768627148,0.44034374531397535,7.341064743405666e-12,-26.82740430289499,True,False,powell,sensitivity
l_amyg-post_vmPFC_neu,neu,l_amyg-post_vmPFC,neg_persist_crossrun_mean_z_L,148,8,0.027394348746421125,0.04164679994884893,0.6577779992716649,0.5106807934605393,2.527487415966114e-09,73.79957192475365,True,False,lbfgs,sensitivity
l_amyg-post_vmPFC_neu,neu,l_amyg-post_vmPFC,neg_persist_crossrun_mean_z_R,148,8,0.09405534059913707,0.03383422627228838,2.779887438305993,0.005437774353013847,1.329281715826625e-12,92.82336111757652,True,False,powell,sensitivity
l_amyg-post_vmPFC_neu,neu,l_amyg-post_vmPFC,neg_persist_crossrun_mean_z_bilateral,148,8,0.05489481605557606,0.030267449023931473,1.8136584953747683,0.06973031869068747,9.430238072480022e-13,117.91518299126491,True,False,powell,sensitivity
l_amyg-post_vmPFC_neu,neu,l_amyg-post_vmPFC,pos_persist_crossrun_mean_z_L,148,8,0.09794810856095408,0.042644946928510626,2.2968280093102913,0.021628583067733853,0.00030561358644316935,70.12472718177239,True,False,powell,sensitivity
l_amyg-post_vmPFC_neu,neu,l_amyg-post_vmPFC,pos_persist_crossrun_mean_z_R,148,8,0.03810680390088564,0.040346933904259745,0.9444783088427545,0.344925281202618,7.69112294994495e-11,79.48609176782733,True,False,powell,sensitivity
l_amyg-post_vmPFC_neu,neu,l_amyg-post_vmPFC,pos_persist_crossrun_mean_z_bilateral,148,8,0.062329426678408205,0.030857543185768284,2.019908918320982,0.04339283604773447,9.637105077853981e-13,115.51564395171812,True,False,powell,sensitivity
l_amyg-post_vmPFC_neu,neu,l_amyg-post_vmPFC,neg_persist_concat_z_L,146,8,0.14740013987096792,0.10420939300102659,1.41446116924907,0.157226540885413,1.0286161156317506e-11,-49.16897008596578,True,False,powell,sensitivity
l_amyg-post_vmPFC_neu,neu,l_amyg-post_vmPFC,neg_persist_concat_z_R,146,8,0.08455829091304096,0.04232639573592253,1.9977673374460303,0.04574188998224327,8.758389563021665e-12,-38.818299932493346,True,True,powell,sensitivity
l_amyg-post_vmPFC_neu,neu,l_amyg-post_vmPFC,neg_persist_concat_z_bilateral,146,8,0.08739677139604354,0.09403321452076456,0.9294244788020561,0.3526691467183318,7.547004522390072e-12,-26.540870976464646,True,False,powell,sensitivity
l_amyg-post_vmPFC_pos,pos,l_amyg-post_vmPFC,neg_persist_crossrun_mean_z_L,148,8,0.048650612724399245,0.0383561105916041,1.26839275343649,0.2046577281753763,4.495956174034197e-10,74.30791388731313,True,False,lbfgs,sensitivity
l_amyg-post_vmPFC_pos,pos,l_amyg-post_vmPFC,neg_persist_crossrun_mean_z_R,148,8,0.059369023776977246,0.05235346814180713,1.1340036464474033,0.2567930184447955,4.5733038621851985e-12,90.95784632323273,True,False,powell,sensitivity
l_amyg-post_vmPFC_pos,pos,l_amyg-post_vmPFC,neg_persist_crossrun_mean_z_bilateral,148,8,0.04346460887056345,0.028276862835577923,1.5371085938103544,0.12426671884309637,2.6158705208495738e-12,117.39400826529959,True,False,powell,sensitivity
l_amyg-post_vmPFC_pos,pos,l_amyg-post_vmPFC,pos_persist_crossrun_mean_z_L,148,8,0.05944302439654729,0.0405004253674694,1.4677135821959266,0.14218203979431143,2.1599531036145823e-05,68.53046240531603,True,False,powell,sensitivity
l_amyg-post_vmPFC_pos,pos,l_amyg-post_vmPFC,pos_persist_crossrun_mean_z_R,148,8,0.04984257154896264,0.03688992340244001,1.351116157255721,0.17665822652362007,2.9110603502192455e-11,79.86431612659305,True,False,powell,sensitivity
l_amyg-post_vmPFC_pos,pos,l_amyg-post_vmPFC,pos_persist_crossrun_mean_z_bilateral,148,8,0.044681161421601674,0.029023527793388067,1.5394807185286628,0.12368698153652913,2.5414562223182772e-09,114.61888891461643,True,False,powell,sensitivity
l_amyg-post_vmPFC_pos,pos,l_amyg-post_vmPFC,neg_persist_concat_z_L,146,8,0.1269813173067112,0.09404166256144085,1.350266614265243,0.17693047729876654,1.2877811931224335e-11,-49.35864773183022,True,False,powell,sensitivity
l_amyg-post_vmPFC_pos,pos,l_amyg-post_vmPFC,neg_persist_concat_z_R,146,8,0.07907888518390295,0.07857321274344797,1.0064356849210947,0.31420603506079825,8.745616538348664e-12,-38.89286949029224,True,False,powell,sensitivity
l_amyg-post_vmPFC_pos,pos,l_amyg-post_vmPFC,neg_persist_concat_z_bilateral,146,8,0.09282325573453121,0.08289455146710396,1.119775112980343,0.2628096071253565,7.302278618982047e-12,-26.45178741658964,True,False,powell,sensitivity
l_amyg-post_vmPFC_neg_vs_neu,neg_vs_neu,l_amyg-post_vmPFC,neg_persist_crossrun_mean_z_L,148,8,0.01585225914100743,0.03579132102722041,0.44290790856675266,0.6578323468210199,1.8746374798059157e-12,73.5283610394959,True,False,powell,sensitivity
l_amyg-post_vmPFC_neg_vs_neu,neg_vs_neu,l_amyg-post_vmPFC,neg_persist_crossrun_mean_z_R,148,8,-0.03214726434661644,0.030972631522225545,-1.03792486355407,0.2993050370073016,4.890068164106336e-11,89.8870944437376,True,False,powell,sensitivity
l_amyg-post_vmPFC_neg_vs_neu,neg_vs_neu,l_amyg-post_vmPFC,neg_persist_crossrun_mean_z_bilateral,148,8,-0.005203516216904975,0.02632806265916791,-0.1976414400203889,0.8433256098349426,1.0333044839955108e-12,116.1564584839752,True,False,powell,sensitivity
l_amyg-post_vmPFC_neg_vs_neu,neg_vs_neu,l_amyg-post_vmPFC,pos_persist_crossrun_mean_z_L,148,8,0.010317184073384859,0.037514993075012486,0.2750149534282281,0.7833047499434327,0.00047475700388608446,67.42031662362518,True,False,powell,sensitivity
l_amyg-post_vmPFC_neg_vs_neu,neg_vs_neu,l_amyg-post_vmPFC,pos_persist_crossrun_mean_z_R,148,8,-0.03748175878059691,0.034303827853600845,-1.0926407088024865,0.274551581645051,1.0411450214865254e-08,79.47674742078789,True,False,lbfgs,sensitivity
l_amyg-post_vmPFC_neg_vs_neu,neg_vs_neu,l_amyg-post_vmPFC,pos_persist_crossrun_mean_z_bilateral,148,8,-0.008435755839410575,0.026898694136609964,-0.3136120956864314,0.7538156716782747,0.00013202623001502698,113.39549174530467,True,False,powell,sensitivity
l_amyg-post_vmPFC_neg_vs_neu,neg_vs_neu,l_amyg-post_vmPFC,neg_persist_concat_z_L,146,8,-0.050943293957560795,0.09050622091086244,-0.5628706341383286,0.5735229779987605,1.511494673968908e-11,-50.17595894683848,True,False,powell,sensitivity
l_amyg-post_vmPFC_neg_vs_neu,neg_vs_neu,l_amyg-post_vmPFC,neg_persist_concat_z_R,146,8,0.0031359282066723716,0.0828756637233978,0.03783895133725515,0.9698160879211724,8.803072317917471e-12,-39.372999747993504,True,False,powell,sensitivity
l_amyg-post_vmPFC_neg_vs_neu,neg_vs_neu,l_amyg-post_vmPFC,neg_persist_concat_z_bilateral,146,8,-0.005770136580941638,0.08275357262441929,-0.06972673683986617,0.944411160647294,7.373910053296576e-12,-27.199584411859462,True,False,powell,sensitivity
l_amyg-post_vmPFC_neg_vs_pos,neg_vs_pos,l_amyg-post_vmPFC,neg_persist_crossrun_mean_z_L,148,8,-0.004678885948176616,0.03282971410101148,-0.14251985057745173,0.8866694009202383,1.8959681668628024e-12,73.3509921778053,True,False,powell,sensitivity
l_amyg-post_vmPFC_neg_vs_pos,neg_vs_pos,l_amyg-post_vmPFC,neg_persist_crossrun_mean_z_R,148,8,-0.011383352983689124,0.02862405794002324,-0.39768480791720623,0.6908625373130666,2.0842273814588326e-12,89.36287532104657,True,False,powell,sensitivity
l_amyg-post_vmPFC_neg_vs_pos,neg_vs_pos,l_amyg-post_vmPFC,neg_persist_crossrun_mean_z_bilateral,148,8,-0.0016089524953824628,0.024269018385593873,-0.06629656254813913,0.9471417198951817,5.282760425830111e-12,116.0502713593489,True,False,powell,sensitivity
l_amyg-post_vmPFC_neg_vs_pos,neg_vs_pos,l_amyg-post_vmPFC,pos_persist_crossrun_mean_z_L,148,8,0.027237906710180042,0.03395870782791936,0.8020890208250571,0.4225014654827235,0.0005013489961922413,67.6140067295305,True,False,lbfgs,sensitivity
l_amyg-post_vmPFC_neg_vs_pos,neg_vs_pos,l_amyg-post_vmPFC,pos_persist_crossrun_mean_z_R,148,8,-0.043570112547893274,0.031178535788787244,-1.3974393423427671,0.16228149529538438,1.5147254645572767e-10,79.75838551423237,True,False,powell,sensitivity
l_amyg-post_vmPFC_neg_vs_pos,neg_vs_pos,l_amyg-post_vmPFC,pos_persist_crossrun_mean_z_bilateral,148,8,-0.00043719905514639655,0.02453599516670494,-0.017818680358222053,0.9857835023546642,9.316440994713076e-05,113.25743566491377,True,False,powell,sensitivity
l_amyg-post_vmPFC_neg_vs_pos,neg_vs_pos,l_amyg-post_vmPFC,neg_persist_concat_z_L,146,8,-0.046939783500947234,0.08150164591690352,-0.5759366326025556,0.5646580137174351,1.6805467323313538e-11,-50.27203665713364,True,False,powell,sensitivity
l_amyg-post_vmPFC_neg_vs_pos,neg_vs_pos,l_amyg-post_vmPFC,neg_persist_concat_z_R,146,8,-0.005081395277824202,0.08271499766986132,-0.06143257475633949,0.9510147104383515,8.799288457633902e-12,-39.47484010294579,True,False,powell,sensitivity
l_amyg-post_vmPFC_neg_vs_pos,neg_vs_pos,l_amyg-post_vmPFC,neg_persist_concat_z_bilateral,146,8,-0.020518307172827346,0.07094607391582582,-0.2892099032452642,0.7724207538343644,7.370003220149118e-12,-27.259397954419,True,False,powell,sensitivity
r_amyg-ant_vmPFC_neg,neg,r_amyg-ant_vmPFC,neg_persist_crossrun_mean_z_L,148,8,0.008700591562528854,0.038248177983860085,0.2274772818250406,0.8200526326997948,2.5510843518853907e-09,73.50955658474248,True,False,lbfgs,secondary
r_amyg-ant_vmPFC_neg,neg,r_amyg-ant_vmPFC,neg_persist_crossrun_mean_z_R,148,8,-0.01015502626986686,0.0326171253641814,-0.31134032065923983,0.7555419179037774,2.4008942900884936e-12,89.47431751100862,True,False,powell,secondary
r_amyg-ant_vmPFC_neg,neg,r_amyg-ant_vmPFC,neg_persist_crossrun_mean_z_bilateral,148,8,-0.004176093903910097,0.028449957272502754,-0.14678735239951818,0.8832998678671284,2.1260640388247704e-12,116.20147040011602,True,False,powell,sensitivity
r_amyg-ant_vmPFC_neg,neg,r_amyg-ant_vmPFC,pos_persist_crossrun_mean_z_L,148,8,-0.04035343139547133,0.03915277696808897,-1.0306658817166645,0.302697529561089,0.000513999694440314,67.96637723238484,True,False,powell,sensitivity
r_amyg-ant_vmPFC_neg,neg,r_amyg-ant_vmPFC,pos_persist_crossrun_mean_z_R,148,8,-0.025992674518441942,0.03621885840810707,-0.7176558196716619,0.4729695306811321,1.239529688982593e-10,79.18921135219841,True,False,powell,sensitivity
r_amyg-ant_vmPFC_neg,neg,r_amyg-ant_vmPFC,pos_persist_crossrun_mean_z_bilateral,148,8,-0.032427532693798444,0.028172441709001024,-1.1510373516342365,0.24971686944858495,5.775084726279139e-05,114.05940945505114,True,False,powell,sensitivity
r_amyg-ant_vmPFC_neg,neg,r_amyg-ant_vmPFC,neg_persist_concat_z_L,146,8,-0.024314952332267884,0.09408880171806733,-0.2584255712505139,0.7960784836687138,0.00032882677608973577,-50.309019934294554,True,False,lbfgs,sensitivity
r_amyg-ant_vmPFC_neg,neg,r_amyg-ant_vmPFC,neg_persist_concat_z_R,146,8,0.008347185080871074,0.10839306681904509,0.07700847780980434,0.9386168006808637,1.6696455451165014e-09,-39.3283640463934,True,False,powell,sensitivity
r_amyg-ant_vmPFC_neg,neg,r_amyg-ant_vmPFC,neg_persist_concat_z_bilateral,146,8,-0.00044820095031270635,0.08316368946474584,-0.0053893827125443316,0.9956999155577249,7.374667182770518e-12,-27.162043888061532,True,False,powell,sensitivity
r_amyg-ant_vmPFC_neu,neu,r_amyg-ant_vmPFC,neg_persist_crossrun_mean_z_L,148,8,-0.027624504420840707,0.0361699049374227,-0.7637427985678611,0.44502053059039914,1.799060057444531e-12,73.73122337976048,True,False,powell,sensitivity
r_amyg-ant_vmPFC_neu,neu,r_amyg-ant_vmPFC,neg_persist_crossrun_mean_z_R,148,8,-0.015142300449777846,0.031045162710055682,-0.4877507195307171,0.6257264214379621,8.283586010190488e-10,89.49083846255962,True,False,powell,sensitivity
r_amyg-ant_vmPFC_neu,neu,r_amyg-ant_vmPFC,neg_persist_crossrun_mean_z_bilateral,148,8,-0.03538999603337489,0.0266669113098813,-1.3271126761598857,0.184471412719998,1.2600451140294506e-11,117.04607288797718,True,False,powell,sensitivity
r_amyg-ant_vmPFC_neu,neu,r_amyg-ant_vmPFC,pos_persist_crossrun_mean_z_L,148,8,0.05589563559692744,0.03710633833003999,1.5063635516867018,0.13197387196453358,0.0006982640660246972,68.51286891638443,True,False,powell,sensitivity
r_amyg-ant_vmPFC_neu,neu,r_amyg-ant_vmPFC,pos_persist_crossrun_mean_z_R,148,8,-0.04190009320027061,0.034294511081987264,-1.2217725775445762,0.2217936414036168,1.8509228892449735e-12,79.62565155019303,True,False,powell,sensitivity
r_amyg-ant_vmPFC_neu,neu,r_amyg-ant_vmPFC,pos_persist_crossrun_mean_z_bilateral,148,8,0.012681886042271736,0.026885758091369914,0.4716953116654913,0.6371442840412196,0.00010640501061413408,113.46106966990442,True,False,lbfgs,sensitivity
r_amyg-ant_vmPFC_neu,neu,r_amyg-ant_vmPFC,neg_persist_concat_z_L,146,8,-0.05065187970826172,0.08788205592369598,-0.5763620249421617,0.5643705069172165,1.7793504346925405e-11,-50.18082247202028,True,False,powell,sensitivity
r_amyg-ant_vmPFC_neu,neu,r_amyg-ant_vmPFC,neg_persist_concat_z_R,146,8,-0.00590629182748683,0.08265972410747187,-0.07145307937161312,0.943037166295126,8.79676591720574e-12,-39.3755075975854,True,False,powell,sensitivity
r_amyg-ant_vmPFC_neu,neu,r_amyg-ant_vmPFC,neg_persist_concat_z_bilateral,146,8,-0.029110604615215228,0.07697383618457247,-0.37818830473009135,0.7052907128992403,7.369178565602475e-12,-27.129913465189247,True,False,powell,sensitivity
r_amyg-ant_vmPFC_pos,pos,r_amyg-ant_vmPFC,neg_persist_crossrun_mean_z_L,148,8,0.00793027509698104,0.03780592543379965,0.20976275559944715,0.8338528430466772,1.746207618223689e-12,73.50341140076429,True,False,powell,sensitivity
r_amyg-ant_vmPFC_pos,pos,r_amyg-ant_vmPFC,neg_persist_crossrun_mean_z_R,148,8,0.022743813036520604,0.03286745244666318,0.6919858809692943,0.4889461957119692,1.3888471233612446e-12,89.65747300499822,True,False,powell,sensitivity
r_amyg-ant_vmPFC_pos,pos,r_amyg-ant_vmPFC,neg_persist_crossrun_mean_z_bilateral,148,8,0.02261554930745459,0.02792257559008626,0.809937795118159,0.4179759281404465,6.598752330402174e-11,116.52287652462397,True,False,lbfgs,sensitivity
r_amyg-ant_vmPFC_pos,pos,r_amyg-ant_vmPFC,pos_persist_crossrun_mean_z_L,148,8,0.05555642401128648,0.038991848408178265,1.4248215019125359,0.15420880520850977,0.0003894484279900657,68.44315841868746,True,False,powell,sensitivity
r_amyg-ant_vmPFC_pos,pos,r_amyg-ant_vmPFC,pos_persist_crossrun_mean_z_R,148,8,0.010818246921514507,0.03676485041569496,0.294255159457855,0.7685629341315812,1.6379248848729323e-12,78.97394210659581,True,False,powell,sensitivity
r_amyg-ant_vmPFC_pos,pos,r_amyg-ant_vmPFC,pos_persist_crossrun_mean_z_bilateral,148,8,0.03548293904564999,0.0280916771660931,1.2631121607960882,0.20654887426046464,6.363258158901896e-05,114.1915768000307,True,False,lbfgs,sensitivity
r_amyg-ant_vmPFC_pos,pos,r_amyg-ant_vmPFC,neg_persist_concat_z_L,146,8,0.02414004674889436,0.09185453285744222,0.2628073541711828,0.792699066928799,1.5037084940816375e-11,-50.27080290904547,True,False,powell,sensitivity
r_amyg-ant_vmPFC_pos,pos,r_amyg-ant_vmPFC,neg_persist_concat_z_R,146,8,0.011505203243479782,0.08837679011969732,0.13018353832377438,0.8964212182539351,8.827407507696094e-12,-39.32669167144559,True,False,powell,sensitivity
r_amyg-ant_vmPFC_pos,pos,r_amyg-ant_vmPFC,neg_persist_concat_z_bilateral,146,8,0.012673236314878501,0.0831758189872695,0.15236683532768347,0.8788976132060233,0.001327248477102458,-27.41951651689527,True,False,lbfgs,sensitivity
r_amyg-ant_vmPFC_neg_vs_neu,neg_vs_neu,r_amyg-ant_vmPFC,neg_persist_crossrun_mean_z_L,148,8,0.04373855994495398,0.0395536982052668,1.1058020344385886,0.2688122142647429,1.7554587004399435e-12,74.14595080979888,True,False,powell,sensitivity
r_amyg-ant_vmPFC_neg_vs_neu,neg_vs_neu,r_amyg-ant_vmPFC,neg_persist_crossrun_mean_z_R,148,8,0.0073430478075234215,0.03300111459498612,0.2225090848488813,0.8239176018397394,1.3900010058799309e-12,89.50419942500952,True,False,powell,sensitivity
r_amyg-ant_vmPFC_neg_vs_neu,neg_vs_neu,r_amyg-ant_vmPFC,neg_persist_crossrun_mean_z_bilateral,148,8,0.0389578769146186,0.029101538107616086,1.3386878992634081,0.18067229724884437,1.9805898440096623e-12,117.13533225752047,True,False,powell,sensitivity
r_amyg-ant_vmPFC_neg_vs_neu,neg_vs_neu,r_amyg-ant_vmPFC,pos_persist_crossrun_mean_z_L,148,8,-0.11354874891247427,0.04032240175558793,-2.8160214661999525,0.004862241778309961,0.0005808063480811754,71.34728116042987,True,False,powell,sensitivity
r_amyg-ant_vmPFC_neg_vs_neu,neg_vs_neu,r_amyg-ant_vmPFC,pos_persist_crossrun_mean_z_R,148,8,0.02266719448474729,0.03844272070603079,0.5896355426579192,0.5554350175972242,1.61425954244447e-12,79.16120692709569,True,False,powell,sensitivity
r_amyg-ant_vmPFC_neg_vs_neu,neg_vs_neu,r_amyg-ant_vmPFC,pos_persist_crossrun_mean_z_bilateral,148,8,-0.051809653154907036,0.029579459522966516,-1.7515415761630204,0.07985266620421383,5.5152403867508e-06,114.9722599941401,True,False,powell,sensitivity
r_amyg-ant_vmPFC_neg_vs_neu,neg_vs_neu,r_amyg-ant_vmPFC,neg_persist_concat_z_L,146,8,0.03504336754918175,0.0980479264928483,0.3574105929893157,0.7207844477141911,1.1084011953030513e-11,-50.181919552867726,True,False,powell,sensitivity
r_amyg-ant_vmPFC_neg_vs_neu,neg_vs_neu,r_amyg-ant_vmPFC,neg_persist_concat_z_R,146,8,0.016552249266003138,0.09295474966546965,0.1780678160671964,0.858669717115562,8.795315685765178e-12,-39.26049633756588,True,False,powell,sensitivity
r_amyg-ant_vmPFC_neg_vs_neu,neg_vs_neu,r_amyg-ant_vmPFC,neg_persist_concat_z_bilateral,146,8,0.035096852070901505,0.08206459107466728,0.4276735143780621,0.6688888353724836,7.36529801158883e-12,-27.014767258561392,True,False,powell,sensitivity
r_amyg-ant_vmPFC_neg_vs_pos,neg_vs_pos,r_amyg-ant_vmPFC,neg_persist_crossrun_mean_z_L,148,8,0.0006316964547376463,0.03474737694452589,0.018179687512704865,0.9854955069761262,1.97893253282566e-12,73.4015643161452,True,False,powell,sensitivity
r_amyg-ant_vmPFC_neg_vs_pos,neg_vs_pos,r_amyg-ant_vmPFC,neg_persist_crossrun_mean_z_R,148,8,-0.02802089465549633,0.028169427597995674,-0.9947271579451649,0.3198689821352594,1.3819966233144422e-12,89.75821377695743,True,False,powell,sensitivity
r_amyg-ant_vmPFC_neg_vs_pos,neg_vs_pos,r_amyg-ant_vmPFC,neg_persist_crossrun_mean_z_bilateral,148,8,-0.022831026708599652,0.025563626145562453,-0.8931059536936176,0.371800434961191,1.0853468877745943e-12,116.50866257301286,True,False,powell,sensitivity
r_amyg-ant_vmPFC_neg_vs_pos,neg_vs_pos,r_amyg-ant_vmPFC,pos_persist_crossrun_mean_z_L,148,8,-0.08190619158859974,0.035645072849997426,-2.297826460708318,0.021571668115394793,0.00018928083167271185,69.94776404963173,True,False,powell,sensitivity
r_amyg-ant_vmPFC_neg_vs_pos,neg_vs_pos,r_amyg-ant_vmPFC,pos_persist_crossrun_mean_z_R,148,8,-0.03131073058878493,0.03342111836172513,-0.9368546632671313,0.3488333225988005,1.6959127051528509e-12,79.29125012052037,True,False,powell,sensitivity
r_amyg-ant_vmPFC_neg_vs_pos,neg_vs_pos,r_amyg-ant_vmPFC,pos_persist_crossrun_mean_z_bilateral,148,8,-0.0578738453774172,0.025658773758108013,-2.2555187524941416,0.024100786568004073,5.456522599492628e-10,115.8219220351414,True,False,lbfgs,sensitivity
r_amyg-ant_vmPFC_neg_vs_pos,neg_vs_pos,r_amyg-ant_vmPFC,neg_persist_concat_z_L,146,8,-0.041452932647929014,0.0854412438397424,-0.48516302882575163,0.627560705314711,1.6628380530886585e-11,-50.26052327352693,True,False,powell,sensitivity
r_amyg-ant_vmPFC_neg_vs_pos,neg_vs_pos,r_amyg-ant_vmPFC,neg_persist_concat_z_R,146,8,-0.002762639064327772,0.08494602175814063,-0.03252228894477946,0.9740555414221115,1.269088724387486e-11,-39.409412968762354,True,False,powell,sensitivity
r_amyg-ant_vmPFC_neg_vs_pos,neg_vs_pos,r_amyg-ant_vmPFC,neg_persist_concat_z_bilateral,146,8,-0.011872699983707376,0.0720688073522233,-0.1647411747176791,0.8691477069934996,7.373616175359868e-12,-27.22521368689678,True,False,powell,sensitivity
r_amyg-post_vmPFC_neg,neg,r_amyg-post_vmPFC,neg_persist_crossrun_mean_z_L,148,8,-0.0035238296227989765,0.03591307577861415,-0.09812107558042632,0.9218361523850505,1.855365253967398e-12,73.43816950820158,True,False,powell,secondary
r_amyg-post_vmPFC_neg,neg,r_amyg-post_vmPFC,neg_persist_crossrun_mean_z_R,148,8,-0.005039893446438624,0.029285880904514332,-0.17209294345186452,0.863364460311348,1.6011141345406513e-12,89.39151325887514,True,False,powell,secondary
r_amyg-post_vmPFC_neg,neg,r_amyg-post_vmPFC,neg_persist_crossrun_mean_z_bilateral,148,8,-0.0016225347946376015,0.02639310790326336,-0.061475700420903605,0.9509803660503908,1.022914065609351e-12,116.14253443710689,True,False,powell,sensitivity
r_amyg-post_vmPFC_neg,neg,r_amyg-post_vmPFC,pos_persist_crossrun_mean_z_L,148,8,0.010492091605837847,0.03740672645985454,0.28048676264409605,0.7791040799253146,0.0005953230337955092,67.42689932388643,True,False,powell,sensitivity
r_amyg-post_vmPFC_neg,neg,r_amyg-post_vmPFC,pos_persist_crossrun_mean_z_R,148,8,-0.04341120667180007,0.03632540550675125,-1.1950646129396103,0.23206178652669163,1.5961866568868164e-12,79.68020146203696,True,False,powell,sensitivity
r_amyg-post_vmPFC_neg,neg,r_amyg-post_vmPFC,pos_persist_crossrun_mean_z_bilateral,148,8,-0.01647480029913964,0.026901346863836478,-0.6124154445696821,0.5402629259223013,0.00012686761107931588,113.53785288413837,True,False,powell,sensitivity
r_amyg-post_vmPFC_neg,neg,r_amyg-post_vmPFC,neg_persist_concat_z_L,146,8,0.045554889439936866,0.08788151424199349,0.5183671427701552,0.604202134925174,2.3356364142448345e-11,-50.217534318730316,True,False,powell,sensitivity
r_amyg-post_vmPFC_neg,neg,r_amyg-post_vmPFC,neg_persist_concat_z_R,146,8,0.0016535355594591015,0.08122237331391259,0.0203581290720037,0.9837576850815246,8.833215497244594e-12,-39.384494667272406,True,False,powell,sensitivity
r_amyg-post_vmPFC_neg,neg,r_amyg-post_vmPFC,neg_persist_concat_z_bilateral,146,8,0.03558824455864983,0.07405596562398023,0.48055878090023746,0.6308301167605119,1.208119443187379e-10,-27.09677467064529,True,False,powell,sensitivity
r_amyg-post_vmPFC_neu,neu,r_amyg-post_vmPFC,neg_persist_crossrun_mean_z_L,148,8,0.007204342471712421,0.03805990240612565,0.1892895676619733,0.8498658713220852,1.8852746990886578e-12,73.50674610065471,True,False,powell,sensitivity
r_amyg-post_vmPFC_neu,neu,r_amyg-post_vmPFC,neg_persist_crossrun_mean_z_R,148,8,0.0229884614776442,0.03328509212737946,0.6906533828919308,0.4897833914544605,3.1734138358359914e-12,89.66645769256792,True,False,powell,sensitivity
r_amyg-post_vmPFC_neu,neu,r_amyg-post_vmPFC,neg_persist_crossrun_mean_z_bilateral,148,8,0.012354559695530587,0.02830463775016865,0.4364853493119506,0.66248462659886,9.499170848256697e-13,116.29409473119176,True,False,powell,sensitivity
r_amyg-post_vmPFC_neu,neu,r_amyg-post_vmPFC,pos_persist_crossrun_mean_z_L,148,8,0.057648203378849044,0.039393317256299985,1.4634005814686664,0.14335779967233053,0.00026834942754800153,68.50584661930063,True,False,powell,sensitivity
r_amyg-post_vmPFC_neu,neu,r_amyg-post_vmPFC,pos_persist_crossrun_mean_z_R,148,8,0.00038999820661078806,0.03705655307084381,0.01052440592262316,0.9916028940179458,1.28070671911245e-10,78.9366539832941,True,False,powell,sensitivity
r_amyg-post_vmPFC_neu,neu,r_amyg-post_vmPFC,pos_persist_crossrun_mean_z_bilateral,148,8,0.028664509945916797,0.02856048685049457,1.003642203158747,0.3155511046789399,1.4500586732154168e-09,113.91167327312235,True,False,lbfgs,sensitivity
r_amyg-post_vmPFC_neu,neu,r_amyg-post_vmPFC,neg_persist_concat_z_L,146,8,0.038716337964649045,0.09290984086148141,0.4167086888284627,0.6768914981993892,1.2493248812321967e-11,-50.20944546874739,True,False,powell,sensitivity
r_amyg-post_vmPFC_neu,neu,r_amyg-post_vmPFC,neg_persist_concat_z_R,146,8,-0.0343868583995057,0.08512222390983062,-0.40397039480466884,0.6862344896904145,8.787691613257679e-12,-39.24641541462387,True,False,powell,sensitivity
r_amyg-post_vmPFC_neu,neu,r_amyg-post_vmPFC,neg_persist_concat_z_bilateral,146,8,0.00463319125952008,0.08343759715150828,0.05552881935354639,0.9557171708400631,7.374401653607222e-12,-27.15506271843867,True,False,powell,sensitivity
r_amyg-post_vmPFC_pos,pos,r_amyg-post_vmPFC,neg_persist_crossrun_mean_z_L,148,8,0.03060553049985636,0.03375832750842561,0.9066068362604055,0.3646147453428883,3.0676733808750394e-10,73.78450159861268,True,False,lbfgs,sensitivity
r_amyg-post_vmPFC_pos,pos,r_amyg-post_vmPFC,neg_persist_crossrun_mean_z_R,148,8,0.016875741570304772,0.029623879133533756,0.5696668385067,0.568903685870763,1.4082876742319893e-11,89.46857191616323,True,False,powell,sensitivity
r_amyg-post_vmPFC_pos,pos,r_amyg-post_vmPFC,neg_persist_crossrun_mean_z_bilateral,148,8,0.03310717649794748,0.024746312254068006,1.337863038259571,0.18094108793184116,9.919884885210382e-13,116.9828625993409,True,False,powell,sensitivity
r_amyg-post_vmPFC_pos,pos,r_amyg-post_vmPFC,pos_persist_crossrun_mean_z_L,148,8,0.02306013626149965,0.03480151977721632,0.6626186559989412,0.5075748187590725,0.0006004714463969233,67.53648046818097,True,False,powell,sensitivity
r_amyg-post_vmPFC_pos,pos,r_amyg-post_vmPFC,pos_persist_crossrun_mean_z_R,148,8,0.014761939519499685,0.032899893935267446,0.4486926173240772,0.6536534110751444,1.6420831694887482e-12,78.9157480615981,True,False,powell,sensitivity
r_amyg-post_vmPFC_pos,pos,r_amyg-post_vmPFC,pos_persist_crossrun_mean_z_bilateral,148,8,0.014703546064935022,0.025107719366499862,0.5856185442534986,0.5581318836947342,0.00015904822487420553,113.45074529385596,True,False,lbfgs,sensitivity
r_amyg-post_vmPFC_pos,pos,r_amyg-post_vmPFC,neg_persist_concat_z_L,146,8,0.046924732389968124,0.08428043477265952,0.5567689881589274,0.5776852748069039,1.2274506480910518e-11,-50.25848280677212,True,False,powell,sensitivity
r_amyg-post_vmPFC_pos,pos,r_amyg-post_vmPFC,neg_persist_concat_z_R,146,8,-0.0073828384911528355,0.07920927910461942,-0.09320673757681346,0.9257393218808492,8.812240796855865e-12,-39.4515872776289,True,True,powell,sensitivity
r_amyg-post_vmPFC_pos,pos,r_amyg-post_vmPFC,neg_persist_concat_z_bilateral,146,8,0.02241968187664399,0.08195093841443293,0.2735744374672775,0.7844116807352077,7.369633063471041e-12,-27.231819279724505,True,False,powell,sensitivity
r_amyg-post_vmPFC_neg_vs_neu,neg_vs_neu,r_amyg-post_vmPFC,neg_persist_crossrun_mean_z_L,148,8,-0.011446423028200411,0.0390689942686396,-0.2929797206832215,0.7695376524452708,1.7791275290317822e-12,73.54671309008722,True,False,powell,sensitivity
r_amyg-post_vmPFC_neg_vs_neu,neg_vs_neu,r_amyg-post_vmPFC,neg_persist_crossrun_mean_z_R,148,8,-0.029404241825019276,0.033354060415794765,-0.8815790778832715,0.3780044733671548,2.329599969012302e-12,89.81784417296458,True,False,powell,sensitivity
r_amyg-post_vmPFC_neg_vs_neu,neg_vs_neu,r_amyg-post_vmPFC,neg_persist_crossrun_mean_z_bilateral,148,8,-0.014556191911303595,0.028702759329489822,-0.5071356291639966,0.6120596571902386,9.49785931355568e-13,116.34213913830735,True,False,powell,sensitivity
r_amyg-post_vmPFC_neg_vs_neu,neg_vs_neu,r_amyg-post_vmPFC,pos_persist_crossrun_mean_z_L,148,8,-0.04764420321888926,0.04030395416827725,-1.182122305418594,0.23715717505355194,0.00018387756984045313,68.15297027146562,True,False,powell,sensitivity
r_amyg-post_vmPFC_neg_vs_neu,neg_vs_neu,r_amyg-post_vmPFC,pos_persist_crossrun_mean_z_R,148,8,-0.05022102409521011,0.037803031225258917,-1.32849198774446,0.1840156287289676,1.6214813958079303e-12,79.88269745050079,True,False,powell,sensitivity
r_amyg-post_vmPFC_neg_vs_neu,neg_vs_neu,r_amyg-post_vmPFC,pos_persist_crossrun_mean_z_bilateral,148,8,-0.04827363559232749,0.028669901307209894,-1.6837740414609539,0.09222534577156782,9.929473988928277e-13,114.83066470910472,True,False,powell,sensitivity
r_amyg-post_vmPFC_neg_vs_neu,neg_vs_neu,r_amyg-post_vmPFC,neg_persist_concat_z_L,146,8,0.012640475735348954,0.09759349227067257,0.1295217072496082,0.8969448497190269,1.4654622886599414e-11,-50.27528942492461,True,False,powell,sensitivity
r_amyg-post_vmPFC_neg_vs_neu,neg_vs_neu,r_amyg-post_vmPFC,neg_persist_concat_z_R,146,8,0.03720942490935523,0.08648865021293857,0.43022321215262477,0.6670332783929218,6.028563702735059e-11,-39.22174518629379,True,False,powell,sensitivity
r_amyg-post_vmPFC_neg_vs_neu,neg_vs_neu,r_amyg-post_vmPFC,neg_persist_concat_z_bilateral,146,8,0.03617346404459603,0.08517803595495348,0.424680654338243,0.6710694883296286,7.58618167419758e-12,-27.038726090749833,True,False,powell,sensitivity
r_amyg-post_vmPFC_neg_vs_pos,neg_vs_pos,r_amyg-post_vmPFC,neg_persist_crossrun_mean_z_L,148,8,-0.03326510922011811,0.03313020266850832,-1.0040720110576935,0.3153439051029716,4.674132176764709e-10,73.86150559263027,True,False,lbfgs,sensitivity
r_amyg-post_vmPFC_neg_vs_pos,neg_vs_pos,r_amyg-post_vmPFC,neg_persist_crossrun_mean_z_R,148,8,-0.02099430773122613,0.02760954791668024,-0.760400271477914,0.44701536107099393,1.4921098564609712e-12,89.5540526645905,True,False,powell,sensitivity
r_amyg-post_vmPFC_neg_vs_pos,neg_vs_pos,r_amyg-post_vmPFC,neg_persist_crossrun_mean_z_bilateral,148,8,-0.034109257102536386,0.02443177899717408,-1.3961020647117697,0.1626837621664956,2.5227193214415908e-11,117.0450971127571,True,False,powell,sensitivity
r_amyg-post_vmPFC_neg_vs_pos,neg_vs_pos,r_amyg-post_vmPFC,pos_persist_crossrun_mean_z_L,148,8,-0.013735731310636056,0.034556823419433384,-0.39748246370676615,0.6910117156573206,0.0005306933764377959,67.38780719462531,True,False,powell,sensitivity
r_amyg-post_vmPFC_neg_vs_pos,neg_vs_pos,r_amyg-post_vmPFC,pos_persist_crossrun_mean_z_R,148,8,-0.05176552995425557,0.03426354913484263,-1.5108046673896711,0.13083822520889576,1.6070527398226043e-12,80.13531703220593,True,False,powell,sensitivity
r_amyg-post_vmPFC_neg_vs_pos,neg_vs_pos,r_amyg-post_vmPFC,pos_persist_crossrun_mean_z_bilateral,148,8,-0.0286925535463987,0.024852342986421062,-1.1545210671716493,0.2482866065561491,0.00021928209196318818,113.93531995685333,True,False,powell,sensitivity
r_amyg-post_vmPFC_neg_vs_pos,neg_vs_pos,r_amyg-post_vmPFC,neg_persist_concat_z_L,146,8,-0.007399512166128172,0.08165210010874938,-0.09062243538467521,0.9277926044224356,1.3283588652488707e-11,-50.4259094219816,True,False,powell,sensitivity
r_amyg-post_vmPFC_neg_vs_pos,neg_vs_pos,r_amyg-post_vmPFC,neg_persist_concat_z_R,146,8,0.00874526637226641,0.06538777004662455,0.13374467986950198,0.8936044731003716,8.818899147465896e-12,-39.45356523118812,True,True,powell,sensitivity
r_amyg-post_vmPFC_neg_vs_pos,neg_vs_pos,r_amyg-post_vmPFC,neg_persist_concat_z_bilateral,146,8,0.008344869847743706,0.08110758033744288,0.10288643568240369,0.9180531033223842,7.374560181870137e-12,-27.281815376307065,True,False,powell,sensitivity
l_amyg_safety_vs_threat_neg,neg,l_amyg_safety_vs_threat,neg_persist_crossrun_mean_z_L,148,8,-0.00732792714863376,0.04561023850372174,-0.16066408308818228,0.8723579794105731,3.180406983550538e-12,73.68437313455843,True,False,lbfgs,sensitivity
l_amyg_safety_vs_threat_neg,neg,l_amyg_safety_vs_threat,neg_persist_crossrun_mean_z_R,148,8,-0.021281106928111217,0.04043984510793883,-0.526241059314381,0.5987207292650902,1.860219512627264e-12,89.7550222382024,True,False,powell,sensitivity
l_amyg_safety_vs_threat_neg,neg,l_amyg_safety_vs_threat,neg_persist_crossrun_mean_z_bilateral,148,8,-0.009067460229888564,0.03354364131336515,-0.2703183040022467,0.7869153848012613,1.0326699366681696e-12,116.4153510310179,True,False,powell,sensitivity
l_amyg_safety_vs_threat_neg,neg,l_amyg_safety_vs_threat,pos_persist_crossrun_mean_z_L,148,8,-0.11080689008054961,0.04717286925954315,-2.348953791021164,0.018826243035744428,4.017608908348803e-12,70.37548190961019,True,False,powell,sensitivity
l_amyg_safety_vs_threat_neg,neg,l_amyg_safety_vs_threat,pos_persist_crossrun_mean_z_R,148,8,-0.011768761649201813,0.04629156070291697,-0.25423125663724333,0.799316904390297,6.476588512307255e-11,79.15561408895775,True,False,powell,sensitivity
l_amyg_safety_vs_threat_neg,neg,l_amyg_safety_vs_threat,pos_persist_crossrun_mean_z_bilateral,148,8,-0.06663682868821601,0.03426673588233513,-1.944650605678728,0.051817044194538475,5.697442860009549e-10,115.51402627352036,True,False,lbfgs,sensitivity
l_amyg_safety_vs_threat_neg,neg,l_amyg_safety_vs_threat,neg_persist_concat_z_L,146,8,-0.04204937710921685,0.11513041252647846,-0.365232575706667,0.7149378035233909,1.988310530770182e-11,-50.04201740051383,True,False,powell,sensitivity
l_amyg_safety_vs_threat_neg,neg,l_amyg_safety_vs_threat,neg_persist_concat_z_R,146,8,-0.05150117756699148,0.09786381950199798,-0.5262535003136684,0.5987120863669433,8.781020956765795e-12,-39.017629381131314,True,False,powell,sensitivity
l_amyg_safety_vs_threat_neg,neg,l_amyg_safety_vs_threat,neg_persist_concat_z_bilateral,146,8,-0.05666468184722747,0.10155074093454064,-0.5579937805057807,0.5768486311877035,7.35525539701133e-12,-26.790090325366236,True,False,powell,sensitivity
r_amyg_safety_vs_threat_neg,neg,r_amyg_safety_vs_threat,neg_persist_crossrun_mean_z_L,148,8,0.017429094759632297,0.0465257404655656,0.37461187259409295,0.7079491419607338,2.1439133494886734e-12,73.72294610056156,True,False,powell,sensitivity
r_amyg_safety_vs_threat_neg,neg,r_amyg_safety_vs_threat,neg_persist_crossrun_mean_z_R,148,8,-0.006354795070731572,0.038174626189485056,-0.16646646490233238,0.8677898720560413,6.117606549051512e-12,89.60407939441029,True,False,powell,sensitivity
r_amyg_safety_vs_threat_neg,neg,r_amyg_safety_vs_threat,neg_persist_crossrun_mean_z_bilateral,148,8,-0.0033010891843535816,0.03383204874706885,-0.0975728431060381,0.9222714896452753,2.496624900007905e-12,116.35782756879755,True,False,powell,sensitivity
r_amyg_safety_vs_threat_neg,neg,r_amyg_safety_vs_threat,pos_persist_crossrun_mean_z_L,148,8,-0.07201765152429827,0.04588832069808655,-1.5694113541030335,0.11655212012699412,0.0006609657663552047,68.82167199360094,True,False,powell,sensitivity
r_amyg_safety_vs_threat_neg,neg,r_amyg_safety_vs_threat,pos_persist_crossrun_mean_z_R,148,8,0.030363305493911013,0.0493716737670276,0.6149944528351975,0.5385583838005259,1.6473263866921403e-12,79.34810943471882,True,False,powell,sensitivity
r_amyg_safety_vs_threat_neg,neg,r_amyg_safety_vs_threat,pos_persist_crossrun_mean_z_bilateral,148,8,-0.019781918467085782,0.033322903331381735,-0.5936433050374763,0.5527507103560745,5.590185539265714e-05,113.73886740498921,True,False,powell,sensitivity
r_amyg_safety_vs_threat_neg,neg,r_amyg_safety_vs_threat,neg_persist_concat_z_L,146,8,-0.10403128715352777,0.11779012630496162,-0.883191914441013,0.37713258945541206,0.00010328665789371906,-49.686996875791806,True,False,lbfgs,sensitivity
r_amyg_safety_vs_threat_neg,neg,r_amyg_safety_vs_threat,neg_persist_concat_z_R,146,8,0.009072468844095906,0.12426323845960763,0.07301007889831357,0.9417980971166247,8.807251980384317e-12,-39.16347826014578,True,False,powell,sensitivity
r_amyg_safety_vs_threat_neg,neg,r_amyg_safety_vs_threat,neg_persist_concat_z_bilateral,146,8,-0.0568777631354515,0.10475785229067867,-0.5429451052282834,0.5871675989580649,0.0010208448825667986,-27.009379670305293,True,False,lbfgs,sensitivity
l_amyg_safety_vs_threat_neu,neu,l_amyg_safety_vs_threat,neg_persist_crossrun_mean_z_L,148,8,-0.03250382701916147,0.04084982769940752,-0.7956906760620902,0.42621184757593444,2.6614984081318744e-11,73.87665053641643,True,False,lbfgs,sensitivity
l_amyg_safety_vs_threat_neu,neu,l_amyg_safety_vs_threat,neg_persist_crossrun_mean_z_R,148,8,0.015476649493138364,0.025453464958229893,0.608037040086139,0.5431629078277656,1.3976713596262407e-12,89.58785460708614,True,False,powell,sensitivity
l_amyg_safety_vs_threat_neu,neu,l_amyg_safety_vs_threat,neg_persist_crossrun_mean_z_bilateral,148,8,-0.00938367097161315,0.029694597396581437,-0.31600600089945774,0.7519979532995036,2.3754893420833044e-10,116.30645383438676,True,False,lbfgs,sensitivity
l_amyg_safety_vs_threat_neu,neu,l_amyg_safety_vs_threat,pos_persist_crossrun_mean_z_L,148,8,0.017642207792329098,0.04239248509294432,0.41616356657669534,0.677290317804673,0.0007104411276180485,67.59050001323448,True,False,powell,sensitivity
l_amyg_safety_vs_threat_neu,neu,l_amyg_safety_vs_threat,pos_persist_crossrun_mean_z_R,148,8,-0.052510988885934105,0.04200336016673541,-1.2501616222485035,0.21124051298572288,2.737848824680988e-11,79.92536570695515,True,False,powell,sensitivity
l_amyg_safety_vs_threat_neu,neu,l_amyg_safety_vs_threat,pos_persist_crossrun_mean_z_bilateral,148,8,-0.013052734529544013,0.030869057434253153,-0.42284201768533236,0.6724105291503171,2.363421523760776e-12,113.55612433078784,True,False,powell,sensitivity
l_amyg_safety_vs_threat_neu,neu,l_amyg_safety_vs_threat,neg_persist_concat_z_L,146,8,-0.0973832959415401,0.10291607985114369,-0.946239849811554,0.3440262650563226,1.360797093696282e-11,-49.741115562030586,True,False,powell,sensitivity
l_amyg_safety_vs_threat_neu,neu,l_amyg_safety_vs_threat,neg_persist_concat_z_R,146,8,0.07910052804645272,0.17264039816066856,0.4581808712746217,0.646822501526982,0.0006882302773593877,-38.972298589263346,True,False,lbfgs,sensitivity
l_amyg_safety_vs_threat_neu,neu,l_amyg_safety_vs_threat,neg_persist_concat_z_bilateral,146,8,-0.005503417151839478,0.08351221216946507,-0.0658995494056822,0.9474577993271156,7.373992713259114e-12,-27.086024994187596,True,False,powell,sensitivity
r_amyg_safety_vs_threat_neu,neu,r_amyg_safety_vs_threat,neg_persist_crossrun_mean_z_L,148,8,-0.048485738630796575,0.04255146123282589,-1.1394611894877242,0.254510846924759,1.7518145085841037e-12,74.2571163431844,True,False,powell,sensitivity
r_amyg_safety_vs_threat_neu,neu,r_amyg_safety_vs_threat,neg_persist_crossrun_mean_z_R,148,8,-0.05080169650532925,0.034723578054811244,-1.4630317309218153,0.14345869659558352,1.3888530743900244e-12,90.44983897771073,True,False,powell,sensitivity
r_amyg_safety_vs_threat_neu,neu,r_amyg_safety_vs_threat,neg_persist_crossrun_mean_z_bilateral,148,8,-0.06609154485478176,0.03096405077032853,-2.134460550559307,0.032805099596136644,9.368825001202808e-13,118.5580618862237,True,False,powell,sensitivity
r_amyg_safety_vs_threat_neu,neu,r_amyg_safety_vs_threat,pos_persist_crossrun_mean_z_L,148,8,0.006921358931901371,0.0450334944240603,0.15369357897759445,0.8778513478602765,0.0006153778823258207,67.5741563033857,True,False,powell,sensitivity
r_amyg_safety_vs_threat_neu,neu,r_amyg_safety_vs_threat,pos_persist_crossrun_mean_z_R,148,8,-0.060134888324727,0.04149068149455629,-1.4493588959876902,0.1472373813205179,4.374234904082541e-11,80.13792358910194,True,False,powell,sensitivity
r_amyg_safety_vs_threat_neu,neu,r_amyg_safety_vs_threat,pos_persist_crossrun_mean_z_bilateral,148,8,-0.018411118997131985,0.03240027097506243,-0.5682396610603196,0.5698722441431798,1.0230569997144684e-06,113.68766454202506,True,False,lbfgs,sensitivity
r_amyg_safety_vs_threat_neu,neu,r_amyg_safety_vs_threat,neg_persist_concat_z_L,146,8,-0.12068926431813329,0.10398414310116694,-1.1606506599829727,0.24578399455718847,1.3527528567525476e-11,-49.500929047714635,True,False,powell,sensitivity
r_amyg_safety_vs_threat_neu,neu,r_amyg_safety_vs_threat,neg_persist_concat_z_R,146,8,0.03549622649744314,0.09811511870385292,0.3617814152025199,0.7175153812732362,8.807076433371245e-12,-39.138609392596095,True,False,powell,sensitivity
r_amyg_safety_vs_threat_neu,neu,r_amyg_safety_vs_threat,neg_persist_concat_z_bilateral,146,8,-0.04691329160454607,0.08825024791900954,-0.5315938788931234,0.5950073051647795,7.36415696792837e-12,-26.893461079466306,True,False,powell,sensitivity
l_amyg_safety_vs_threat_pos,pos,l_amyg_safety_vs_threat,neg_persist_crossrun_mean_z_L,148,8,0.0036245377103490003,0.03995987979606891,0.09070441975417473,0.9277274586552113,3.379956109665089e-12,73.49841988269242,True,False,powell,sensitivity
l_amyg_safety_vs_threat_pos,pos,l_amyg_safety_vs_threat,neg_persist_crossrun_mean_z_R,148,8,-0.04841786199057724,0.02705179146880118,-1.789820908771145,0.07348270675757651,6.636403594372288e-05,90.43969384449917,True,False,lbfgs,sensitivity
l_amyg_safety_vs_threat_pos,pos,l_amyg_safety_vs_threat,neg_persist_crossrun_mean_z_bilateral,148,8,-0.014898452779469839,0.028578258615737925,-0.5213212246342164,0.6021430178409795,1.33556811925271e-11,116.34248574622703,True,False,powell,sensitivity
l_amyg_safety_vs_threat_pos,pos,l_amyg_safety_vs_threat,pos_persist_crossrun_mean_z_L,148,8,-0.01328706827299963,0.040345595142486694,-0.3293313241773804,0.7419052701867219,0.0004312038487269003,67.50226610356162,True,False,powell,sensitivity
l_amyg_safety_vs_threat_pos,pos,l_amyg_safety_vs_threat,pos_persist_crossrun_mean_z_R,148,8,-0.049636154578893525,0.0436106487287511,-1.1381659302437754,0.2550512020963489,3.3257686683537273e-12,79.86800781137904,True,False,powell,sensitivity
l_amyg_safety_vs_threat_pos,pos,l_amyg_safety_vs_threat,pos_persist_crossrun_mean_z_bilateral,148,8,-0.020738979345392223,0.0292375881126784,-0.7093259288511252,0.4781222415758086,1.0011757329035294e-11,113.6710295809738,True,False,powell,sensitivity
l_amyg_safety_vs_threat_pos,pos,l_amyg_safety_vs_threat,neg_persist_concat_z_L,146,8,-0.021063929773797542,0.1003295379674041,-0.20994744120760298,0.833708694545136,1.223877426236811e-11,-50.262821298661265,True,False,powell,sensitivity
l_amyg_safety_vs_threat_pos,pos,l_amyg_safety_vs_threat,neg_persist_concat_z_R,146,8,0.03359229795315375,0.14284277707150994,0.23516973445802428,0.8140769957079848,8.801820797634054e-12,-39.24235375868443,True,False,powell,sensitivity
l_amyg_safety_vs_threat_pos,pos,l_amyg_safety_vs_threat,neg_persist_concat_z_bilateral,146,8,0.013076360584708489,0.09504534896582756,0.13758022593414793,0.8905721843136687,7.37378541155891e-12,-27.133809164216814,True,False,powell,sensitivity
r_amyg_safety_vs_threat_pos,pos,r_amyg_safety_vs_threat,neg_persist_crossrun_mean_z_L,148,8,-0.04795235892263847,0.04873681473559728,-0.9839042453386712,0.325162596140123,0.0002936369731578208,74.19639700726333,True,False,lbfgs,sensitivity
r_amyg_safety_vs_threat_pos,pos,r_amyg_safety_vs_threat,neg_persist_crossrun_mean_z_R,148,8,0.001966725838096735,0.03999481371696601,0.049174521777118306,0.9607802153722511,1.6060725098757143e-12,89.6292813746409,True,False,powell,sensitivity
r_amyg_safety_vs_threat_pos,pos,r_amyg_safety_vs_threat,neg_persist_crossrun_mean_z_bilateral,148,8,-0.029050485189242744,0.03589325239769075,-0.8093578388318957,0.4183093460147109,6.971638888177964e-11,116.75876521710279,True,False,lbfgs,sensitivity
r_amyg_safety_vs_threat_pos,pos,r_amyg_safety_vs_threat,pos_persist_crossrun_mean_z_L,148,8,0.03944306164820734,0.04801225487892653,0.8215207085705869,0.41134973332722513,0.0004006528468074127,67.97278839561199,True,False,powell,sensitivity
r_amyg_safety_vs_threat_pos,pos,r_amyg_safety_vs_threat,pos_persist_crossrun_mean_z_R,148,8,-0.011854832913841923,0.04427280723568341,-0.26776781627452473,0.7888780452378945,3.448039237660864e-10,79.16636472276093,True,False,lbfgs,sensitivity
r_amyg_safety_vs_threat_pos,pos,r_amyg_safety_vs_threat,pos_persist_crossrun_mean_z_bilateral,148,8,0.0256169233114925,0.03475085760126609,0.7371594567657287,0.46102538551774375,9.96764885560925e-13,113.87180525820824,True,False,powell,sensitivity
r_amyg_safety_vs_threat_pos,pos,r_amyg_safety_vs_threat,neg_persist_concat_z_L,146,8,-0.053241720067996684,0.12594340376271687,-0.42274322018727173,0.672482618342225,1.6885639647088403e-11,-49.99070998697641,True,False,powell,sensitivity
r_amyg_safety_vs_threat_pos,pos,r_amyg_safety_vs_threat,neg_persist_concat_z_R,146,8,0.031282587626025274,0.06196350391488693,0.5048550461089972,0.613660650061659,8.810155072914488e-12,-39.0884858039916,True,False,powell,sensitivity
r_amyg_safety_vs_threat_pos,pos,r_amyg_safety_vs_threat,neg_persist_concat_z_bilateral,146,8,-0.022759961924560337,0.37344855126084475,-0.060945374798530294,0.9514027127207136,7.371352274970452e-12,-26.93421649622411,True,False,powell,sensitivity
l_amyg_safety_vs_threat_neg_vs_neu,neu,l_amyg_safety_vs_threat_neg_vs,neg_persist_crossrun_mean_z_L,148,8,0.023078262735192513,0.03743163017724438,0.6165444204784424,0.5375352639448936,9.013305225844008e-11,73.6662379437227,True,False,powell,sensitivity
l_amyg_safety_vs_threat_neg_vs_neu,neu,l_amyg_safety_vs_threat_neg_vs,neg_persist_crossrun_mean_z_R,148,8,-0.027708119399967156,0.02755254317675996,-1.0056465286056941,0.31458563340813206,1.3335067956027178e-11,89.76745926615632,True,False,powell,sensitivity
l_amyg_safety_vs_threat_neg_vs_neu,neu,l_amyg_safety_vs_threat_neg_vs,neg_persist_crossrun_mean_z_bilateral,148,8,0.0019701536076671853,0.02751364322648286,0.07160642418197974,0.9429151274444851,9.676912866108788e-13,116.18470904122509,True,False,powell,sensitivity
l_amyg_safety_vs_threat_neg_vs_neu,neu,l_amyg_safety_vs_threat_neg_vs,pos_persist_crossrun_mean_z_L,148,8,-0.08823801280862663,0.038215217476226276,-2.3089758121491677,0.020944923491617695,0.0005193310075332614,70.04473263706254,True,False,lbfgs,sensitivity
l_amyg_safety_vs_threat_neg_vs_neu,neu,l_amyg_safety_vs_threat_neg_vs,pos_persist_crossrun_mean_z_R,148,8,0.037330758293634664,0.036100814577412474,1.0340696942886087,0.30110358276478855,3.765148977339461e-11,79.46552948282465,True,False,powell,sensitivity
l_amyg_safety_vs_threat_neg_vs_neu,neu,l_amyg_safety_vs_threat_neg_vs,pos_persist_crossrun_mean_z_bilateral,148,8,-0.033937263164818376,0.027946338514886086,-1.2143724354709695,0.2246055364074464,0.00019063321055639624,114.1249151760158,True,False,powell,sensitivity
l_amyg_safety_vs_threat_neg_vs_neu,neu,l_amyg_safety_vs_threat_neg_vs,neg_persist_concat_z_L,146,8,0.054860588717266186,0.09139416451438655,0.6002635836627235,0.5483305842695061,1.3641423351000398e-11,-50.12567797861749,True,False,powell,sensitivity
l_amyg_safety_vs_threat_neg_vs_neu,neu,l_amyg_safety_vs_threat_neg_vs,neg_persist_concat_z_R,146,8,-0.10199427179020736,0.17682904800806631,-0.5767959107349531,0.5640773323165456,8.710657193961663e-12,-38.603256863372735,True,False,powell,sensitivity
l_amyg_safety_vs_threat_neg_vs_neu,neu,l_amyg_safety_vs_threat_neg_vs,neg_persist_concat_z_bilateral,146,8,-0.0338962943347805,0.08104823222087669,-0.4182237342623912,0.67578354430334,7.363967417713939e-12,-27.068883620715383,True,False,powell,sensitivity
r_amyg_safety_vs_threat_neg_vs_neu,neu,r_amyg_safety_vs_threat_neg_vs,neg_persist_crossrun_mean_z_L,148,8,0.051366042145264,0.03888387655756977,1.3210113469322864,0.18649758080010126,4.559047816851479e-10,74.41153797471475,True,False,lbfgs,sensitivity
r_amyg_safety_vs_threat_neg_vs_neu,neu,r_amyg_safety_vs_threat_neg_vs,neg_persist_crossrun_mean_z_R,148,8,0.03564453400241133,0.03301487925260581,1.0796505941967958,0.28029780238432345,1.4926430077425118e-12,89.9930582034616,True,False,powell,sensitivity
r_amyg_safety_vs_threat_neg_vs_neu,neu,r_amyg_safety_vs_threat_neg_vs,neg_persist_crossrun_mean_z_bilateral,148,8,0.05003929665355031,0.02864167976946221,1.7470796774601978,0.08062351804819778,9.719930614987517e-13,117.81219580489991,True,False,powell,sensitivity
r_amyg_safety_vs_threat_neg_vs_neu,neu,r_amyg_safety_vs_threat_neg_vs,pos_persist_crossrun_mean_z_L,148,8,-0.0595579144047034,0.039726199908949864,-1.4992099556767742,0.13381917310825342,0.001064951783192383,68.55980006047557,True,False,powell,sensitivity
r_amyg_safety_vs_threat_neg_vs_neu,neu,r_amyg_safety_vs_threat_neg_vs,pos_persist_crossrun_mean_z_R,148,8,0.0701651769267948,0.03708806882009925,1.8918530718636388,0.058510559837966714,1.5734929576196967e-12,80.80538850871147,True,False,powell,sensitivity
r_amyg_safety_vs_threat_neg_vs_neu,neu,r_amyg_safety_vs_threat_neg_vs,pos_persist_crossrun_mean_z_bilateral,148,8,-0.00020617377452911105,0.028653866811724975,-0.0071953211719664335,0.9942590138645873,0.00010026070000316281,113.41072228818445,True,False,powell,sensitivity
r_amyg_safety_vs_threat_neg_vs_neu,neu,r_amyg_safety_vs_threat_neg_vs,neg_persist_concat_z_L,146,8,0.01963321100961641,0.10404801314843119,0.18869376180791045,0.8503328411158841,2.064398516243408e-11,-50.26858013862625,True,False,powell,sensitivity
r_amyg_safety_vs_threat_neg_vs_neu,neu,r_amyg_safety_vs_threat_neg_vs,neg_persist_concat_z_R,146,8,-0.021561360008225356,0.08758661720835606,-0.24617185473591197,0.8055492019164394,8.801063989833858e-12,-39.289650591507666,True,False,powell,sensitivity
r_amyg_safety_vs_threat_neg_vs_neu,neu,r_amyg_safety_vs_threat_neg_vs,neg_persist_concat_z_bilateral,146,8,-0.003546399515909174,0.09219061402780886,-0.03846811905211326,0.9693144499717425,7.539076972505807e-12,-27.14910390764112,True,False,powell,sensitivity
l_amyg_safety_vs_threat_neg_vs_pos,pos,l_amyg_safety_vs_threat_neg_vs,neg_persist_crossrun_mean_z_L,148,8,-0.008723614962636472,0.0390394636580135,-0.22345632201957272,0.8231803736419758,1.1231785164777074e-09,73.5180510202679,True,False,lbfgs,sensitivity
l_amyg_safety_vs_threat_neg_vs_pos,pos,l_amyg_safety_vs_threat_neg_vs,neg_persist_crossrun_mean_z_R,148,8,0.03352236852117635,0.026429643609475483,1.268362487837634,0.20466853123583006,1.381121383398283e-12,89.92884435792195,True,False,powell,sensitivity
l_amyg_safety_vs_threat_neg_vs_pos,pos,l_amyg_safety_vs_threat_neg_vs,neg_persist_crossrun_mean_z_bilateral,148,8,0.008502117860678041,0.028277166255002983,0.3006707880134131,0.7636655463892459,9.980887424376827e-13,116.24514233148193,True,False,powell,sensitivity
l_amyg_safety_vs_threat_neg_vs_pos,pos,l_amyg_safety_vs_threat_neg_vs,pos_persist_crossrun_mean_z_L,148,8,-0.06332560289098518,0.03928569689867442,-1.6119251506296155,0.10697822847564775,0.0007607674599054561,68.7319748745906,True,False,powell,sensitivity
l_amyg_safety_vs_threat_neg_vs_pos,pos,l_amyg_safety_vs_threat_neg_vs,pos_persist_crossrun_mean_z_R,148,8,0.041198573789338194,0.03709290323609528,1.1106861473503553,0.26670346698189595,4.953619886540634e-11,79.57921712402259,True,False,powell,sensitivity
l_amyg_safety_vs_threat_neg_vs_pos,pos,l_amyg_safety_vs_threat_neg_vs,pos_persist_crossrun_mean_z_bilateral,148,8,-0.026213271852027722,0.02855171073532656,-0.9180981166075795,0.35856750079548827,0.0002004159470810115,113.82890369148339,True,False,powell,sensitivity
l_amyg_safety_vs_threat_neg_vs_pos,pos,l_amyg_safety_vs_threat_neg_vs,neg_persist_concat_z_L,146,8,-0.008505677657529015,0.09361937407743617,-0.09085381889536714,0.9276087455446815,1.203128904914483e-11,-50.29007446488083,True,False,powell,sensitivity
l_amyg_safety_vs_threat_neg_vs_pos,pos,l_amyg_safety_vs_threat_neg_vs,neg_persist_concat_z_R,146,8,-0.06911675684418889,0.046904967872634096,-1.4735487514215713,0.14060312850880874,8.784993745112774e-12,-38.996705918812836,True,False,powell,sensitivity
l_amyg_safety_vs_threat_neg_vs_pos,pos,l_amyg_safety_vs_threat_neg_vs,neg_persist_concat_z_bilateral,146,8,-0.05244068991148343,0.08357956393492808,-0.6274343564691459,0.5303745529489667,7.368319063895274e-12,-26.928450289420766,True,False,powell,sensitivity
r_amyg_safety_vs_threat_neg_vs_pos,pos,r_amyg_safety_vs_threat_neg_vs,neg_persist_crossrun_mean_z_L,148,8,0.04219346806768613,0.03683956439252992,1.1453302655294655,0.25207237324110565,1.9441305569427894e-12,74.11932707121247,True,False,powell,sensitivity
r_amyg_safety_vs_threat_neg_vs_pos,pos,r_amyg_safety_vs_threat_neg_vs,neg_persist_crossrun_mean_z_R,148,8,-0.005715846916012581,0.032953044513171575,-0.17345428929117354,0.8622943550600448,2.550294778094363e-12,89.42682188353814,True,False,powell,sensitivity
r_amyg_safety_vs_threat_neg_vs_pos,pos,r_amyg_safety_vs_threat_neg_vs,neg_persist_crossrun_mean_z_bilateral,148,8,0.01654242593901018,0.027297066305347974,0.606014791258694,0.5445049312366601,9.52427556594258e-13,116.35760767163507,True,False,powell,sensitivity
r_amyg_safety_vs_threat_neg_vs_pos,pos,r_amyg_safety_vs_threat_neg_vs,pos_persist_crossrun_mean_z_L,148,8,-0.07569944337124249,0.038159117555648096,-1.983783908546855,0.04727993474780323,0.00029827701505417823,69.36227163023159,True,False,powell,sensitivity
r_amyg_safety_vs_threat_neg_vs_pos,pos,r_amyg_safety_vs_threat_neg_vs,pos_persist_crossrun_mean_z_R,148,8,0.028905087680450237,0.03925038973126239,0.7364280425839375,0.4614702439126528,3.0198290029248933e-09,79.24468312512283,True,False,lbfgs,sensitivity
r_amyg_safety_vs_threat_neg_vs_pos,pos,r_amyg_safety_vs_threat_neg_vs,pos_persist_crossrun_mean_z_bilateral,148,8,-0.030510291453471942,0.02810720894579661,-1.0854970165237523,0.27770158436953585,9.858492664165011e-13,113.98382881438118,True,False,powell,sensitivity
r_amyg_safety_vs_threat_neg_vs_pos,pos,r_amyg_safety_vs_threat_neg_vs,neg_persist_concat_z_L,146,8,-0.038036063009172366,0.09095469719487899,-0.4181869016360587,0.6758104717164075,0.0002511826548498956,-50.256176950720885,True,False,lbfgs,sensitivity
r_amyg_safety_vs_threat_neg_vs_pos,pos,r_amyg_safety_vs_threat_neg_vs,neg_persist_concat_z_R,146,8,-0.014233916078595678,0.014739216079738587,-0.9657173082741134,0.3341856561979777,8.799230074671306e-12,-39.32811494510753,True,True,powell,sensitivity
r_amyg_safety_vs_threat_neg_vs_pos,pos,r_amyg_safety_vs_threat_neg_vs,neg_persist_concat_z_bilateral,146,8,-0.024154576399017746,0.09353863311811346,-0.2582310174291,0.7962286210475131,7.373217799076016e-12,-27.12192371870441,True,False,powell,sensitivity
