fc_var,condition,seed_target,persistence_var,n,r,p
l_amyg-ant_vmPFC_neg,neg,l_amyg-ant_vmPFC,neg_persist_crossrun_mean_z_L,148,0.04875520703607453,0.556227823420165
l_amyg-ant_vmPFC_neg,neg,l_amyg-ant_vmPFC,neg_persist_crossrun_mean_z_R,148,0.06201950127890247,0.4539634759802491
l_amyg-ant_vmPFC_neg,neg,l_amyg-ant_vmPFC,neg_persist_crossrun_mean_z_bilateral,148,0.07299366994730083,0.37796404791437216
l_amyg-ant_vmPFC_neg,neg,l_amyg-ant_vmPFC,pos_persist_crossrun_mean_z_L,148,0.036898968168550615,0.6561457139725478
l_amyg-ant_vmPFC_neg,neg,l_amyg-ant_vmPFC,pos_persist_crossrun_mean_z_R,148,-0.034202612794964476,0.6798370505201042
l_amyg-ant_vmPFC_neg,neg,l_amyg-ant_vmPFC,pos_persist_crossrun_mean_z_bilateral,148,-0.0006607984703624822,0.9936402899190498
l_amyg-ant_vmPFC_neg,neg,l_amyg-ant_vmPFC,neg_persist_concat_z_L,146,0.017888091505213338,0.8303116281806989
l_amyg-ant_vmPFC_neg,neg,l_amyg-ant_vmPFC,neg_persist_concat_z_R,146,0.008353877066675133,0.9202852709494872
l_amyg-ant_vmPFC_neg,neg,l_amyg-ant_vmPFC,neg_persist_concat_z_bilateral,146,0.000660909082877123,0.9936830918669277
l_amyg-ant_vmPFC_neu,neu,l_amyg-ant_vmPFC,neg_persist_crossrun_mean_z_L,148,-0.007757146564203579,0.9254499399404291
l_amyg-ant_vmPFC_neu,neu,l_amyg-ant_vmPFC,neg_persist_crossrun_mean_z_R,148,0.2153043238814788,0.008589438002178002
l_amyg-ant_vmPFC_neu,neu,l_amyg-ant_vmPFC,neg_persist_crossrun_mean_z_bilateral,148,0.10923569459452209,0.18630127647657302
l_amyg-ant_vmPFC_neu,neu,l_amyg-ant_vmPFC,pos_persist_crossrun_mean_z_L,148,0.1884258257760604,0.021822329853685107
l_amyg-ant_vmPFC_neu,neu,l_amyg-ant_vmPFC,pos_persist_crossrun_mean_z_R,148,-0.0341789351426401,0.6800465274091184
l_amyg-ant_vmPFC_neu,neu,l_amyg-ant_vmPFC,pos_persist_crossrun_mean_z_bilateral,148,0.10921437438715621,0.18638774861594706
l_amyg-ant_vmPFC_neu,neu,l_amyg-ant_vmPFC,neg_persist_concat_z_L,146,0.028952817361001738,0.7286635074568575
l_amyg-ant_vmPFC_neu,neu,l_amyg-ant_vmPFC,neg_persist_concat_z_R,146,0.118245519349083,0.15517812766578723
l_amyg-ant_vmPFC_neu,neu,l_amyg-ant_vmPFC,neg_persist_concat_z_bilateral,146,0.06325732103430139,0.44813298991172973
l_amyg-ant_vmPFC_pos,pos,l_amyg-ant_vmPFC,neg_persist_crossrun_mean_z_L,148,0.10427140430792607,0.20723620088043418
l_amyg-ant_vmPFC_pos,pos,l_amyg-ant_vmPFC,neg_persist_crossrun_mean_z_R,148,0.03923521641027736,0.6358905694855935
l_amyg-ant_vmPFC_pos,pos,l_amyg-ant_vmPFC,neg_persist_crossrun_mean_z_bilateral,148,0.08958727096298824,0.2788909329347029
l_amyg-ant_vmPFC_pos,pos,l_amyg-ant_vmPFC,pos_persist_crossrun_mean_z_L,148,0.09781119581173572,0.23693860192995764
l_amyg-ant_vmPFC_pos,pos,l_amyg-ant_vmPFC,pos_persist_crossrun_mean_z_R,148,0.009284025284091939,0.9108314965146871
l_amyg-ant_vmPFC_pos,pos,l_amyg-ant_vmPFC,pos_persist_crossrun_mean_z_bilateral,148,0.07613257009777302,0.3577425250873883
l_amyg-ant_vmPFC_pos,pos,l_amyg-ant_vmPFC,neg_persist_concat_z_L,146,0.09142608322995016,0.2724183564904476
l_amyg-ant_vmPFC_pos,pos,l_amyg-ant_vmPFC,neg_persist_concat_z_R,146,0.11556121007037681,0.16483662144775615
l_amyg-ant_vmPFC_pos,pos,l_amyg-ant_vmPFC,neg_persist_concat_z_bilateral,146,0.11469795225635045,0.16803599913964695
l_amyg-ant_vmPFC_neg_vs_neu,neg_vs_neu,l_amyg-ant_vmPFC,neg_persist_crossrun_mean_z_L,148,0.05086986468191136,0.5392093338358626
l_amyg-ant_vmPFC_neg_vs_neu,neg_vs_neu,l_amyg-ant_vmPFC,neg_persist_crossrun_mean_z_R,148,-0.14871871703293754,0.07123974326874204
l_amyg-ant_vmPFC_neg_vs_neu,neg_vs_neu,l_amyg-ant_vmPFC,neg_persist_crossrun_mean_z_bilateral,148,-0.03838684401678878,0.6432158069136804
l_amyg-ant_vmPFC_neg_vs_neu,neg_vs_neu,l_amyg-ant_vmPFC,pos_persist_crossrun_mean_z_L,148,-0.14566380635234985,0.07731441257049054
l_amyg-ant_vmPFC_neg_vs_neu,neg_vs_neu,l_amyg-ant_vmPFC,pos_persist_crossrun_mean_z_R,148,0.0018682342056689852,0.9820209069055318
l_amyg-ant_vmPFC_neg_vs_neu,neg_vs_neu,l_amyg-ant_vmPFC,pos_persist_crossrun_mean_z_bilateral,148,-0.10410818048570807,0.20795210907466877
l_amyg-ant_vmPFC_neg_vs_neu,neg_vs_neu,l_amyg-ant_vmPFC,neg_persist_concat_z_L,146,-0.011405821722400226,0.8913178127428621
l_amyg-ant_vmPFC_neg_vs_neu,neg_vs_neu,l_amyg-ant_vmPFC,neg_persist_concat_z_R,146,-0.10443199931773721,0.20968087939715435
l_amyg-ant_vmPFC_neg_vs_neu,neg_vs_neu,l_amyg-ant_vmPFC,neg_persist_concat_z_bilateral,146,-0.05927236607304608,0.4772950693050963
l_amyg-ant_vmPFC_neg_vs_pos,neg_vs_pos,l_amyg-ant_vmPFC,neg_persist_crossrun_mean_z_L,148,-0.050457376915845314,0.5425086093127248
l_amyg-ant_vmPFC_neg_vs_pos,neg_vs_pos,l_amyg-ant_vmPFC,neg_persist_crossrun_mean_z_R,148,0.018977135001176565,0.8189233858617492
l_amyg-ant_vmPFC_neg_vs_pos,neg_vs_pos,l_amyg-ant_vmPFC,neg_persist_crossrun_mean_z_bilateral,148,-0.016314330418060893,0.8439819744000276
l_amyg-ant_vmPFC_neg_vs_pos,neg_vs_pos,l_amyg-ant_vmPFC,pos_persist_crossrun_mean_z_L,148,-0.055011514155303344,0.5066438533901059
l_amyg-ant_vmPFC_neg_vs_pos,neg_vs_pos,l_amyg-ant_vmPFC,pos_persist_crossrun_mean_z_R,148,-0.03799635391470635,0.6465991033874076
l_amyg-ant_vmPFC_neg_vs_pos,neg_vs_pos,l_amyg-ant_vmPFC,pos_persist_crossrun_mean_z_bilateral,148,-0.06835861943545893,0.40906877603199027
l_amyg-ant_vmPFC_neg_vs_pos,neg_vs_pos,l_amyg-ant_vmPFC,neg_persist_concat_z_L,146,-0.06585704982124838,0.4296611088719789
l_amyg-ant_vmPFC_neg_vs_pos,neg_vs_pos,l_amyg-ant_vmPFC,neg_persist_concat_z_R,146,-0.09569449911738102,0.250563765205343
l_amyg-ant_vmPFC_neg_vs_pos,neg_vs_pos,l_amyg-ant_vmPFC,neg_persist_concat_z_bilateral,146,-0.10164451601004093,0.22216819004184
l_amyg-post_vmPFC_neg,neg,l_amyg-post_vmPFC,neg_persist_crossrun_mean_z_L,148,0.10291106414817018,0.21325701551593848
l_amyg-post_vmPFC_neg,neg,l_amyg-post_vmPFC,neg_persist_crossrun_mean_z_R,148,0.13537055683334273,0.10091152715840815
l_amyg-post_vmPFC_neg,neg,l_amyg-post_vmPFC,neg_persist_crossrun_mean_z_bilateral,148,0.1486334728199788,0.0714038367850177
l_amyg-post_vmPFC_neg,neg,l_amyg-post_vmPFC,pos_persist_crossrun_mean_z_L,148,0.17854186551031442,0.029922508594525152
l_amyg-post_vmPFC_neg,neg,l_amyg-post_vmPFC,pos_persist_crossrun_mean_z_R,148,-0.0010310975033477332,0.9900765772270225
l_amyg-post_vmPFC_neg,neg,l_amyg-post_vmPFC,pos_persist_crossrun_mean_z_bilateral,148,0.12620674464328557,0.12639554833777858
l_amyg-post_vmPFC_neg,neg,l_amyg-post_vmPFC,neg_persist_concat_z_L,146,0.049153837433066956,0.5557410389233612
l_amyg-post_vmPFC_neg,neg,l_amyg-post_vmPFC,neg_persist_concat_z_R,146,0.06134464151988095,0.4620034026423433
l_amyg-post_vmPFC_neg,neg,l_amyg-post_vmPFC,neg_persist_concat_z_bilateral,146,0.05799055837146916,0.48688920443940015
l_amyg-post_vmPFC_neu,neu,l_amyg-post_vmPFC,neg_persist_crossrun_mean_z_L,148,0.05938391155803542,0.47340864321096654
l_amyg-post_vmPFC_neu,neu,l_amyg-post_vmPFC,neg_persist_crossrun_mean_z_R,148,0.23621941738001778,0.003847672043635448
l_amyg-post_vmPFC_neu,neu,l_amyg-post_vmPFC,neg_persist_crossrun_mean_z_bilateral,148,0.1695183368499008,0.039424805569791777
l_amyg-post_vmPFC_neu,neu,l_amyg-post_vmPFC,pos_persist_crossrun_mean_z_L,148,0.2137360730213564,0.009097235609846028
l_amyg-post_vmPFC_neu,neu,l_amyg-post_vmPFC,pos_persist_crossrun_mean_z_R,148,0.08331943707264408,0.3140395262702379
l_amyg-post_vmPFC_neu,neu,l_amyg-post_vmPFC,pos_persist_crossrun_mean_z_bilateral,148,0.18384869978207988,0.0253024763622067
l_amyg-post_vmPFC_neu,neu,l_amyg-post_vmPFC,neg_persist_concat_z_L,146,0.12541014763198496,0.13148475803997134
l_amyg-post_vmPFC_neu,neu,l_amyg-post_vmPFC,neg_persist_concat_z_R,146,0.08468731680291702,0.3094807661368464
l_amyg-post_vmPFC_neu,neu,l_amyg-post_vmPFC,neg_persist_concat_z_bilateral,146,0.09388674940711987,0.2596670040150428
l_amyg-post_vmPFC_pos,pos,l_amyg-post_vmPFC,neg_persist_crossrun_mean_z_L,148,0.11632016507713464,0.15916623325299245
l_amyg-post_vmPFC_pos,pos,l_amyg-post_vmPFC,neg_persist_crossrun_mean_z_R,148,0.16444434262504576,0.045802695304440685
l_amyg-post_vmPFC_pos,pos,l_amyg-post_vmPFC,neg_persist_crossrun_mean_z_bilateral,148,0.14914388595945377,0.07042586333096909
l_amyg-post_vmPFC_pos,pos,l_amyg-post_vmPFC,pos_persist_crossrun_mean_z_L,148,0.13007266514907673,0.11509799214140547
l_amyg-post_vmPFC_pos,pos,l_amyg-post_vmPFC,pos_persist_crossrun_mean_z_R,148,0.12154142610690777,0.14114531692269333
l_amyg-post_vmPFC_pos,pos,l_amyg-post_vmPFC,pos_persist_crossrun_mean_z_bilateral,148,0.13406489698858498,0.1042727457443489
l_amyg-post_vmPFC_pos,pos,l_amyg-post_vmPFC,neg_persist_concat_z_L,146,0.11639518101574595,0.16178910102702185
l_amyg-post_vmPFC_pos,pos,l_amyg-post_vmPFC,neg_persist_concat_z_R,146,0.08686777942677804,0.29714401061467627
l_amyg-post_vmPFC_pos,pos,l_amyg-post_vmPFC,neg_persist_concat_z_bilateral,146,0.10757211387654292,0.1962256156045027
l_amyg-post_vmPFC_neg_vs_neu,neg_vs_neu,l_amyg-post_vmPFC,neg_persist_crossrun_mean_z_L,148,0.04662107827971308,0.5736616729800135
l_amyg-post_vmPFC_neg_vs_neu,neg_vs_neu,l_amyg-post_vmPFC,neg_persist_crossrun_mean_z_R,148,-0.07200898138810921,0.384448493259524
l_amyg-post_vmPFC_neg_vs_neu,neg_vs_neu,l_amyg-post_vmPFC,neg_persist_crossrun_mean_z_bilateral,148,-0.0032952326992440814,0.9682936856744712
l_amyg-post_vmPFC_neg_vs_neu,neg_vs_neu,l_amyg-post_vmPFC,pos_persist_crossrun_mean_z_L,148,-0.012481723347441805,0.8803188100292483
l_amyg-post_vmPFC_neg_vs_neu,neg_vs_neu,l_amyg-post_vmPFC,pos_persist_crossrun_mean_z_R,148,-0.07123478223469515,0.3895937950684675
l_amyg-post_vmPFC_neg_vs_neu,neg_vs_neu,l_amyg-post_vmPFC,pos_persist_crossrun_mean_z_bilateral,148,-0.03645397509814671,0.6600328985448174
l_amyg-post_vmPFC_neg_vs_neu,neg_vs_neu,l_amyg-post_vmPFC,neg_persist_concat_z_L,146,-0.05751069347877462,0.49050726260528593
l_amyg-post_vmPFC_neg_vs_neu,neg_vs_neu,l_amyg-post_vmPFC,neg_persist_concat_z_R,146,-0.012043224699702156,0.8852847005872174
l_amyg-post_vmPFC_neg_vs_neu,neg_vs_neu,l_amyg-post_vmPFC,neg_persist_concat_z_bilateral,146,-0.022885651043127436,0.7839406309004394
l_amyg-post_vmPFC_neg_vs_pos,neg_vs_pos,l_amyg-post_vmPFC,neg_persist_crossrun_mean_z_L,148,-0.00875680274811146,0.9158760377699527
l_amyg-post_vmPFC_neg_vs_pos,neg_vs_pos,l_amyg-post_vmPFC,neg_persist_crossrun_mean_z_R,148,-0.02105258790487209,0.7995169247004854
l_amyg-post_vmPFC_neg_vs_pos,neg_vs_pos,l_amyg-post_vmPFC,neg_persist_crossrun_mean_z_bilateral,148,0.0030733683665641297,0.9704274337278116
l_amyg-post_vmPFC_neg_vs_pos,neg_vs_pos,l_amyg-post_vmPFC,pos_persist_crossrun_mean_z_L,148,0.04461251407883381,0.5903002243814268
l_amyg-post_vmPFC_neg_vs_pos,neg_vs_pos,l_amyg-post_vmPFC,pos_persist_crossrun_mean_z_R,148,-0.10221494516484342,0.21638589379206463
l_amyg-post_vmPFC_neg_vs_pos,neg_vs_pos,l_amyg-post_vmPFC,pos_persist_crossrun_mean_z_bilateral,148,-0.003580495934031702,0.965550540064904
l_amyg-post_vmPFC_neg_vs_pos,neg_vs_pos,l_amyg-post_vmPFC,neg_persist_concat_z_L,146,-0.05484601696322932,0.5108557692334504
l_amyg-post_vmPFC_neg_vs_pos,neg_vs_pos,l_amyg-post_vmPFC,neg_persist_concat_z_R,146,-0.019830160030720495,0.8122126619581704
l_amyg-post_vmPFC_neg_vs_pos,neg_vs_pos,l_amyg-post_vmPFC,neg_persist_concat_z_bilateral,146,-0.03993832039786055,0.632209284586815
r_amyg-ant_vmPFC_neg,neg,r_amyg-ant_vmPFC,neg_persist_crossrun_mean_z_L,148,0.01159540545441873,0.8887604780870336
r_amyg-ant_vmPFC_neg,neg,r_amyg-ant_vmPFC,neg_persist_crossrun_mean_z_R,148,-0.02204249074667508,0.7903030675675735
r_amyg-ant_vmPFC_neg,neg,r_amyg-ant_vmPFC,neg_persist_crossrun_mean_z_bilateral,148,-0.014653060166549357,0.8596967669435086
r_amyg-ant_vmPFC_neg,neg,r_amyg-ant_vmPFC,pos_persist_crossrun_mean_z_L,148,-0.08066077160047494,0.3297838032563799
r_amyg-ant_vmPFC_neg,neg,r_amyg-ant_vmPFC,pos_persist_crossrun_mean_z_R,148,-0.05061696033363054,0.541231004057703
r_amyg-ant_vmPFC_neg,neg,r_amyg-ant_vmPFC,pos_persist_crossrun_mean_z_bilateral,148,-0.08568704849211661,0.30043775466179024
r_amyg-ant_vmPFC_neg,neg,r_amyg-ant_vmPFC,neg_persist_concat_z_L,146,-0.022364342179483996,0.78874541252283
r_amyg-ant_vmPFC_neg,neg,r_amyg-ant_vmPFC,neg_persist_concat_z_R,146,0.011360463659289298,0.8917473749892607
r_amyg-ant_vmPFC_neg,neg,r_amyg-ant_vmPFC,neg_persist_concat_z_bilateral,146,0.00019400593632160762,0.998145691614706
r_amyg-ant_vmPFC_neu,neu,r_amyg-ant_vmPFC,neg_persist_crossrun_mean_z_L,148,-0.06328686953058499,0.44477406947574494
r_amyg-ant_vmPFC_neu,neu,r_amyg-ant_vmPFC,neg_persist_crossrun_mean_z_R,148,-0.03196885533077089,0.6997048510526538
r_amyg-ant_vmPFC_neu,neu,r_amyg-ant_vmPFC,neg_persist_crossrun_mean_z_bilateral,148,-0.10441949646157599,0.20658819391797156
r_amyg-ant_vmPFC_neu,neu,r_amyg-ant_vmPFC,pos_persist_crossrun_mean_z_L,148,0.12765544868074447,0.12206579205504683
r_amyg-ant_vmPFC_neu,neu,r_amyg-ant_vmPFC,pos_persist_crossrun_mean_z_R,148,-0.10327873017627417,0.2116175540837471
r_amyg-ant_vmPFC_neu,neu,r_amyg-ant_vmPFC,pos_persist_crossrun_mean_z_bilateral,148,0.04438020963425738,0.5922386903165117
r_amyg-ant_vmPFC_neu,neu,r_amyg-ant_vmPFC,neg_persist_concat_z_L,146,-0.044088122406067964,0.5972239338272776
r_amyg-ant_vmPFC_neu,neu,r_amyg-ant_vmPFC,neg_persist_concat_z_R,146,0.004696986491235688,0.9551296010993111
r_amyg-ant_vmPFC_neu,neu,r_amyg-ant_vmPFC,neg_persist_concat_z_bilateral,146,-0.025062723923359162,0.76396496457275
r_amyg-ant_vmPFC_pos,pos,r_amyg-ant_vmPFC,neg_persist_crossrun_mean_z_L,148,-0.003987109906304659,0.961641167878762
r_amyg-ant_vmPFC_pos,pos,r_amyg-ant_vmPFC,neg_persist_crossrun_mean_z_R,148,0.048904835814357187,0.5550151565191733
r_amyg-ant_vmPFC_pos,pos,r_amyg-ant_vmPFC,neg_persist_crossrun_mean_z_bilateral,148,0.047889826347540757,0.5632662844850125
r_amyg-ant_vmPFC_pos,pos,r_amyg-ant_vmPFC,pos_persist_crossrun_mean_z_L,148,0.12096714427159438,0.14304791516197968
r_amyg-ant_vmPFC_pos,pos,r_amyg-ant_vmPFC,pos_persist_crossrun_mean_z_R,148,0.04070736473496299,0.6232629596829419
r_amyg-ant_vmPFC_pos,pos,r_amyg-ant_vmPFC,pos_persist_crossrun_mean_z_bilateral,148,0.11649854936902648,0.15852339902038773
r_amyg-ant_vmPFC_pos,pos,r_amyg-ant_vmPFC,neg_persist_concat_z_L,146,0.015837275591251553,0.8495210579592897
r_amyg-ant_vmPFC_pos,pos,r_amyg-ant_vmPFC,neg_persist_concat_z_R,146,0.0018351152724423933,0.9824613538112272
r_amyg-ant_vmPFC_pos,pos,r_amyg-ant_vmPFC,neg_persist_concat_z_bilateral,146,0.0033794049040699915,0.9677083534473092
r_amyg-ant_vmPFC_neg_vs_neu,neg_vs_neu,r_amyg-ant_vmPFC,neg_persist_crossrun_mean_z_L,148,0.08223964637785561,0.3203739063803709
r_amyg-ant_vmPFC_neg_vs_neu,neg_vs_neu,r_amyg-ant_vmPFC,neg_persist_crossrun_mean_z_R,148,0.012313123653260483,0.8819236185669395
r_amyg-ant_vmPFC_neg_vs_neu,neg_vs_neu,r_amyg-ant_vmPFC,neg_persist_crossrun_mean_z_bilateral,148,0.10029540640618691,0.2251827717556649
r_amyg-ant_vmPFC_neg_vs_neu,neg_vs_neu,r_amyg-ant_vmPFC,pos_persist_crossrun_mean_z_L,148,-0.22588639761696855,0.005771316511963319
r_amyg-ant_vmPFC_neg_vs_neu,neg_vs_neu,r_amyg-ant_vmPFC,pos_persist_crossrun_mean_z_R,148,0.06135397514767095,0.4588311693142466
r_amyg-ant_vmPFC_neg_vs_neu,neg_vs_neu,r_amyg-ant_vmPFC,pos_persist_crossrun_mean_z_bilateral,148,-0.13892310130704882,0.09219751721507677
r_amyg-ant_vmPFC_neg_vs_neu,neg_vs_neu,r_amyg-ant_vmPFC,neg_persist_concat_z_L,146,0.025199350316303753,0.7627163702271863
r_amyg-ant_vmPFC_neg_vs_neu,neg_vs_neu,r_amyg-ant_vmPFC,neg_persist_concat_z_R,146,0.006724937383931387,0.9357917351580092
r_amyg-ant_vmPFC_neg_vs_neu,neg_vs_neu,r_amyg-ant_vmPFC,neg_persist_concat_z_bilateral,146,0.027853187359055162,0.7385883962885021
r_amyg-ant_vmPFC_neg_vs_pos,neg_vs_pos,r_amyg-ant_vmPFC,neg_persist_crossrun_mean_z_L,148,0.014366884979655143,0.8624095840728115
r_amyg-ant_vmPFC_neg_vs_pos,neg_vs_pos,r_amyg-ant_vmPFC,neg_persist_crossrun_mean_z_R,148,-0.06572463489986534,0.4273970188347943
r_amyg-ant_vmPFC_neg_vs_pos,neg_vs_pos,r_amyg-ant_vmPFC,neg_persist_crossrun_mean_z_bilateral,148,-0.05798736902116529,0.48389313222719754
r_amyg-ant_vmPFC_neg_vs_pos,neg_vs_pos,r_amyg-ant_vmPFC,pos_persist_crossrun_mean_z_L,148,-0.18660249829585612,0.023155869745911578
r_amyg-ant_vmPFC_neg_vs_pos,neg_vs_pos,r_amyg-ant_vmPFC,pos_persist_crossrun_mean_z_R,148,-0.08437586745905573,0.30792163962252256
r_amyg-ant_vmPFC_neg_vs_pos,neg_vs_pos,r_amyg-ant_vmPFC,pos_persist_crossrun_mean_z_bilateral,148,-0.18706987610520195,0.0228075335208903
r_amyg-ant_vmPFC_neg_vs_pos,neg_vs_pos,r_amyg-ant_vmPFC,neg_persist_concat_z_L,146,-0.035458296774317874,0.6709130926259743
r_amyg-ant_vmPFC_neg_vs_pos,neg_vs_pos,r_amyg-ant_vmPFC,neg_persist_concat_z_R,146,0.0087762524755471,0.916269181664413
r_amyg-ant_vmPFC_neg_vs_pos,neg_vs_pos,r_amyg-ant_vmPFC,neg_persist_concat_z_bilateral,146,-0.002979810109293324,0.9715249390108605
r_amyg-post_vmPFC_neg,neg,r_amyg-post_vmPFC,neg_persist_crossrun_mean_z_L,148,-0.005214310165578924,0.9498482167605218
r_amyg-post_vmPFC_neg,neg,r_amyg-post_vmPFC,neg_persist_crossrun_mean_z_R,148,0.0014445388812846342,0.98609790260446
r_amyg-post_vmPFC_neg,neg,r_amyg-post_vmPFC,neg_persist_crossrun_mean_z_bilateral,148,0.004676195414480021,0.9550181182936182
r_amyg-post_vmPFC_neg,neg,r_amyg-post_vmPFC,pos_persist_crossrun_mean_z_L,148,0.010496994544242619,0.8992394562026716
r_amyg-post_vmPFC_neg,neg,r_amyg-post_vmPFC,pos_persist_crossrun_mean_z_R,148,-0.09282930893816081,0.2617915205808527
r_amyg-post_vmPFC_neg,neg,r_amyg-post_vmPFC,pos_persist_crossrun_mean_z_bilateral,148,-0.04984160094964997,0.5474523392339423
r_amyg-post_vmPFC_neg,neg,r_amyg-post_vmPFC,neg_persist_concat_z_L,146,0.039169132103627484,0.6387876789098434
r_amyg-post_vmPFC_neg,neg,r_amyg-post_vmPFC,neg_persist_concat_z_R,146,-0.0070888669773805785,0.9323250584640145
r_amyg-post_vmPFC_neg,neg,r_amyg-post_vmPFC,neg_persist_concat_z_bilateral,146,0.030398775061591964,0.715681214946466
r_amyg-post_vmPFC_neu,neu,r_amyg-post_vmPFC,neg_persist_crossrun_mean_z_L,148,0.016246297441871546,0.8446243711590116
r_amyg-post_vmPFC_neu,neu,r_amyg-post_vmPFC,neg_persist_crossrun_mean_z_R,148,0.08204853186987926,0.32150359236425624
r_amyg-post_vmPFC_neu,neu,r_amyg-post_vmPFC,neg_persist_crossrun_mean_z_bilateral,148,0.056797659151485456,0.492922228580233
r_amyg-post_vmPFC_neu,neu,r_amyg-post_vmPFC,pos_persist_crossrun_mean_z_L,148,0.1279313180468393,0.12125445973491199
r_amyg-post_vmPFC_neu,neu,r_amyg-post_vmPFC,pos_persist_crossrun_mean_z_R,148,0.021855362270534244,0.7920426495464135
r_amyg-post_vmPFC_neu,neu,r_amyg-post_vmPFC,pos_persist_crossrun_mean_z_bilateral,148,0.10502184246919744,0.20396751300942187
r_amyg-post_vmPFC_neu,neu,r_amyg-post_vmPFC,neg_persist_concat_z_L,146,0.03915100362498155,0.6389430630635691
r_amyg-post_vmPFC_neu,neu,r_amyg-post_vmPFC,neg_persist_concat_z_R,146,-0.014866162430980323,0.8586488753670132
r_amyg-post_vmPFC_neu,neu,r_amyg-post_vmPFC,neg_persist_concat_z_bilateral,146,0.015860227093215686,0.8493055654069637
r_amyg-post_vmPFC_pos,pos,r_amyg-post_vmPFC,neg_persist_crossrun_mean_z_L,148,0.06371536885702887,0.4416910363894549
r_amyg-post_vmPFC_pos,pos,r_amyg-post_vmPFC,neg_persist_crossrun_mean_z_R,148,0.04692356671725423,0.5711751043824833
r_amyg-post_vmPFC_pos,pos,r_amyg-post_vmPFC,neg_persist_crossrun_mean_z_bilateral,148,0.10214850804473308,0.21668621238326483
r_amyg-post_vmPFC_pos,pos,r_amyg-post_vmPFC,pos_persist_crossrun_mean_z_L,148,0.06396515908815154,0.4398994089614924
r_amyg-post_vmPFC_pos,pos,r_amyg-post_vmPFC,pos_persist_crossrun_mean_z_R,148,0.045157624058157854,0.585762942422068
r_amyg-post_vmPFC_pos,pos,r_amyg-post_vmPFC,pos_persist_crossrun_mean_z_bilateral,148,0.058871457827920325,0.4772414407706336
r_amyg-post_vmPFC_pos,pos,r_amyg-post_vmPFC,neg_persist_concat_z_L,146,0.0487926538090129,0.5586521082090832
r_amyg-post_vmPFC_pos,pos,r_amyg-post_vmPFC,neg_persist_concat_z_R,146,-0.006000641778625873,0.9426946650159939
r_amyg-post_vmPFC_pos,pos,r_amyg-post_vmPFC,neg_persist_concat_z_bilateral,146,0.02784790442222313,0.7386361840052927
r_amyg-post_vmPFC_neg_vs_neu,neg_vs_neu,r_amyg-post_vmPFC,neg_persist_crossrun_mean_z_L,148,-0.02192817776191681,0.7913656205535319
r_amyg-post_vmPFC_neg_vs_neu,neg_vs_neu,r_amyg-post_vmPFC,neg_persist_crossrun_mean_z_R,148,-0.08125923068049387,0.3261964187194929
r_amyg-post_vmPFC_neg_vs_neu,neg_vs_neu,r_amyg-post_vmPFC,neg_persist_crossrun_mean_z_bilateral,148,-0.0523492572779798,0.5274588802765344
r_amyg-post_vmPFC_neg_vs_neu,neg_vs_neu,r_amyg-post_vmPFC,pos_persist_crossrun_mean_z_L,148,-0.11794959883497588,0.1533664162203428
r_amyg-post_vmPFC_neg_vs_neu,neg_vs_neu,r_amyg-post_vmPFC,pos_persist_crossrun_mean_z_R,148,-0.12058436046763056,0.14432685589282074
r_amyg-post_vmPFC_neg_vs_neu,neg_vs_neu,r_amyg-post_vmPFC,pos_persist_crossrun_mean_z_bilateral,148,-0.15887695099810456,0.05376786461659809
r_amyg-post_vmPFC_neg_vs_neu,neg_vs_neu,r_amyg-post_vmPFC,neg_persist_concat_z_L,146,0.0021069698927898214,0.9798636832974065
r_amyg-post_vmPFC_neg_vs_neu,neg_vs_neu,r_amyg-post_vmPFC,neg_persist_concat_z_R,146,0.007470368300981384,0.9286923634694468
r_amyg-post_vmPFC_neg_vs_neu,neg_vs_neu,r_amyg-post_vmPFC,neg_persist_concat_z_bilateral,146,0.016292428752146766,0.8452497046499308
r_amyg-post_vmPFC_neg_vs_pos,neg_vs_pos,r_amyg-post_vmPFC,neg_persist_crossrun_mean_z_L,148,-0.06718245153970057,0.41719512527705244
r_amyg-post_vmPFC_neg_vs_pos,neg_vs_pos,r_amyg-post_vmPFC,neg_persist_crossrun_mean_z_R,148,-0.04462343448260406,0.5902091701987556
r_amyg-post_vmPFC_neg_vs_pos,neg_vs_pos,r_amyg-post_vmPFC,neg_persist_crossrun_mean_z_bilateral,148,-0.09573471722756045,0.2470891176617265
r_amyg-post_vmPFC_neg_vs_pos,neg_vs_pos,r_amyg-post_vmPFC,pos_persist_crossrun_mean_z_L,148,-0.05299760570380442,0.522350256042379
r_amyg-post_vmPFC_neg_vs_pos,neg_vs_pos,r_amyg-post_vmPFC,pos_persist_crossrun_mean_z_R,148,-0.12947637987175073,0.11678736443076265
r_amyg-post_vmPFC_neg_vs_pos,neg_vs_pos,r_amyg-post_vmPFC,pos_persist_crossrun_mean_z_bilateral,148,-0.1034252782743168,0.2109666003554594
r_amyg-post_vmPFC_neg_vs_pos,neg_vs_pos,r_amyg-post_vmPFC,neg_persist_concat_z_L,146,-0.011839929760392897,0.8872082191564103
r_amyg-post_vmPFC_neg_vs_pos,neg_vs_pos,r_amyg-post_vmPFC,neg_persist_concat_z_R,146,-0.0006344796740546613,0.9939356968082228
r_amyg-post_vmPFC_neg_vs_pos,neg_vs_pos,r_amyg-post_vmPFC,neg_persist_concat_z_bilateral,146,0.000644438566123241,0.9938405124147522
l_amyg_safety_vs_threat_neg,neg,l_amyg_safety_vs_threat,neg_persist_crossrun_mean_z_L,148,-0.060601947335016906,0.46436620856237093
l_amyg_safety_vs_threat_neg,neg,l_amyg_safety_vs_threat,neg_persist_crossrun_mean_z_R,148,-0.08224925638728461,0.32031716910191693
l_amyg_safety_vs_threat_neg,neg,l_amyg_safety_vs_threat,neg_persist_crossrun_mean_z_bilateral,148,-0.08443908614584111,0.30755802641397567
l_amyg_safety_vs_threat_neg,neg,l_amyg_safety_vs_threat,pos_persist_crossrun_mean_z_L,148,-0.16227761795144519,0.04877710489478671
l_amyg_safety_vs_threat_neg,neg,l_amyg_safety_vs_threat,pos_persist_crossrun_mean_z_R,148,-0.03978886873919302,0.6311289610835322
l_amyg_safety_vs_threat_neg,neg,l_amyg_safety_vs_threat,pos_persist_crossrun_mean_z_bilateral,148,-0.14675415969458502,0.07510001929483841
l_amyg_safety_vs_threat_neg,neg,l_amyg_safety_vs_threat,neg_persist_concat_z_L,146,-0.035398326851687464,0.6714373850657254
l_amyg_safety_vs_threat_neg,neg,l_amyg_safety_vs_threat,neg_persist_concat_z_R,146,-0.06097248356849984,0.46472951825006587
l_amyg_safety_vs_threat_neg,neg,l_amyg_safety_vs_threat,neg_persist_concat_z_bilateral,146,-0.06633777326446913,0.4262940273546614
r_amyg_safety_vs_threat_neg,neg,r_amyg_safety_vs_threat,neg_persist_crossrun_mean_z_L,148,0.01961137896427245,0.8129806628628033
r_amyg_safety_vs_threat_neg,neg,r_amyg_safety_vs_threat,neg_persist_crossrun_mean_z_R,148,-0.026963795757432643,0.7449490701026535
r_amyg_safety_vs_threat_neg,neg,r_amyg_safety_vs_threat,neg_persist_crossrun_mean_z_bilateral,148,-0.02245193673958587,0.7865003953209689
r_amyg_safety_vs_threat_neg,neg,r_amyg_safety_vs_threat,pos_persist_crossrun_mean_z_L,148,-0.10501832825694063,0.20398273284690724
r_amyg_safety_vs_threat_neg,neg,r_amyg_safety_vs_threat,pos_persist_crossrun_mean_z_R,148,0.05522419194852243,0.5049996513308589
r_amyg_safety_vs_threat_neg,neg,r_amyg_safety_vs_threat,pos_persist_crossrun_mean_z_bilateral,148,-0.03725063275528806,0.6530802878458878
r_amyg_safety_vs_threat_neg,neg,r_amyg_safety_vs_threat,neg_persist_concat_z_L,146,-0.07362245356734146,0.3771626408561578
r_amyg_safety_vs_threat_neg,neg,r_amyg_safety_vs_threat,neg_persist_concat_z_R,146,0.02171336036214298,0.7947565226109314
r_amyg_safety_vs_threat_neg,neg,r_amyg_safety_vs_threat,neg_persist_concat_z_bilateral,146,-0.03700418110213177,0.6574533842532608
l_amyg_safety_vs_threat_neu,neu,l_amyg_safety_vs_threat,neg_persist_crossrun_mean_z_L,148,-0.06684569670411403,0.4195390511812482
l_amyg_safety_vs_threat_neu,neu,l_amyg_safety_vs_threat,neg_persist_crossrun_mean_z_R,148,0.026888255651378583,0.745639105998479
l_amyg_safety_vs_threat_neu,neu,l_amyg_safety_vs_threat,neg_persist_crossrun_mean_z_bilateral,148,-0.03455327591669283,0.6767375941805023
l_amyg_safety_vs_threat_neu,neu,l_amyg_safety_vs_threat,pos_persist_crossrun_mean_z_L,148,0.016733558761412068,0.8400257209629928
l_amyg_safety_vs_threat_neu,neu,l_amyg_safety_vs_threat,pos_persist_crossrun_mean_z_R,148,-0.12149659097912649,0.1412931595927505
l_amyg_safety_vs_threat_neu,neu,l_amyg_safety_vs_threat,pos_persist_crossrun_mean_z_bilateral,148,-0.048483135304727115,0.5584361014300294
l_amyg_safety_vs_threat_neu,neu,l_amyg_safety_vs_threat,neg_persist_concat_z_L,146,-0.08459876526094035,0.30998875396497333
l_amyg_safety_vs_threat_neu,neu,l_amyg_safety_vs_threat,neg_persist_concat_z_R,146,0.060893381389418265,0.46531009304621074
l_amyg_safety_vs_threat_neu,neu,l_amyg_safety_vs_threat,neg_persist_concat_z_bilateral,146,-0.013608622463264441,0.8704965796427931
r_amyg_safety_vs_threat_neu,neu,r_amyg_safety_vs_threat,neg_persist_crossrun_mean_z_L,148,-0.09305276250750066,0.2606399718600592
r_amyg_safety_vs_threat_neu,neu,r_amyg_safety_vs_threat,neg_persist_crossrun_mean_z_R,148,-0.13050361383309955,0.11388893268099883
r_amyg_safety_vs_threat_neu,neu,r_amyg_safety_vs_threat,neg_persist_crossrun_mean_z_bilateral,148,-0.18744600436513076,0.022530486621962303
r_amyg_safety_vs_threat_neu,neu,r_amyg_safety_vs_threat,pos_persist_crossrun_mean_z_L,148,0.005978118545377727,0.942513616436527
r_amyg_safety_vs_threat_neu,neu,r_amyg_safety_vs_threat,pos_persist_crossrun_mean_z_R,148,-0.14658784954265713,0.07543442661878483
r_amyg_safety_vs_threat_neu,neu,r_amyg_safety_vs_threat,pos_persist_crossrun_mean_z_bilateral,148,-0.06638546232823991,0.42275479592772086
r_amyg_safety_vs_threat_neu,neu,r_amyg_safety_vs_threat,neg_persist_concat_z_L,146,-0.09609214433286214,0.24859130520884226
r_amyg_safety_vs_threat_neu,neu,r_amyg_safety_vs_threat,neg_persist_concat_z_R,146,0.0223394682736537,0.7889748699439795
r_amyg_safety_vs_threat_neu,neu,r_amyg_safety_vs_threat,neg_persist_concat_z_bilateral,146,-0.04738807634316737,0.5700418959920408
l_amyg_safety_vs_threat_pos,pos,l_amyg_safety_vs_threat,neg_persist_crossrun_mean_z_L,148,-0.002562150641869501,0.9753447686787942
l_amyg_safety_vs_threat_pos,pos,l_amyg_safety_vs_threat,neg_persist_crossrun_mean_z_R,148,-0.12240580251003814,0.1383180085358364
l_amyg_safety_vs_threat_pos,pos,l_amyg_safety_vs_threat,neg_persist_crossrun_mean_z_bilateral,148,-0.05171841908818412,0.5324536256956885
l_amyg_safety_vs_threat_pos,pos,l_amyg_safety_vs_threat,pos_persist_crossrun_mean_z_L,148,-0.023495700879560488,0.7768295495574347
l_amyg_safety_vs_threat_pos,pos,l_amyg_safety_vs_threat,pos_persist_crossrun_mean_z_R,148,-0.1121187687023383,0.17487645252330655
l_amyg_safety_vs_threat_pos,pos,l_amyg_safety_vs_threat,pos_persist_crossrun_mean_z_bilateral,148,-0.05131779759514663,0.5356378556160701
l_amyg_safety_vs_threat_pos,pos,l_amyg_safety_vs_threat,neg_persist_concat_z_L,146,-0.016990585795275057,0.8387066785209341
l_amyg_safety_vs_threat_pos,pos,l_amyg_safety_vs_threat,neg_persist_concat_z_R,146,0.03936077127780305,0.637146047847252
l_amyg_safety_vs_threat_pos,pos,l_amyg_safety_vs_threat,neg_persist_concat_z_bilateral,146,0.01750701941707647,0.8338738011194182
r_amyg_safety_vs_threat_pos,pos,r_amyg_safety_vs_threat,neg_persist_crossrun_mean_z_L,148,-0.09161798254027857,0.26809450999079804
r_amyg_safety_vs_threat_pos,pos,r_amyg_safety_vs_threat,neg_persist_crossrun_mean_z_R,148,-0.004636146322081251,0.9554029648396558
r_amyg_safety_vs_threat_pos,pos,r_amyg_safety_vs_threat,neg_persist_crossrun_mean_z_bilateral,148,-0.08108704400533347,0.3272259875012098
r_amyg_safety_vs_threat_pos,pos,r_amyg_safety_vs_threat,pos_persist_crossrun_mean_z_L,148,0.05949832863592691,0.47255517720900486
r_amyg_safety_vs_threat_pos,pos,r_amyg_safety_vs_threat,pos_persist_crossrun_mean_z_R,148,-0.012166918321495836,0.8833156561232022
r_amyg_safety_vs_threat_pos,pos,r_amyg_safety_vs_threat,pos_persist_crossrun_mean_z_bilateral,148,0.06101997495887049,0.46128493252398384
r_amyg_safety_vs_threat_pos,pos,r_amyg_safety_vs_threat,neg_persist_concat_z_L,146,-0.04735002555543072,0.5703519697701146
r_amyg_safety_vs_threat_pos,pos,r_amyg_safety_vs_threat,neg_persist_concat_z_R,146,0.0104109348117822,0.9007468900852303
r_amyg_safety_vs_threat_pos,pos,r_amyg_safety_vs_threat,neg_persist_concat_z_bilateral,146,-0.03388830564372862,0.6846904543762882
l_amyg_safety_vs_threat_neg_vs_neu,neu,l_amyg_safety_vs_threat_neg_vs,neg_persist_crossrun_mean_z_L,148,0.009091681617757447,0.9126714671085968
l_amyg_safety_vs_threat_neg_vs_neu,neu,l_amyg_safety_vs_threat_neg_vs,neg_persist_crossrun_mean_z_R,148,-0.09253546988880906,0.26331108409231374
l_amyg_safety_vs_threat_neg_vs_neu,neu,l_amyg_safety_vs_threat_neg_vs,neg_persist_crossrun_mean_z_bilateral,148,-0.03957312466465508,0.6329826502455838
l_amyg_safety_vs_threat_neg_vs_neu,neu,l_amyg_safety_vs_threat_neg_vs,pos_persist_crossrun_mean_z_L,148,-0.1501883431302188,0.06845853135808318
l_amyg_safety_vs_threat_neg_vs_neu,neu,l_amyg_safety_vs_threat_neg_vs,pos_persist_crossrun_mean_z_R,148,0.07517292329810202,0.3638520227268085
l_amyg_safety_vs_threat_neg_vs_neu,neu,l_amyg_safety_vs_threat_neg_vs,pos_persist_crossrun_mean_z_bilateral,148,-0.07909470891626097,0.3392905191735154
l_amyg_safety_vs_threat_neg_vs_neu,neu,l_amyg_safety_vs_threat_neg_vs,neg_persist_concat_z_L,146,0.045754949759489044,0.5834211456243026
l_amyg_safety_vs_threat_neg_vs_neu,neu,l_amyg_safety_vs_threat_neg_vs,neg_persist_concat_z_R,146,-0.10535656691734625,0.20565225932524567
l_amyg_safety_vs_threat_neg_vs_neu,neu,l_amyg_safety_vs_threat_neg_vs,neg_persist_concat_z_bilateral,146,-0.043442253957304715,0.6026115053937388
r_amyg_safety_vs_threat_neg_vs_neu,neu,r_amyg_safety_vs_threat_neg_vs,neg_persist_crossrun_mean_z_L,148,0.09818037589731181,0.23516491686080024
r_amyg_safety_vs_threat_neg_vs_neu,neu,r_amyg_safety_vs_threat_neg_vs,neg_persist_crossrun_mean_z_R,148,0.09116368713120321,0.27048477041049535
r_amyg_safety_vs_threat_neg_vs_neu,neu,r_amyg_safety_vs_threat_neg_vs,neg_persist_crossrun_mean_z_bilateral,148,0.1448460694280162,0.0790094598204434
r_amyg_safety_vs_threat_neg_vs_neu,neu,r_amyg_safety_vs_threat_neg_vs,pos_persist_crossrun_mean_z_L,148,-0.09494664659274844,0.2510192444262162
r_amyg_safety_vs_threat_neg_vs_neu,neu,r_amyg_safety_vs_threat_neg_vs,pos_persist_crossrun_mean_z_R,148,0.17545020073445258,0.032931329832094826
r_amyg_safety_vs_threat_neg_vs_neu,neu,r_amyg_safety_vs_threat_neg_vs,pos_persist_crossrun_mean_z_bilateral,148,0.026268618527447808,0.7513068807494571
r_amyg_safety_vs_threat_neg_vs_neu,neu,r_amyg_safety_vs_threat_neg_vs,neg_persist_concat_z_L,146,0.02143578614465058,0.7973233132292664
r_amyg_safety_vs_threat_neg_vs_neu,neu,r_amyg_safety_vs_threat_neg_vs,neg_persist_concat_z_R,146,-0.0010651643530963295,0.9898194253539032
r_amyg_safety_vs_threat_neg_vs_neu,neu,r_amyg_safety_vs_threat_neg_vs,neg_persist_concat_z_bilateral,146,0.009977035139040361,0.9048636138650907
l_amyg_safety_vs_threat_neg_vs_pos,pos,l_amyg_safety_vs_threat_neg_vs,neg_persist_crossrun_mean_z_L,148,-0.04996780524561632,0.5464373194383775
l_amyg_safety_vs_threat_neg_vs_pos,pos,l_amyg_safety_vs_threat_neg_vs,neg_persist_crossrun_mean_z_R,148,0.047218129336989684,0.5687585788809807
l_amyg_safety_vs_threat_neg_vs_pos,pos,l_amyg_safety_vs_threat_neg_vs,neg_persist_crossrun_mean_z_bilateral,148,-0.023050042111274843,0.7809546449820525
l_amyg_safety_vs_threat_neg_vs_pos,pos,l_amyg_safety_vs_threat_neg_vs,pos_persist_crossrun_mean_z_L,148,-0.11771167363459856,0.15420322833121525
l_amyg_safety_vs_threat_neg_vs_pos,pos,l_amyg_safety_vs_threat_neg_vs,pos_persist_crossrun_mean_z_R,148,0.07401391857444951,0.37131623613379316
l_amyg_safety_vs_threat_neg_vs_pos,pos,l_amyg_safety_vs_threat_neg_vs,pos_persist_crossrun_mean_z_bilateral,148,-0.07736618898607725,0.3499832994686503
l_amyg_safety_vs_threat_neg_vs_pos,pos,l_amyg_safety_vs_threat_neg_vs,neg_persist_concat_z_L,146,-0.014218487321348144,0.8647470781171077
l_amyg_safety_vs_threat_neg_vs_pos,pos,l_amyg_safety_vs_threat_neg_vs,neg_persist_concat_z_R,146,-0.09068333732351644,0.27634924884712214
l_amyg_safety_vs_threat_neg_vs_pos,pos,l_amyg_safety_vs_threat_neg_vs,neg_persist_concat_z_bilateral,146,-0.07424368892139903,0.37313904576357154
r_amyg_safety_vs_threat_neg_vs_pos,pos,r_amyg_safety_vs_threat_neg_vs,neg_persist_crossrun_mean_z_L,148,0.08951948775099958,0.27925628452984996
r_amyg_safety_vs_threat_neg_vs_pos,pos,r_amyg_safety_vs_threat_neg_vs,neg_persist_crossrun_mean_z_R,148,-0.018860722695259992,0.8200152727192859
r_amyg_safety_vs_threat_neg_vs_pos,pos,r_amyg_safety_vs_threat_neg_vs,neg_persist_crossrun_mean_z_bilateral,148,0.04592185902681788,0.5794288684104499
r_amyg_safety_vs_threat_neg_vs_pos,pos,r_amyg_safety_vs_threat_neg_vs,pos_persist_crossrun_mean_z_L,148,-0.13534729703207857,0.1009706492506294
r_amyg_safety_vs_threat_neg_vs_pos,pos,r_amyg_safety_vs_threat_neg_vs,pos_persist_crossrun_mean_z_R,148,0.05591471491409933,0.499680495663089
r_amyg_safety_vs_threat_neg_vs_pos,pos,r_amyg_safety_vs_threat_neg_vs,pos_persist_crossrun_mean_z_bilateral,148,-0.07986097929317983,0.33461737465997715
r_amyg_safety_vs_threat_neg_vs_pos,pos,r_amyg_safety_vs_threat_neg_vs,neg_persist_concat_z_L,146,-0.023776698412144436,0.7757469909082875
r_amyg_safety_vs_threat_neg_vs_pos,pos,r_amyg_safety_vs_threat_neg_vs,neg_persist_concat_z_R,146,0.009872311215648452,0.9058575897435421
r_amyg_safety_vs_threat_neg_vs_pos,pos,r_amyg_safety_vs_threat_neg_vs,neg_persist_concat_z_bilateral,146,-0.0038318001095452303,0.9633883516156223
