persistence_var,affect_var,moderator,n,n_groups,beta_interaction,se_interaction,z_interaction,p_interaction,beta_persistence,p_persistence,p_persistence_one_tailed,beta_moderator,p_moderator,group_var,log_likelihood,converged,optimizer,tier
neg_persist_crossrun_mean_z_L,PA_score,C5SER,94,10,-0.09605074184215959,0.48434218110294464,-0.19831174237897825,0.8428011650470615,-1.1452944297526841,0.08868406613305017,0.04434203306652509,-6.096859066950076e-05,0.9967840309498754,0.3489709845038251,-97.72386614365061,True,lbfgs,primary
neg_persist_crossrun_mean_z_L,NA_score,C5SER,94,10,-0.023782969221782056,0.1518048375680514,-0.1566680588233598,0.8755064615328936,0.26134860603664034,0.2469798718130901,0.12348993590654506,0.0016619316911916059,0.7250251834775279,0.0263644579335868,1.358559248313128,True,lbfgs,primary
neg_persist_crossrun_mean_z_L,NA_score_log,C5SER,94,10,-0.633977813398706,1.1174176315272757,-0.5673597726681574,0.5704697747089524,0.6934495630132088,0.6900053060386879,0.34500265301934396,0.033373963355736225,0.33412496167910455,0.010846480582175992,-167.37289363441624,True,powell,sensitivity
neg_persist_crossrun_mean_z_L,C5SPGP,C5SER,152,10,-0.019589416140772937,0.3749594463422526,-0.05224409287955973,0.9583341998465233,-0.7688236396666459,0.08065704600424094,0.04032852300212047,0.0008619692928552482,0.9201256926967164,0.017529776679652102,-149.31038224200063,True,powell,sensitivity
neg_persist_crossrun_mean_z_L,C5SPGN,C5SER,152,10,-0.3614375046309325,0.25033802476306355,-1.4437978608044897,0.14879584392868295,-0.38498531896077015,0.21540280048819738,0.10770140024409869,0.0021800792703689027,0.7052989645925158,3.75518822636245e-08,-92.6605185873384,True,lbfgs,sensitivity
neg_persist_crossrun_mean_z_L,C5SPGN_log,C5SER,152,10,-0.16757138754193415,0.11332664284715442,-1.4786583572226748,0.13923164729076243,-0.17270260401343582,0.2083811569007279,0.10419057845036395,0.0007610434339849581,0.7705389650680848,5.695986036852144e-08,19.90876043549406,True,lbfgs,sensitivity
neg_persist_crossrun_mean_z_R,PA_score,C5SER,94,10,0.33722523259167025,0.4638857868752246,0.7269574583503604,0.4672520168303361,0.2177378040087831,0.7299112791222839,0.36495563956114196,-0.027823247184891355,0.42914009251137164,0.3812380477281437,-99.72108222796032,True,lbfgs,secondary
neg_persist_crossrun_mean_z_R,NA_score,C5SER,94,10,-0.1855260661061936,0.14937447432216647,-1.2420198762076071,0.21422922865990035,-0.2835962905873553,0.19618495490476184,0.09809247745238092,0.014969700172913969,0.18709344643343184,0.028048983373831195,0.9174834306969331,True,lbfgs,secondary
neg_persist_crossrun_mean_z_R,NA_score_log,C5SER,94,10,-2.3979810487030897,1.1648229613521222,-2.058665675614363,0.03952627653133041,-2.4076930097379754,0.17569616981212055,0.08784808490606028,0.19531373354393144,0.02721166326665123,0.015505130783757023,-165.91750863877968,True,powell,sensitivity
neg_persist_crossrun_mean_z_R,C5SPGP,C5SER,152,10,-0.9423246999569096,0.4002331495148494,-2.354439408877469,0.01855066774199914,-1.260382876957526,0.010183800444801275,0.005091900222400638,0.0635050114116442,0.020123795573363634,0.06506158509172295,-147.0107673493482,True,powell,sensitivity
neg_persist_crossrun_mean_z_R,C5SPGN,C5SER,152,10,0.23586712434153176,0.2738609690110387,0.8612659379439519,0.38909159122452863,0.25246227868552196,0.4568114289329901,0.22840571446649505,-0.018762048341613918,0.31504724891543856,0.00014717281379797683,-93.3816216899047,True,powell,sensitivity
neg_persist_crossrun_mean_z_R,C5SPGN_log,C5SER,152,10,0.09329123363726569,0.1238234391929184,0.7534214381811575,0.45119670418019164,0.06700007643695842,0.662753122823966,0.331376561411983,-0.007851247079543508,0.352480483502133,0.0005014538723963387,19.005887634117585,True,powell,sensitivity
neg_persist_crossrun_mean_z_bilateral,PA_score,C5SER,94,10,0.35372979543109795,0.6707216650085803,0.5273868638589045,0.5979249638315107,-0.7968490039619135,0.35839318618429716,0.17919659309214858,-0.014400974326555037,0.538995628075173,0.3678287811281324,-97.79225026150465,True,lbfgs,sensitivity
neg_persist_crossrun_mean_z_bilateral,NA_score,C5SER,94,10,-0.14199359945124093,0.20933713204536744,-0.678301064239612,0.4975808240429863,-0.0182309164047625,0.9490101374225391,0.4745050687112696,0.005795779840566098,0.4296125824684468,0.02924003692634754,0.8007868466046943,True,lbfgs,sensitivity
neg_persist_crossrun_mean_z_bilateral,NA_score_log,C5SER,94,10,-2.1459897893173894,1.4969049647126873,-1.4336179249223655,0.151681325415498,-0.8757293619364122,0.6994465966677025,0.34972329833385124,0.08759496258991893,0.09434032791593493,0.038623526244929166,-166.23837462321552,True,powell,sensitivity
neg_persist_crossrun_mean_z_bilateral,C5SPGP,C5SER,152,10,-0.36066804683956954,0.5015443484482217,-0.7191149655169609,0.4720700871041674,-1.6605531879743511,0.004394332893511764,0.002197166446755882,0.009184667584089728,0.4904636397049015,0.011674028263657807,-146.4098140457707,True,powell,sensitivity
neg_persist_crossrun_mean_z_bilateral,C5SPGN,C5SER,152,10,-0.09726625943085795,0.34597876890332563,-0.2811336075308031,0.778607925125372,-0.28888341797367534,0.49408051830449984,0.24704025915224992,-0.0007538556306880837,0.9345682410065423,1.8071558628860367e-11,-93.1226560529908,True,powell,sensitivity
neg_persist_crossrun_mean_z_bilateral,C5SPGN_log,C5SER,152,10,-0.04922272291776163,0.15619979622398966,-0.31512667818834095,0.7526654734152061,-0.15611948789567454,0.4015216635382812,0.2007608317691406,-0.0004969511924629747,0.9045923667473051,3.6193367183087485e-12,19.530738085200085,True,powell,sensitivity
pos_persist_crossrun_mean_z_L,PA_score,C5SER,94,10,-0.16200995922326375,0.4055400364935893,-0.3994918988123748,0.6895307917871851,-0.4195263349839375,0.4118690765580224,0.2059345382790112,0.002756528071639949,0.858858629673096,0.37759660339969087,-100.11185097322712,True,lbfgs,sensitivity
pos_persist_crossrun_mean_z_L,NA_score,C5SER,94,10,-0.011415015403108412,0.12612071854964624,-0.09050864548170964,0.927883024051535,0.07410531028616481,0.6816189706994356,0.3408094853497178,0.0014168599049051783,0.7692121861166092,0.028051527822026304,-0.3569673989240414,True,lbfgs,sensitivity
pos_persist_crossrun_mean_z_L,NA_score_log,C5SER,94,10,-0.8055247441968816,0.9161099867378906,-0.8792882468896732,0.3792450068464098,-1.232181126042396,0.382943970166023,0.1914719850830115,0.043584550357294354,0.2104599225071373,1.9501035566702197e-10,-168.01470671481644,True,powell,sensitivity
pos_persist_crossrun_mean_z_L,C5SPGP,C5SER,152,10,-0.5619726552362914,0.3492803849067962,-1.6089442165103292,0.10762853985643722,-0.4842396423410502,0.2800119531825932,0.1400059765912966,0.017616133580947164,0.16040514907712622,0.05087574403476177,-149.9027667942642,True,lbfgs,sensitivity
pos_persist_crossrun_mean_z_L,C5SPGN,C5SER,152,10,0.01459621214045022,0.244603575577739,0.05967293039758246,0.9524161317169231,-0.3317210117916969,0.26770778238901993,0.13385389119450997,-0.003382120943913578,0.6972985141307981,1.780381453835461e-11,-93.2074397840405,True,powell,sensitivity
pos_persist_crossrun_mean_z_L,C5SPGN_log,C5SER,152,10,0.004615483054053091,0.1087998814068569,0.04242176548698158,0.9661624776159712,-0.18716754886768966,0.16340308508782941,0.08170154254391471,-0.0017393291690126682,0.6538315405109687,3.686972840507187e-12,19.799194110424423,True,powell,sensitivity
pos_persist_crossrun_mean_z_R,PA_score,C5SER,94,10,-0.4524149221387566,0.3109394452624193,-1.4549936620519093,0.14567101612454852,0.5534791213684042,0.29366672082953116,0.14683336041476558,0.056661353024703646,0.1775711463369981,0.3268465912634436,-97.40510860036429,True,lbfgs,sensitivity
pos_persist_crossrun_mean_z_R,NA_score,C5SER,94,10,-0.1372224493070576,0.09948643274660234,-1.379308168145611,0.16779975918738377,-0.25293787446747984,0.12997670919822682,0.06498835459911341,0.019488076473198505,0.1473596579593374,0.028184549118041014,0.7009319886288949,True,lbfgs,sensitivity
pos_persist_crossrun_mean_z_R,NA_score_log,C5SER,94,10,-0.8978394829958548,0.7349791887779685,-1.2215849056742274,0.22186463958352654,-1.3253777177144483,0.3226383626022761,0.16131918130113804,0.13652083275758226,0.1703627786825609,1.9496825656831935e-10,-167.8513032240907,True,powell,sensitivity
pos_persist_crossrun_mean_z_R,C5SPGP,C5SER,152,10,-1.1803012512754603,0.27879561447822204,-4.233571799486318,2.3000870247162496e-05,-0.7323890982426963,0.08675031474225457,0.043375157371127286,0.16695721809815792,2.899349524923845e-05,0.16472414067968932,-142.70003259972623,True,powell,sensitivity
pos_persist_crossrun_mean_z_R,C5SPGN,C5SER,152,10,0.15973375259598754,0.1809861042253531,0.882574677650924,0.37746611515192474,-0.03370182096347102,0.9103686986074021,0.45518434930370105,-0.025359792097495663,0.3264036687878179,0.002310988869988163,-93.79211468768233,True,powell,sensitivity
pos_persist_crossrun_mean_z_R,C5SPGN_log,C5SER,152,10,0.08362311274712915,0.08137231590680546,1.0276604741457953,0.3041095666927236,-0.03145236894800757,0.8157693902486832,0.4078846951243416,-0.013325180301809007,0.2514208367977524,0.0009245056029813963,18.994531435095723,True,powell,sensitivity
pos_persist_crossrun_mean_z_bilateral,PA_score,C5SER,94,10,-0.504410964385731,0.42651215321464697,-1.182641480632981,0.2369512655832764,-0.09061751669194312,0.8827826612158877,0.44139133060794383,0.04255081926748175,0.27699741594071436,0.3445284367003756,-99.37966933917116,True,lbfgs,sensitivity
pos_persist_crossrun_mean_z_bilateral,NA_score,C5SER,94,10,-0.1264064526121189,0.1343697151210958,-0.9407361807547163,0.3468400728768791,-0.12206673146219489,0.5295921118605114,0.2647960559302557,0.012522920570364146,0.31114842343201465,0.029665516727350596,0.19920426088947352,True,lbfgs,sensitivity
pos_persist_crossrun_mean_z_bilateral,NA_score_log,C5SER,94,10,-1.2994801546696888,0.9652930190814678,-1.346202789186458,0.17823712581224527,-2.058079110744627,0.2259530314037851,0.11297651570189254,0.13447116755192645,0.13048804209234346,8.024136552175407e-10,-167.07014214697267,True,powell,sensitivity
pos_persist_crossrun_mean_z_bilateral,C5SPGP,C5SER,152,10,-1.3644763441837793,0.3537648937235936,-3.8570145551239543,0.00011478033010843677,-1.1015642586476195,0.04502405499101409,0.022512027495507046,0.12538523519250563,0.00014050384185355694,0.09464241614412777,-143.90145599570525,True,powell,sensitivity
pos_persist_crossrun_mean_z_bilateral,C5SPGN,C5SER,152,10,0.17231773118003352,0.257030100557218,0.6704184871984421,0.5025910527706895,-0.3817337122259812,0.3264464377847679,0.16322321889238395,-0.018389147781240102,0.4416616485277407,0.001961941320321145,-92.50998413701137,True,powell,sensitivity
pos_persist_crossrun_mean_z_bilateral,C5SPGN_log,C5SER,152,10,0.09212567160202047,0.11442873416403508,0.8050921149748727,0.42076652561528527,-0.22004974371304595,0.20770044085058204,0.10385022042529102,-0.009850092155600404,0.3546459122614709,0.0010744536526507897,20.6815383753991,True,powell,sensitivity
neg_persist_concat_z_L,PA_score,C5SER,95,10,0.1595265607632115,0.16588587135684205,0.961664543570737,0.3362181383665267,-0.03624801531576667,0.8794385028681563,0.43971925143407814,-0.03761739104436701,0.30618532495963224,0.35390909624976974,-103.1343463635352,True,lbfgs,sensitivity
neg_persist_concat_z_L,NA_score,C5SER,95,10,-0.06173477994285163,0.050141887463526984,-1.2312017569693057,0.2182474144615848,-0.010132867996123571,0.8920198466369251,0.44600992331846256,0.014410796719924193,0.19520214353616672,0.029312256299346372,-0.6672876652727666,True,lbfgs,sensitivity
neg_persist_concat_z_L,NA_score_log,C5SER,95,10,-0.4803003881604306,0.3877546730043379,-1.2386707926407308,0.21546743938136015,-0.33509518495796864,0.606823646297993,0.3034118231489965,0.12021962581220519,0.1620633975062168,1.9856235425611534e-10,-172.2431304439851,True,powell,sensitivity
neg_persist_concat_z_L,C5SPGP,C5SER,150,10,0.015383433275219049,0.12741068327583052,0.12073895908646498,0.9038977998224413,-0.16330748822775037,0.34888073842360434,0.17444036921180217,-0.0021565337465669697,0.9343670276034708,0.057774058083489434,-149.0116429185291,True,powell,sensitivity
neg_persist_concat_z_L,C5SPGN,C5SER,150,10,-0.04240367867853322,0.08760380004937446,-0.4840392614776305,0.6283580056942382,-0.08043597456588575,0.5341198830005789,0.26705994150028944,0.005424855021060005,0.7631865111328495,7.224759308264174e-10,-93.72878363733395,True,lbfgs,sensitivity
neg_persist_concat_z_L,C5SPGN_log,C5SER,150,10,-0.01896490966513913,0.0393026176485251,-0.48253553579403435,0.629425560748608,-0.04075157513104283,0.4698541140715081,0.23492705703575406,0.00213667478188692,0.7913353801196692,3.554992930620141e-12,17.44297347265666,True,powell,sensitivity
neg_persist_concat_z_R,PA_score,C5SER,95,10,0.25585273829836225,0.2074310440010414,1.2334351375924124,0.2174134622767382,0.16215771655405056,0.3853143688466836,0.1926571844233418,-0.0012004643857700646,0.8734665560647439,0.3865236513792377,-103.31979265220883,True,lbfgs,sensitivity
neg_persist_concat_z_R,NA_score,C5SER,95,10,0.027616877294320444,0.059542812189442844,0.4638154678763563,0.6427799603178013,0.07975028326409311,0.22655925673376032,0.11327962836688016,0.0012867395063998629,0.5592040117918141,0.029489552006410156,-0.9154428153001106,True,lbfgs,sensitivity
neg_persist_concat_z_R,NA_score_log,C5SER,95,10,-0.23074220203845608,0.5317864827006168,-0.4339000887473826,0.6643609953089277,0.3324407351001662,0.6279032714584425,0.31395163572922125,0.013598141996128098,0.39713621831219925,2.0055898196451922e-10,-172.11318800631895,True,powell,sensitivity
neg_persist_concat_z_R,C5SPGP,C5SER,150,10,-0.1275120272346657,0.18555821158944819,-0.6871807296612074,0.4919688462465829,0.026084045974078086,0.8962404883632044,0.4481202441816022,-0.0003459689368018968,0.9594279997235662,0.05877703841043952,-148.7607436864849,True,powell,sensitivity
neg_persist_concat_z_R,C5SPGN,C5SER,150,10,-0.025847659113875703,0.12621793998942155,-0.2047859370549228,0.8377393747725378,0.11261879248694676,0.41623347187503523,0.20811673593751762,-0.0033494264662736702,0.46146762873981184,1.733883895092373e-11,-92.91925188619979,True,powell,sensitivity
neg_persist_concat_z_R,C5SPGN_log,C5SER,150,10,-0.012325985484363358,0.05712987343326156,-0.21575376845114888,0.8291796869422179,0.043355383976960614,0.4869078116678499,0.24345390583392496,-0.0018025868687424735,0.3811555759146287,3.5474773464584252e-12,18.07245861189,True,powell,sensitivity
neg_persist_concat_z_bilateral,PA_score,C5SER,95,10,0.35502026169803735,0.19603260169445777,1.811026628373695,0.0701367298218611,0.12082667651368094,0.5626547978978911,0.28132739894894554,-0.05233949668806899,0.062086204111001464,0.3772524191325285,-102.28616958201354,True,lbfgs,sensitivity
neg_persist_concat_z_bilateral,NA_score,C5SER,95,10,-0.05774785019345945,0.061322353676192744,-0.9417096169920656,0.3463413299958491,0.03516953567918312,0.6202777715095853,0.31013888575479265,0.008976344403326246,0.3066718288816259,0.03005487086880933,-0.34458614716407965,True,lbfgs,sensitivity
neg_persist_concat_z_bilateral,NA_score_log,C5SER,95,10,-0.9242271029477575,0.5416653069240477,-1.7062697040653418,0.08795787603460559,-0.24588202586906246,0.7339568245619903,0.36697841228099515,0.1436914559548214,0.06160014607747184,1.943857532322517e-10,-170.7845701798993,True,powell,sensitivity
neg_persist_concat_z_bilateral,C5SPGP,C5SER,150,10,-0.08722480997949329,0.17189247445986375,-0.5074382124847471,0.6118473794920662,-0.12161059426232172,0.5600390537253288,0.2800195268626644,0.012522883924802657,0.6089009268363258,0.05794421520248819,-148.9284948624324,True,powell,sensitivity
neg_persist_concat_z_bilateral,C5SPGN,C5SER,150,10,-0.038031498506997136,0.11767182036843238,-0.32319971245383894,0.7465439986595662,0.025983709594818213,0.8582502834015615,0.42912514170078075,0.0019611877090170795,0.9067277990606436,1.7670691564535155e-11,-93.38001667095881,True,powell,sensitivity
neg_persist_concat_z_bilateral,C5SPGN_log,C5SER,150,10,-0.015846017050435722,0.05313384422068076,-0.2982283191222241,0.7655289091139155,0.006176752148953564,0.9247449279129472,0.4623724639564736,0.00042750030640147904,0.9548904892742855,5.717442436606147e-12,17.702715003331434,True,powell,sensitivity
neg_persist_crossrun_mean_z_L,PA_score,C5SES,94,10,0.3532950927465594,0.466509092391875,0.7573166279249837,0.44886019133517585,-0.6880200200227298,0.311013596729511,0.1555067983647555,-0.013682623499484594,0.3438000438968549,0.36574252669970964,-97.51446264561119,True,lbfgs,primary
neg_persist_crossrun_mean_z_L,NA_score,C5SES,94,10,0.11213948771037875,0.14256724082245537,0.7865726169873098,0.431532094257582,0.40871669938201977,0.07515800272248971,0.037579001361244854,-0.002406178629815441,0.583383878465711,0.024616825814588104,1.5003971635202333,True,lbfgs,primary
neg_persist_crossrun_mean_z_L,NA_score_log,C5SES,94,10,1.3392126221735774,1.0843433366876902,1.235044821010685,0.21681382355427603,2.8798454360945436,0.10320796909815065,0.051603984549075325,-0.02508154284556341,0.44681973989590773,2.0960138819395437e-09,-167.0727457792828,True,lbfgs,sensitivity
neg_persist_crossrun_mean_z_L,C5SPGP,C5SES,152,10,0.16949947073325006,0.3615947049760008,0.4687554004544945,0.6392444824164601,-0.6383507266797873,0.17800583595593544,0.08900291797796772,-0.005563804673665353,0.4974145024829655,0.019526501418572526,-149.13558810721167,True,lbfgs,sensitivity
neg_persist_crossrun_mean_z_L,C5SPGN,C5SES,152,10,0.04001327831417384,0.24621960904977114,0.16251052655227596,0.8709038394733167,-0.18109947484475616,0.5993256653756326,0.2996628326878163,-0.002467546132640652,0.6575952358078434,1.7650599085060723e-11,-93.86419302188995,True,powell,sensitivity
neg_persist_crossrun_mean_z_L,C5SPGN_log,C5SES,152,10,0.05677951069400365,0.1110001909257563,0.5115262435177363,0.6089826168320365,-0.05145079535884019,0.732260221195824,0.366130110597912,-0.0018927609022911633,0.45184691769005325,1.8956764845190234e-08,18.731854802588487,True,lbfgs,sensitivity
neg_persist_crossrun_mean_z_R,PA_score,C5SES,94,10,-0.13152862366995213,0.46315679417471484,-0.2839829304551583,0.7764234618800543,-0.17593952659198994,0.8207227612894249,0.41036138064471245,0.00587347267057837,0.8677701812120794,0.3771192475767743,-99.87319951467245,True,lbfgs,secondary
neg_persist_crossrun_mean_z_R,NA_score,C5SES,94,10,0.08333939490409328,0.14043853667427308,0.5934225525105475,0.5528983995853216,-0.02384134687538843,0.9225847335997978,0.4612923667998989,-0.005455940208861773,0.6097702004425734,0.027692413506100043,0.17340859278994003,True,lbfgs,secondary
neg_persist_crossrun_mean_z_R,NA_score_log,C5SES,94,10,1.8722961609327204,0.9938652415456037,1.8838531449404852,0.05958484256915207,2.2501843149624654,0.20526867598950305,0.10263433799475152,-0.12824162265736788,0.09004612940399756,3.024806653762154e-10,-166.67133340063373,True,powell,sensitivity
neg_persist_crossrun_mean_z_R,C5SPGP,C5SES,152,10,0.0603199277918141,0.3224110271198649,0.18709015113614139,0.8515899500740653,-0.6301555476881394,0.1979664636597419,0.09898323182987095,-0.006602214878750703,0.7659137390557791,0.03351626233135743,-149.87357595670204,True,powell,sensitivity
neg_persist_crossrun_mean_z_R,C5SPGN,C5SES,152,10,0.3567291471633841,0.2172995881063793,1.6416466790022026,0.10066324789055162,0.34780199668416295,0.28992390561300263,0.14496195280650132,-0.025420858007362695,0.08841871744247239,1.7574031618168645e-11,-92.78293281502732,True,powell,sensitivity
neg_persist_crossrun_mean_z_R,C5SPGN_log,C5SES,152,10,0.15078893786376518,0.09804526052627341,1.537952340117021,0.12406026836166358,0.11135895490432789,0.45454532132951697,0.22727266066475849,-0.011019941442830933,0.10184824387092593,3.6067859134569926e-11,19.479375702313973,True,powell,sensitivity
neg_persist_crossrun_mean_z_bilateral,PA_score,C5SES,94,10,0.05019024879604207,0.691616260337479,0.07256950374699314,0.9421486951972262,-1.039964877292714,0.320648112742854,0.160324056371427,-0.005297761517279963,0.8246223638777073,0.36646045768038016,-97.88764560379585,True,lbfgs,sensitivity
neg_persist_crossrun_mean_z_bilateral,NA_score,C5SES,94,10,0.21449759056590126,0.2028916756725353,1.0572025188066254,0.2904191705325292,0.3610112822358338,0.2613906189414543,0.13069530947072716,-0.0064659354640479675,0.35764072151545956,0.02824142899018418,1.0187713629442783,True,lbfgs,sensitivity
neg_persist_crossrun_mean_z_bilateral,NA_score_log,C5SES,94,10,3.019067618788234,1.4498611154030023,2.0823150484652153,0.03731370225422921,4.859936905754581,0.04650496070474877,0.023252480352374386,-0.08878680268071283,0.07700934521627797,1.885757819114954e-10,-165.41865595554276,True,powell,sensitivity
neg_persist_crossrun_mean_z_bilateral,C5SPGP,C5SES,152,10,-0.03223976893749606,0.4817893944967976,-0.06691672607523609,0.946647997401575,-1.5029384590177506,0.022933839752001202,0.011466919876000601,-0.0022188790443225304,0.8604776410661612,0.010512119948021635,-146.63321195164218,True,powell,sensitivity
neg_persist_crossrun_mean_z_bilateral,C5SPGN,C5SES,152,10,0.5031396546942638,0.3280449000578244,1.53375240586144,0.12509057582109173,0.16963670151724278,0.7141403610805148,0.3570701805402574,-0.013192641725228183,0.12499860524718417,1.5153712678502041e-10,-92.18941139868008,True,powell,sensitivity
neg_persist_crossrun_mean_z_bilateral,C5SPGN_log,C5SES,152,10,0.2576788816321941,0.14807753683622674,1.740161858021626,0.08183060096291653,0.07841940522853626,0.7035788289530687,0.35178941447653433,-0.006888654110562585,0.07595034119210435,7.873795374534944e-12,20.745691354526343,True,powell,sensitivity
pos_persist_crossrun_mean_z_L,PA_score,C5SES,94,10,0.1553457134473631,0.3348696338266506,0.4638990752078157,0.6427200554315019,-0.09870310648670926,0.8647677625670703,0.43238388128353517,-0.009065297542205909,0.49555164975792654,0.37875218370594954,-100.18546405117198,True,lbfgs,sensitivity
pos_persist_crossrun_mean_z_L,NA_score,C5SES,94,10,0.038592440602162055,0.10843012329140422,0.35591991810657164,0.7219005387937503,0.1284582733705085,0.47922759097008005,0.23961379548504003,-0.0006815056602023417,0.8713387385219958,0.027590965488638847,-0.5225421567369892,True,lbfgs,sensitivity
pos_persist_crossrun_mean_z_L,NA_score_log,C5SES,94,10,0.48558625255188453,0.8605135768251995,0.5642981884648686,0.572551214080017,0.06383695928048942,0.963015736587668,0.481507868293834,-0.004579481488501286,0.8882830260292556,1.963280245353552e-10,-168.59351230017734,True,powell,sensitivity
pos_persist_crossrun_mean_z_L,C5SPGP,C5SES,152,10,0.6183788896417782,0.32748760862197873,1.8882512600822627,0.05899222717960021,0.27713776614309055,0.5270899174895393,0.26354495874476963,-0.021290952514079885,0.06729058289649958,0.051753864902184546,-149.39282099262198,True,lbfgs,sensitivity
pos_persist_crossrun_mean_z_L,C5SPGN,C5SES,152,10,-0.026295942322566906,0.22043852296915353,-0.11928923297243539,0.9050462134332127,-0.3582038417247139,0.21800158524915092,0.10900079262457546,-0.0009643703938896067,0.9019435629579856,1.7890759698800557e-11,-93.42886594706408,True,powell,sensitivity
pos_persist_crossrun_mean_z_L,C5SPGN_log,C5SES,152,10,-0.01387346405351236,0.0994471621077237,-0.13950588191228896,0.8890504082974796,-0.19906828410863214,0.1293270162678074,0.0646635081339037,-0.0006076217743848356,0.8634018746885814,3.5710443782053655e-12,19.537271327263284,True,powell,sensitivity
pos_persist_crossrun_mean_z_R,PA_score,C5SES,94,10,0.4451990518718106,0.291728520889155,1.5260731124776385,0.12699165735338677,1.2877313764889526,0.011216489881789799,0.005608244940894899,-0.06398882335201932,0.10231655059213787,0.32423448871631283,-97.23641749812668,True,lbfgs,sensitivity
pos_persist_crossrun_mean_z_R,NA_score,C5SES,94,10,-0.10447653534909854,0.0924372672414581,-1.130242579285607,0.2583740225879373,-0.22231984779240732,0.16511526134044074,0.08255763067022037,0.014644157397160093,0.23805996624833625,0.025726089402682697,0.2446836961050849,True,lbfgs,sensitivity
pos_persist_crossrun_mean_z_R,NA_score_log,C5SES,94,10,0.15939910185687023,0.6943954684811937,0.22955089583967703,0.8184407673367585,-0.2783775866329326,0.8165189855547563,0.40825949277737816,-0.009255863995832067,0.9209117987931803,4.194773733186242e-09,-168.9124118888139,True,powell,sensitivity
pos_persist_crossrun_mean_z_R,C5SPGP,C5SES,152,10,0.31136965127429406,0.24522170066333673,1.2697475404176053,0.2041745726084233,0.19892316479734443,0.6324844860964213,0.31624224304821064,-0.046664411308154984,0.17917191958694123,0.019089624363858054,-150.57732637339825,True,powell,sensitivity
pos_persist_crossrun_mean_z_R,C5SPGN,C5SES,152,10,-0.025671435200412387,0.1642224852330492,-0.15632107359708927,0.8757799462034906,-0.1491457873969299,0.5929037605991211,0.29645188029956054,0.0018024271403686868,0.938206743429507,2.8388867150557616e-07,-94.4105857400661,True,lbfgs,sensitivity
pos_persist_crossrun_mean_z_R,C5SPGN_log,C5SES,152,10,-0.013835541115840752,0.07415472511996356,-0.18657666242384893,0.8519925661018202,-0.09182529840986497,0.4668565477794653,0.23342827388973264,0.0009013046354602314,0.9315935719274138,8.11314561341996e-05,18.210355595533088,True,powell,sensitivity
pos_persist_crossrun_mean_z_bilateral,PA_score,C5SES,94,10,0.5277104174742403,0.3682305610236039,1.433097828728055,0.15182988186855056,0.7068038235555045,0.27857613191337693,0.13928806595668847,-0.05143382575930298,0.12742328394720914,0.35489562010783965,-99.10729132696756,True,lbfgs,sensitivity
pos_persist_crossrun_mean_z_bilateral,NA_score,C5SES,94,10,-0.04625680879061429,0.12009427971770385,-0.38517079164258716,0.700110881964854,-0.07212813839923948,0.7214057784938125,0.36070288924690624,0.004827618742993546,0.6599526575522184,0.027579474219174865,-0.3468105133457584,True,lbfgs,sensitivity
pos_persist_crossrun_mean_z_bilateral,NA_score_log,C5SES,94,10,0.6436528407806549,0.9519476002378088,0.6761431413030109,0.4989497682757186,-0.36087504888645155,0.8187150316563105,0.40935751582815527,-0.045546055758047765,0.5994752979124109,1.9546433780342523e-10,-168.05349315181212,True,powell,sensitivity
pos_persist_crossrun_mean_z_bilateral,C5SPGP,C5SES,152,10,0.7047749353475665,0.34914751971549024,2.0185591921771815,0.04353305607194139,0.09882809595520294,0.8581426687946698,0.4290713343973349,-0.06647355429141096,0.03823866761632108,0.03943107262652676,-148.74636533129018,True,lbfgs,sensitivity
pos_persist_crossrun_mean_z_bilateral,C5SPGN,C5SES,152,10,0.03640515189561686,0.23525010369918267,0.15475084313743215,0.8770177457303896,-0.48621003003770974,0.17929085681849655,0.08964542840924827,-0.004763675521941765,0.8254814942714929,1.9529522368241307e-11,-92.93041809847534,True,powell,sensitivity
pos_persist_crossrun_mean_z_bilateral,C5SPGN_log,C5SES,152,10,0.021467242531570094,0.10601687873745184,0.20248891296576638,0.8395345250654375,-0.27478962937562285,0.09239954338587829,0.046199771692939144,-0.002804345263020519,0.7733299812395247,6.56940596101432e-11,20.142451792911345,True,powell,sensitivity
neg_persist_concat_z_L,PA_score,C5SES,95,10,0.16135941893710593,0.13320232421519373,1.2113859115282648,0.22574753631217237,0.0034720667009124385,0.9884013368557503,0.49420066842787513,-0.03863861052449135,0.19140154367190687,0.35386101707609513,-103.04116740959265,True,lbfgs,sensitivity
neg_persist_concat_z_L,NA_score,C5SES,95,10,-0.025216311344833115,0.04188789582322563,-0.6019951790190282,0.5471773464795902,0.018872538925851813,0.8071040124235941,0.40355200621179704,0.006035760127712416,0.5161132263892867,0.028761752063117256,-1.500971634895052,True,lbfgs,sensitivity
neg_persist_concat_z_L,NA_score_log,C5SES,95,10,0.05438829435351034,0.34945769452940834,0.1556362764504341,0.8763197288828344,0.2316187753583966,0.7349879157272365,0.36749395786361827,-0.001288220599711621,0.9867257095616834,4.571643442355925e-10,-173.3972572455452,True,powell,sensitivity
neg_persist_concat_z_L,C5SPGP,C5SES,150,10,0.1019308705860098,0.113982903534429,0.8942645556947159,0.3711803593930587,-0.10825732847866697,0.5254252728327089,0.26271263641635445,-0.022688231883045484,0.3309525461209174,0.06269623280695794,-148.67877630941075,True,powell,sensitivity
neg_persist_concat_z_L,C5SPGN,C5SES,150,10,-0.054355959210174734,0.07733250309417805,-0.7028863289731908,0.482126591517956,-0.08907085467938379,0.4672944127333142,0.2336472063666571,0.008834842132278463,0.5764661973748919,9.732186136279264e-09,-93.87105189628966,True,lbfgs,sensitivity
neg_persist_concat_z_L,C5SPGN_log,C5SES,150,10,-0.02230451389420993,0.034972752747045664,-0.6377683236871914,0.5236245023008022,-0.043669486367899184,0.42190262841502113,0.21095131420751057,0.003313798579319652,0.6431756743493964,3.563373007975787e-12,17.216748571897483,True,powell,sensitivity
neg_persist_concat_z_R,PA_score,C5SES,95,10,-0.05597207412430832,0.17824009439677202,-0.3140262818741078,0.7535010776524473,-0.018343998502143164,0.9430416406781373,0.47152082033906867,-0.004653759195727819,0.5208324316752074,0.3339146552150208,-103.98025566022676,True,lbfgs,sensitivity
neg_persist_concat_z_R,NA_score,C5SES,95,10,0.042201665846804806,0.05070985622533929,0.8322182113724271,0.40528578626449474,0.10667541383298688,0.1552631066944791,0.07763155334723955,0.0009811076897460087,0.6493250721190529,0.030095010092770755,-0.8902645449852287,True,lbfgs,sensitivity
neg_persist_concat_z_R,NA_score_log,C5SES,95,10,0.07726118511144826,0.41681809281169063,0.18535948041572464,0.8529470875967818,0.6241509267623997,0.37011965943749225,0.18505982971874613,0.011349429047345068,0.4654150808518762,2.2586683255330499e-10,-172.71671609927412,True,powell,sensitivity
neg_persist_concat_z_R,C5SPGP,C5SES,150,10,-0.03577423069083486,0.15072465362918822,-0.23734823620060447,0.8123866439078221,0.07011747869137752,0.7281592023296359,0.36407960116481797,-0.0031854477048869284,0.6308897896460248,0.06192178359639108,-149.09339860025034,True,powell,sensitivity
neg_persist_concat_z_R,C5SPGN,C5SES,150,10,0.07381384697646974,0.10579200672604282,0.6977261256383653,0.48534848640490735,0.17558775674587984,0.22005245276222973,0.11002622638111487,-0.0016152296780635813,0.7154623459948721,1.8701437377849926e-11,-93.06543350886534,True,powell,sensitivity
neg_persist_concat_z_R,C5SPGN_log,C5SES,150,10,0.033907347692387235,0.04693936681060072,0.7223648292743831,0.4700702044404276,0.07251580615448619,0.25243670193170986,0.12621835096585493,-0.0009677091453659028,0.6294028851053965,9.923954947341079e-09,17.88438042430272,True,lbfgs,sensitivity
neg_persist_concat_z_bilateral,PA_score,C5SES,95,10,0.16156567553064974,0.16895276347169577,0.9562771996784558,0.33893220595012263,0.08761614278463184,0.7459987352594477,0.37299936762972385,-0.026302096858960556,0.28178962062365287,0.3502821473930107,-103.3840682039808,True,lbfgs,sensitivity
neg_persist_concat_z_bilateral,NA_score,C5SES,95,10,0.002241892343043398,0.05165511355806806,0.04340116957681598,0.9653817453939215,0.07524840572795766,0.37371627443188016,0.18685813721594008,0.0002148991303979915,0.9770277646198221,0.02958745713970567,-1.0509048297321328,True,lbfgs,sensitivity
neg_persist_concat_z_bilateral,NA_score_log,C5SES,95,10,0.09688225246652547,0.44938447840393436,0.21558878226194933,0.8293083006457332,0.6175838893518368,0.45265260190133494,0.22632630095066747,-0.003481184452516965,0.9569522539164292,0.0005534778455477204,-172.71081429240857,True,lbfgs,sensitivity
neg_persist_concat_z_bilateral,C5SPGP,C5SES,150,10,0.10729679818346885,0.14830981576481583,0.7234639031149234,0.46939492325583854,0.0010955500134873085,0.995905492872333,0.4979527464361665,-0.01743535254920455,0.4112131382402564,0.0620860163863453,-148.87373536293455,True,powell,sensitivity
neg_persist_concat_z_bilateral,C5SPGN,C5SES,150,10,-0.0379590684249909,0.10039604340031802,-0.37809327080384386,0.7053613070552911,0.017861699104098086,0.9029946427468294,0.4514973213734147,0.003146747475014901,0.8263127328868366,9.900402241978233e-10,-93.69657470598105,True,powell,sensitivity
neg_persist_concat_z_bilateral,C5SPGN_log,C5SES,150,10,-0.014871533983808942,0.045385101664402294,-0.3276743565272962,0.7431578943761694,0.003196092945143457,0.9615148758386955,0.4807574379193478,0.0008790451435371239,0.8921512663678951,1.6226203397665587e-07,17.330206182338657,True,powell,sensitivity
