sample,analyses,age_variable,N,N_age,age_mean,age_SD,age_min,age_max,N_sex_nonmissing,n_male,pct_male_of_nonmissing_sex,n_female,pct_female_of_nonmissing_sex,n_sex_missing,N_race_nonmissing,n_race_missing,n_white,pct_white_of_nonmissing_race,n_black,pct_black_of_nonmissing_race,n_native_american,pct_native_american_of_nonmissing_race,n_asian,pct_asian_of_nonmissing_race,n_pacific_islander,pct_pacific_islander_of_nonmissing_race,n_other,pct_other_of_nonmissing_race
daily_diary,01 primary diary sample,C2PAGE,1174,1174,67.6,10.3,47.0,94.0,1174,501,42.7,673,57.3,0,1168,6,962,82.4,124,10.6,16,1.4,4,0.3,0,0.0,62,5.3
neuroscience_age,neuroscience-visit age availability (broader than the 01 neuro subsample),C5PAGE,231,231,65.1,9.3,48.0,95.0,231,104,45.0,127,55.0,0,231,0,161,69.7,54,23.4,4,1.7,3,1.3,0,0.0,9,3.9
diary_neuroscience_age_overlap,01 neuroscience-age subsample,C5PAGE,137,137,66.4,9.3,48.0,95.0,137,61,44.5,76,55.5,0,137,0,103,75.2,27,19.7,3,2.2,2,1.5,0,0.0,2,1.5
neuroscience_panas,PANAS availability (C5SPGP/C5SPGN),C5PAGE,230,230,65.1,9.3,48.0,95.0,230,103,44.8,127,55.2,0,230,0,161,70.0,53,23.0,4,1.7,3,1.3,0,0.0,9,3.9
diary_panas_overlap,diary + PANAS availability (e.g. 00a diary-PANAS convergence),C5PAGE,136,136,66.5,9.3,48.0,95.0,136,60,44.1,76,55.9,0,136,0,103,75.7,26,19.1,3,2.2,2,1.5,0,0.0,2,1.5
fmri_conservative,03 age -> persistence; 02 and 06 PANAS sensitivity samples,C5PAGE,127,127,65.7,9.5,48.0,95.0,127,51,40.2,76,59.8,0,127,0,96,75.6,24,18.9,1,0.8,2,1.6,0,0.0,4,3.1
fmri_fc_conservative,05 FC -> persistence; 04 and 07 PANAS sensitivity samples,C5PAGE,127,127,65.7,9.5,48.0,95.0,127,51,40.2,76,59.8,0,127,0,96,75.6,24,18.9,1,0.8,2,1.6,0,0.0,4,3.1
diary_fmri_conservative,02 persistence -> affect; 06 persistence x ERQ,C5PAGE,81,81,67.2,9.8,48.0,95.0,81,31,38.3,50,61.7,0,81,0,67,82.7,12,14.8,1,1.2,1,1.2,0,0.0,0,0.0
diary_fmri_fc_conservative,04 FC -> affect; 07 FC x ERQ,C5PAGE,81,81,67.2,9.8,48.0,95.0,81,31,38.3,50,61.7,0,81,0,67,82.7,12,14.8,1,1.2,1,1.2,0,0.0,0,0.0
reappraisal_complete_case,"06 and 07 reappraisal moderation (complete case, C5SER); persistence and FC complete-case samples are the same participants",C5PAGE,80,80,67.1,9.7,48.0,95.0,80,31,38.8,49,61.3,0,80,0,66,82.5,12,15.0,1,1.2,1,1.2,0,0.0,0,0.0
suppression_complete_case,"06 and 07 suppression moderation (complete case, C5SES); persistence and FC complete-case samples are the same participants",C5PAGE,80,80,67.1,9.7,48.0,95.0,80,31,38.8,49,61.3,0,80,0,66,82.5,12,15.0,1,1.2,1,1.2,0,0.0,0,0.0
