fc_var,condition,seed_target,affect_var,n,r,p
l_amyg-ant_vmPFC_neg,neg,l_amyg-ant_vmPFC,PA_score,82,0.1351648525926832,0.2259932517675535
l_amyg-ant_vmPFC_neg,neg,l_amyg-ant_vmPFC,NA_score,82,-0.04500575804852337,0.6880583502246049
l_amyg-ant_vmPFC_neg,neg,l_amyg-ant_vmPFC,NA_score_log,82,-0.04849947304738836,0.6652371538207057
l_amyg-ant_vmPFC_neg,neg,l_amyg-ant_vmPFC,C5SPGP,130,0.11050622286540132,0.2107036029220639
l_amyg-ant_vmPFC_neg,neg,l_amyg-ant_vmPFC,C5SPGN,130,-0.24293763510697614,0.00535256599327213
l_amyg-ant_vmPFC_neg,neg,l_amyg-ant_vmPFC,C5SPGN_log,130,-0.25918040170063605,0.002904911645025132
l_amyg-ant_vmPFC_neu,neu,l_amyg-ant_vmPFC,PA_score,82,-0.025226593992448615,0.8220062181693356
l_amyg-ant_vmPFC_neu,neu,l_amyg-ant_vmPFC,NA_score,82,0.06352206751840117,0.5707419234529044
l_amyg-ant_vmPFC_neu,neu,l_amyg-ant_vmPFC,NA_score_log,82,0.09026673470076976,0.4199547839182057
l_amyg-ant_vmPFC_neu,neu,l_amyg-ant_vmPFC,C5SPGP,130,0.08431962429503036,0.3401817246486468
l_amyg-ant_vmPFC_neu,neu,l_amyg-ant_vmPFC,C5SPGN,130,-0.06258562485244812,0.4793254739402812
l_amyg-ant_vmPFC_neu,neu,l_amyg-ant_vmPFC,C5SPGN_log,130,-0.0698782612125119,0.42952420774054006
l_amyg-ant_vmPFC_pos,pos,l_amyg-ant_vmPFC,PA_score,82,-0.09467390659321945,0.3975248877774568
l_amyg-ant_vmPFC_pos,pos,l_amyg-ant_vmPFC,NA_score,82,0.17818897128728142,0.10923418337994625
l_amyg-ant_vmPFC_pos,pos,l_amyg-ant_vmPFC,NA_score_log,82,0.17019193861873122,0.126346324331948
l_amyg-ant_vmPFC_pos,pos,l_amyg-ant_vmPFC,C5SPGP,130,-0.023971817650437446,0.7866064731041068
l_amyg-ant_vmPFC_pos,pos,l_amyg-ant_vmPFC,C5SPGN,130,0.023084875717046517,0.7943233186372058
l_amyg-ant_vmPFC_pos,pos,l_amyg-ant_vmPFC,C5SPGN_log,130,0.023725935565621636,0.7887437329341407
l_amyg-ant_vmPFC_neg_vs_neu,neg_vs_neu,l_amyg-ant_vmPFC,PA_score,82,0.1406491047017164,0.20754137528564207
l_amyg-ant_vmPFC_neg_vs_neu,neg_vs_neu,l_amyg-ant_vmPFC,NA_score,82,-0.1001323972506413,0.3707498829955558
l_amyg-ant_vmPFC_neg_vs_neu,neg_vs_neu,l_amyg-ant_vmPFC,NA_score_log,82,-0.12899810424927266,0.24807900655290166
l_amyg-ant_vmPFC_neg_vs_neu,neg_vs_neu,l_amyg-ant_vmPFC,C5SPGP,130,0.01830177767085099,0.8362642452651903
l_amyg-ant_vmPFC_neg_vs_neu,neg_vs_neu,l_amyg-ant_vmPFC,C5SPGN,130,-0.15901062942094524,0.07076152145061307
l_amyg-ant_vmPFC_neg_vs_neu,neg_vs_neu,l_amyg-ant_vmPFC,C5SPGN_log,130,-0.16663532174754017,0.05811154769076325
l_amyg-ant_vmPFC_neg_vs_pos,neg_vs_pos,l_amyg-ant_vmPFC,PA_score,82,0.19504943863610186,0.07908144682239678
l_amyg-ant_vmPFC_neg_vs_pos,neg_vs_pos,l_amyg-ant_vmPFC,NA_score,82,-0.1918655911330948,0.08419877798251343
l_amyg-ant_vmPFC_neg_vs_pos,neg_vs_pos,l_amyg-ant_vmPFC,NA_score_log,82,-0.18786912609612116,0.09099049528790334
l_amyg-ant_vmPFC_neg_vs_pos,neg_vs_pos,l_amyg-ant_vmPFC,C5SPGP,130,0.12078543268597888,0.17103610494145313
l_amyg-ant_vmPFC_neg_vs_pos,neg_vs_pos,l_amyg-ant_vmPFC,C5SPGN,130,-0.2387141168400996,0.006235541388993468
l_amyg-ant_vmPFC_neg_vs_pos,neg_vs_pos,l_amyg-ant_vmPFC,C5SPGN_log,130,-0.25385723003417776,0.0035641729138933312
l_amyg-post_vmPFC_neg,neg,l_amyg-post_vmPFC,PA_score,82,0.07859063659934318,0.4827854112828409
l_amyg-post_vmPFC_neg,neg,l_amyg-post_vmPFC,NA_score,82,-0.00933681239325379,0.9336509694380115
l_amyg-post_vmPFC_neg,neg,l_amyg-post_vmPFC,NA_score_log,82,-0.05163810300441914,0.644990971352004
l_amyg-post_vmPFC_neg,neg,l_amyg-post_vmPFC,C5SPGP,130,0.05626047240227968,0.5249221007280901
l_amyg-post_vmPFC_neg,neg,l_amyg-post_vmPFC,C5SPGN,130,-0.18338328544973065,0.03675797846216581
l_amyg-post_vmPFC_neg,neg,l_amyg-post_vmPFC,C5SPGN_log,130,-0.20182991326526384,0.021293452678262055
l_amyg-post_vmPFC_neu,neu,l_amyg-post_vmPFC,PA_score,82,-0.02164125900607336,0.8469715019813371
l_amyg-post_vmPFC_neu,neu,l_amyg-post_vmPFC,NA_score,82,0.17743424180590373,0.11076795306246803
l_amyg-post_vmPFC_neu,neu,l_amyg-post_vmPFC,NA_score_log,82,0.1998181665724647,0.07188426039415025
l_amyg-post_vmPFC_neu,neu,l_amyg-post_vmPFC,C5SPGP,130,-0.06098457866384754,0.4906612589495739
l_amyg-post_vmPFC_neu,neu,l_amyg-post_vmPFC,C5SPGN,130,0.10276087667586849,0.24465872289687565
l_amyg-post_vmPFC_neu,neu,l_amyg-post_vmPFC,C5SPGN_log,130,0.07331846750328154,0.4071033785281804
l_amyg-post_vmPFC_pos,pos,l_amyg-post_vmPFC,PA_score,82,-0.08178286088675944,0.4651268327522279
l_amyg-post_vmPFC_pos,pos,l_amyg-post_vmPFC,NA_score,82,0.2509698683498638,0.02294975950064227
l_amyg-post_vmPFC_pos,pos,l_amyg-post_vmPFC,NA_score_log,82,0.2695182913645858,0.014340518973956884
l_amyg-post_vmPFC_pos,pos,l_amyg-post_vmPFC,C5SPGP,130,0.004187085663935525,0.9622906713788334
l_amyg-post_vmPFC_pos,pos,l_amyg-post_vmPFC,C5SPGN,130,0.10392508193238356,0.23932597005606185
l_amyg-post_vmPFC_pos,pos,l_amyg-post_vmPFC,C5SPGN_log,130,0.10805102634486262,0.22108100665578992
l_amyg-post_vmPFC_neg_vs_neu,neg_vs_neu,l_amyg-post_vmPFC,PA_score,82,0.09120055133693922,0.415142264559446
l_amyg-post_vmPFC_neg_vs_neu,neg_vs_neu,l_amyg-post_vmPFC,NA_score,82,-0.16409067964112284,0.14072460997460542
l_amyg-post_vmPFC_neg_vs_neu,neg_vs_neu,l_amyg-post_vmPFC,NA_score_log,82,-0.22258822169556747,0.04443433865751641
l_amyg-post_vmPFC_neg_vs_neu,neg_vs_neu,l_amyg-post_vmPFC,C5SPGP,130,0.1053628185685556,0.23285279038421536
l_amyg-post_vmPFC_neg_vs_neu,neg_vs_neu,l_amyg-post_vmPFC,C5SPGN,130,-0.2608713880190252,0.002719797190423043
l_amyg-post_vmPFC_neg_vs_neu,neg_vs_neu,l_amyg-post_vmPFC,C5SPGN_log,130,-0.2529086740983566,0.0036948569128958763
l_amyg-post_vmPFC_neg_vs_pos,neg_vs_pos,l_amyg-post_vmPFC,PA_score,82,0.14350451445063994,0.19837055678771776
l_amyg-post_vmPFC_neg_vs_pos,neg_vs_pos,l_amyg-post_vmPFC,NA_score,82,-0.23089468588014334,0.03688520355954499
l_amyg-post_vmPFC_neg_vs_pos,neg_vs_pos,l_amyg-post_vmPFC,NA_score_log,82,-0.2855583651041874,0.009307913772108737
l_amyg-post_vmPFC_neg_vs_pos,neg_vs_pos,l_amyg-post_vmPFC,C5SPGP,130,0.0441621069410742,0.6178457030834219
l_amyg-post_vmPFC_neg_vs_pos,neg_vs_pos,l_amyg-post_vmPFC,C5SPGN,130,-0.24174716885181569,0.005589396354108389
l_amyg-post_vmPFC_neg_vs_pos,neg_vs_pos,l_amyg-post_vmPFC,C5SPGN_log,130,-0.2608009807683626,0.002727287058279903
r_amyg-ant_vmPFC_neg,neg,r_amyg-ant_vmPFC,PA_score,82,-5.619060849615387e-06,0.9999600247070527
r_amyg-ant_vmPFC_neg,neg,r_amyg-ant_vmPFC,NA_score,82,0.035397823533728986,0.7522158275960122
r_amyg-ant_vmPFC_neg,neg,r_amyg-ant_vmPFC,NA_score_log,82,0.16502921310465063,0.13843591645274683
r_amyg-ant_vmPFC_neg,neg,r_amyg-ant_vmPFC,C5SPGP,130,0.029270945345787003,0.7409559736398755
r_amyg-ant_vmPFC_neg,neg,r_amyg-ant_vmPFC,C5SPGN,130,-0.1930231199610919,0.027786926123027952
r_amyg-ant_vmPFC_neg,neg,r_amyg-ant_vmPFC,C5SPGN_log,130,-0.18799724289685332,0.03219888785592411
r_amyg-ant_vmPFC_neu,neu,r_amyg-ant_vmPFC,PA_score,82,-0.09116390159795967,0.4153305377668854
r_amyg-ant_vmPFC_neu,neu,r_amyg-ant_vmPFC,NA_score,82,0.11001815131976196,0.3251385289975473
r_amyg-ant_vmPFC_neu,neu,r_amyg-ant_vmPFC,NA_score_log,82,0.12252825170421772,0.2727965218960465
r_amyg-ant_vmPFC_neu,neu,r_amyg-ant_vmPFC,C5SPGP,130,0.10026591661438897,0.25636320315568867
r_amyg-ant_vmPFC_neu,neu,r_amyg-ant_vmPFC,C5SPGN,130,-0.05952623352172843,0.5011093118620782
r_amyg-ant_vmPFC_neu,neu,r_amyg-ant_vmPFC,C5SPGN_log,130,-0.06558150075995567,0.45849891173248103
r_amyg-ant_vmPFC_pos,pos,r_amyg-ant_vmPFC,PA_score,82,0.0018205763005536835,0.9870485589764578
r_amyg-ant_vmPFC_pos,pos,r_amyg-ant_vmPFC,NA_score,82,-0.0005222556120646205,0.996284566473355
r_amyg-ant_vmPFC_pos,pos,r_amyg-ant_vmPFC,NA_score_log,82,0.0736139964739618,0.5110124226090239
r_amyg-ant_vmPFC_pos,pos,r_amyg-ant_vmPFC,C5SPGP,130,-0.06366583044368146,0.47175790846371923
r_amyg-ant_vmPFC_pos,pos,r_amyg-ant_vmPFC,C5SPGN,130,-0.16702208191341722,0.05752291021599212
r_amyg-ant_vmPFC_pos,pos,r_amyg-ant_vmPFC,C5SPGN_log,130,-0.17490574674992104,0.04655329625834441
r_amyg-ant_vmPFC_neg_vs_neu,neg_vs_neu,r_amyg-ant_vmPFC,PA_score,82,0.09590483801165571,0.39138917269101586
r_amyg-ant_vmPFC_neg_vs_neu,neg_vs_neu,r_amyg-ant_vmPFC,NA_score,82,-0.08031771993295952,0.4731875534575539
r_amyg-ant_vmPFC_neg_vs_neu,neg_vs_neu,r_amyg-ant_vmPFC,NA_score_log,82,0.03626514775936138,0.7463470384303109
r_amyg-ant_vmPFC_neg_vs_neu,neg_vs_neu,r_amyg-ant_vmPFC,C5SPGP,130,-0.0799936009607259,0.36561938010954864
r_amyg-ant_vmPFC_neg_vs_neu,neg_vs_neu,r_amyg-ant_vmPFC,C5SPGN,130,-0.13516307072236458,0.12521257261294483
r_amyg-ant_vmPFC_neg_vs_neu,neg_vs_neu,r_amyg-ant_vmPFC,C5SPGN_log,130,-0.12326740494541544,0.16234586747932106
r_amyg-ant_vmPFC_neg_vs_pos,neg_vs_pos,r_amyg-ant_vmPFC,PA_score,82,-0.001697748172600294,0.987922281066149
r_amyg-ant_vmPFC_neg_vs_pos,neg_vs_pos,r_amyg-ant_vmPFC,NA_score,82,0.03211227266837405,0.7745727775940001
r_amyg-ant_vmPFC_neg_vs_pos,neg_vs_pos,r_amyg-ant_vmPFC,NA_score_log,82,0.07900320167221456,0.48048328924362627
r_amyg-ant_vmPFC_neg_vs_pos,neg_vs_pos,r_amyg-ant_vmPFC,C5SPGP,130,0.08670809830109508,0.32662971375177885
r_amyg-ant_vmPFC_neg_vs_pos,neg_vs_pos,r_amyg-ant_vmPFC,C5SPGN,130,-0.019814400516474588,0.8229448948996595
r_amyg-ant_vmPFC_neg_vs_pos,neg_vs_pos,r_amyg-ant_vmPFC,C5SPGN_log,130,-0.007793144074833218,0.9298777400767789
r_amyg-post_vmPFC_neg,neg,r_amyg-post_vmPFC,PA_score,82,0.012050465849028552,0.9144317819821653
r_amyg-post_vmPFC_neg,neg,r_amyg-post_vmPFC,NA_score,82,-0.11177373642197509,0.3174301599112299
r_amyg-post_vmPFC_neg,neg,r_amyg-post_vmPFC,NA_score_log,82,-0.013929917015030928,0.9011487968955457
r_amyg-post_vmPFC_neg,neg,r_amyg-post_vmPFC,C5SPGP,130,-0.03733021583043988,0.6732687057526081
r_amyg-post_vmPFC_neg,neg,r_amyg-post_vmPFC,C5SPGN,130,-0.2187327366476004,0.012412219445815525
r_amyg-post_vmPFC_neg,neg,r_amyg-post_vmPFC,C5SPGN_log,130,-0.22909522291288753,0.008746023996710072
r_amyg-post_vmPFC_neu,neu,r_amyg-post_vmPFC,PA_score,82,0.0733271608180182,0.5126647117524714
r_amyg-post_vmPFC_neu,neu,r_amyg-post_vmPFC,NA_score,82,-0.17911792712339805,0.10736902773788845
r_amyg-post_vmPFC_neu,neu,r_amyg-post_vmPFC,NA_score_log,82,-0.04920776473186628,0.660646581054284
r_amyg-post_vmPFC_neu,neu,r_amyg-post_vmPFC,C5SPGP,130,-0.03088214075095806,0.7272446852714697
r_amyg-post_vmPFC_neu,neu,r_amyg-post_vmPFC,C5SPGN,130,-0.07088518788457335,0.422889464830843
r_amyg-post_vmPFC_neu,neu,r_amyg-post_vmPFC,C5SPGN_log,130,-0.09293917557102649,0.2929310565821976
r_amyg-post_vmPFC_pos,pos,r_amyg-post_vmPFC,PA_score,82,-0.08183288801051672,0.46485292908893644
r_amyg-post_vmPFC_pos,pos,r_amyg-post_vmPFC,NA_score,82,0.020053329099843475,0.8580784057847208
r_amyg-post_vmPFC_pos,pos,r_amyg-post_vmPFC,NA_score_log,82,0.16772010267761134,0.13202992446922351
r_amyg-post_vmPFC_pos,pos,r_amyg-post_vmPFC,C5SPGP,130,-0.10849673808013811,0.21917070478999315
r_amyg-post_vmPFC_pos,pos,r_amyg-post_vmPFC,C5SPGN,130,-0.10436588144772187,0.2373281482974893
r_amyg-post_vmPFC_pos,pos,r_amyg-post_vmPFC,C5SPGN_log,130,-0.09203722953939539,0.2976606818435863
r_amyg-post_vmPFC_neg_vs_neu,neg_vs_neu,r_amyg-post_vmPFC,PA_score,82,-0.06344954880117529,0.5711826553043969
r_amyg-post_vmPFC_neg_vs_neu,neg_vs_neu,r_amyg-post_vmPFC,NA_score,82,0.05772889376664098,0.6064398273368652
r_amyg-post_vmPFC_neg_vs_neu,neg_vs_neu,r_amyg-post_vmPFC,NA_score_log,82,0.035676962177684846,0.7503254706807776
r_amyg-post_vmPFC_neg_vs_neu,neg_vs_neu,r_amyg-post_vmPFC,C5SPGP,130,-0.007539630101270425,0.9321533114308677
r_amyg-post_vmPFC_neg_vs_neu,neg_vs_neu,r_amyg-post_vmPFC,C5SPGN,130,-0.15805548876836056,0.07249267132961723
r_amyg-post_vmPFC_neg_vs_neu,neg_vs_neu,r_amyg-post_vmPFC,C5SPGN_log,130,-0.14620006829780124,0.09696103875635215
r_amyg-post_vmPFC_neg_vs_pos,neg_vs_pos,r_amyg-post_vmPFC,PA_score,82,0.09649181843605606,0.3884832761441639
r_amyg-post_vmPFC_neg_vs_pos,neg_vs_pos,r_amyg-post_vmPFC,NA_score,82,-0.1323764217067319,0.23580300879389438
r_amyg-post_vmPFC_neg_vs_pos,neg_vs_pos,r_amyg-post_vmPFC,NA_score_log,82,-0.1870050737754894,0.09251421967023522
r_amyg-post_vmPFC_neg_vs_pos,neg_vs_pos,r_amyg-post_vmPFC,C5SPGP,130,0.07762411719913778,0.38003674351654365
r_amyg-post_vmPFC_neg_vs_pos,neg_vs_pos,r_amyg-post_vmPFC,C5SPGN,130,-0.09018045364636304,0.3075551782509761
r_amyg-post_vmPFC_neg_vs_pos,neg_vs_pos,r_amyg-post_vmPFC,C5SPGN_log,130,-0.11216952134006605,0.2038741466505259
l_amyg_safety_vs_threat_neg,neg,l_amyg_safety_vs_threat,PA_score,82,0.07957341407473062,0.47731117782965093
l_amyg_safety_vs_threat_neg,neg,l_amyg_safety_vs_threat,NA_score,82,-0.04732130822895207,0.6729003380092703
l_amyg_safety_vs_threat_neg,neg,l_amyg_safety_vs_threat,NA_score_log,82,0.00044837863488794705,0.9968101394658593
l_amyg_safety_vs_threat_neg,neg,l_amyg_safety_vs_threat,C5SPGP,130,0.06940621905478737,0.43265500357164566
l_amyg_safety_vs_threat_neg,neg,l_amyg_safety_vs_threat,C5SPGN,130,-0.08299314387807323,0.3478596547954712
l_amyg_safety_vs_threat_neg,neg,l_amyg_safety_vs_threat,C5SPGN_log,130,-0.08133165984027577,0.3576289662802298
r_amyg_safety_vs_threat_neg,neg,r_amyg_safety_vs_threat,PA_score,82,-0.015070339231129763,0.8931018666101785
r_amyg_safety_vs_threat_neg,neg,r_amyg_safety_vs_threat,NA_score,82,0.18015619409315753,0.10531378765069717
r_amyg_safety_vs_threat_neg,neg,r_amyg_safety_vs_threat,NA_score_log,82,0.20590902812458806,0.06346755569823344
r_amyg_safety_vs_threat_neg,neg,r_amyg_safety_vs_threat,C5SPGP,130,0.07768103631537097,0.3796864165796755
r_amyg_safety_vs_threat_neg,neg,r_amyg_safety_vs_threat,C5SPGN,130,0.034784564812161564,0.6943981325842851
r_amyg_safety_vs_threat_neg,neg,r_amyg_safety_vs_threat,C5SPGN_log,130,0.05277375442590611,0.5509630198790161
l_amyg_safety_vs_threat_neu,neu,l_amyg_safety_vs_threat,PA_score,82,-0.01039299629317738,0.9261655261248376
l_amyg_safety_vs_threat_neu,neu,l_amyg_safety_vs_threat,NA_score,82,-0.10417673111331191,0.3516386144984378
l_amyg_safety_vs_threat_neu,neu,l_amyg_safety_vs_threat,NA_score_log,82,-0.09256494269025911,0.40816853291858246
l_amyg_safety_vs_threat_neu,neu,l_amyg_safety_vs_threat,C5SPGP,130,0.15572367495074851,0.0768631480538202
l_amyg_safety_vs_threat_neu,neu,l_amyg_safety_vs_threat,C5SPGN,130,-0.17002532439060736,0.05311686512944939
l_amyg_safety_vs_threat_neu,neu,l_amyg_safety_vs_threat,C5SPGN_log,130,-0.15062134799408863,0.08716716991075509
r_amyg_safety_vs_threat_neu,neu,r_amyg_safety_vs_threat,PA_score,82,-0.19371649202289953,0.08119281156161885
r_amyg_safety_vs_threat_neu,neu,r_amyg_safety_vs_threat,NA_score,82,0.3364730757587966,0.00199638853934004
r_amyg_safety_vs_threat_neu,neu,r_amyg_safety_vs_threat,NA_score_log,82,0.20444543915517077,0.06541328271165964
r_amyg_safety_vs_threat_neu,neu,r_amyg_safety_vs_threat,C5SPGP,130,0.1573651268667305,0.07376512906983536
r_amyg_safety_vs_threat_neu,neu,r_amyg_safety_vs_threat,C5SPGN,130,0.008834657290058882,0.9205351368828952
r_amyg_safety_vs_threat_neu,neu,r_amyg_safety_vs_threat,C5SPGN_log,130,0.02674608947035781,0.7626054869324005
l_amyg_safety_vs_threat_pos,pos,l_amyg_safety_vs_threat,PA_score,82,-0.025317025968008604,0.8213786959564087
l_amyg_safety_vs_threat_pos,pos,l_amyg_safety_vs_threat,NA_score,82,-0.05592626354360812,0.6177441650165726
l_amyg_safety_vs_threat_pos,pos,l_amyg_safety_vs_threat,NA_score_log,82,-0.08523500285027842,0.4464339088052872
l_amyg_safety_vs_threat_pos,pos,l_amyg_safety_vs_threat,C5SPGP,130,-0.029582044418418628,0.7383020216140056
l_amyg_safety_vs_threat_pos,pos,l_amyg_safety_vs_threat,C5SPGN,130,-0.077886119545131,0.3784257942367456
l_amyg_safety_vs_threat_pos,pos,l_amyg_safety_vs_threat,C5SPGN_log,130,-0.08127078108904719,0.3579901365650709
r_amyg_safety_vs_threat_pos,pos,r_amyg_safety_vs_threat,PA_score,82,0.12945557272361397,0.24639147456955812
r_amyg_safety_vs_threat_pos,pos,r_amyg_safety_vs_threat,NA_score,82,-0.03183200357376847,0.776488710858259
r_amyg_safety_vs_threat_pos,pos,r_amyg_safety_vs_threat,NA_score_log,82,-0.15494441039909573,0.1645436461125759
r_amyg_safety_vs_threat_pos,pos,r_amyg_safety_vs_threat,C5SPGP,130,0.07358955963907342,0.4053664163827487
r_amyg_safety_vs_threat_pos,pos,r_amyg_safety_vs_threat,C5SPGN,130,-0.06104644611340994,0.4902205939574448
r_amyg_safety_vs_threat_pos,pos,r_amyg_safety_vs_threat,C5SPGN_log,130,-0.08825028396891205,0.3180662713669742
l_amyg_safety_vs_threat_neg_vs_neu,neu,l_amyg_safety_vs_threat_neg_vs,PA_score,82,0.06790508620906291,0.5444038559712083
l_amyg_safety_vs_threat_neg_vs_neu,neu,l_amyg_safety_vs_threat_neg_vs,NA_score,82,0.05111821510382017,0.6483272942263706
l_amyg_safety_vs_threat_neg_vs_neu,neu,l_amyg_safety_vs_threat_neg_vs,NA_score_log,82,0.07708240747675724,0.49125115730464325
l_amyg_safety_vs_threat_neg_vs_neu,neu,l_amyg_safety_vs_threat_neg_vs,C5SPGP,130,-0.08609129978370639,0.3300957247235779
l_amyg_safety_vs_threat_neg_vs_neu,neu,l_amyg_safety_vs_threat_neg_vs,C5SPGN,130,0.08812991057048811,0.31872940187023563
l_amyg_safety_vs_threat_neg_vs_neu,neu,l_amyg_safety_vs_threat_neg_vs,C5SPGN_log,130,0.071718163902803,0.41744600721380526
r_amyg_safety_vs_threat_neg_vs_neu,neu,r_amyg_safety_vs_threat_neg_vs,PA_score,82,0.15686708711361258,0.15930450322469328
r_amyg_safety_vs_threat_neg_vs_neu,neu,r_amyg_safety_vs_threat_neg_vs,NA_score,82,-0.1356883219817342,0.22418401309942568
r_amyg_safety_vs_threat_neg_vs_neu,neu,r_amyg_safety_vs_threat_neg_vs,NA_score_log,82,0.003224557092533751,0.9770628587097115
r_amyg_safety_vs_threat_neg_vs_neu,neu,r_amyg_safety_vs_threat_neg_vs,C5SPGP,130,-0.06873324988784148,0.4371409305988418
r_amyg_safety_vs_threat_neg_vs_neu,neu,r_amyg_safety_vs_threat_neg_vs,C5SPGN,130,0.022175001258671143,0.802260406989592
r_amyg_safety_vs_threat_neg_vs_neu,neu,r_amyg_safety_vs_threat_neg_vs,C5SPGN_log,130,0.02217933531496359,0.802222551278519
l_amyg_safety_vs_threat_neg_vs_pos,pos,l_amyg_safety_vs_threat_neg_vs,PA_score,82,0.08588041302127994,0.44298626013637266
l_amyg_safety_vs_threat_neg_vs_pos,pos,l_amyg_safety_vs_threat_neg_vs,NA_score,82,0.012901825531693507,0.9084116863176411
l_amyg_safety_vs_threat_neg_vs_pos,pos,l_amyg_safety_vs_threat_neg_vs,NA_score_log,82,0.07717497356602561,0.4907293374041476
l_amyg_safety_vs_threat_neg_vs_pos,pos,l_amyg_safety_vs_threat_neg_vs,C5SPGP,130,0.08864497048620673,0.31589823598870004
l_amyg_safety_vs_threat_neg_vs_pos,pos,l_amyg_safety_vs_threat_neg_vs,C5SPGN,130,0.006414747511745478,0.9422567492919597
l_amyg_safety_vs_threat_neg_vs_pos,pos,l_amyg_safety_vs_threat_neg_vs,C5SPGN_log,130,0.011193289703436485,0.899419668770095
r_amyg_safety_vs_threat_neg_vs_pos,pos,r_amyg_safety_vs_threat_neg_vs,PA_score,82,-0.10027464172024245,0.3700671690336789
r_amyg_safety_vs_threat_neg_vs_pos,pos,r_amyg_safety_vs_threat_neg_vs,NA_score,82,0.16863330923773573,0.12990793321968847
r_amyg_safety_vs_threat_neg_vs_pos,pos,r_amyg_safety_vs_threat_neg_vs,NA_score_log,82,0.2733136362620673,0.012974631241617176
r_amyg_safety_vs_threat_neg_vs_pos,pos,r_amyg_safety_vs_threat_neg_vs,C5SPGP,130,0.006519194449522141,0.9413182191580327
r_amyg_safety_vs_threat_neg_vs_pos,pos,r_amyg_safety_vs_threat_neg_vs,C5SPGN,130,0.07749675823396611,0.3808213259076371
r_amyg_safety_vs_threat_neg_vs_pos,pos,r_amyg_safety_vs_threat_neg_vs,C5SPGN_log,130,0.11411030801626215,0.19610834294308693
